timestamp,system_id,ambient_temperature_c,humidity_percent,wind_speed_m_s,cloud_cover_percent,global_irradiance_w_m2,hour,day,month,day_of_week,is_weekend,hour_sin,hour_cos,ambient_temperature_c_lag1,ambient_temperature_c_lag3,ambient_temperature_c_rolling_mean3,ambient_temperature_c_rolling_std3,humidity_percent_lag1,humidity_percent_lag3,humidity_percent_rolling_mean3,humidity_percent_rolling_std3,wind_speed_m_s_lag1,wind_speed_m_s_lag3,wind_speed_m_s_rolling_mean3,wind_speed_m_s_rolling_std3,cloud_cover_percent_lag1,cloud_cover_percent_lag3,cloud_cover_percent_rolling_mean3,cloud_cover_percent_rolling_std3,global_irradiance_w_m2_lag1,global_irradiance_w_m2_lag3,global_irradiance_w_m2_rolling_mean3,global_irradiance_w_m2_rolling_std3
2026-07-01 00:00:00,weather_station_1,26.07,71.95,5.08,74.17,8.6,0,1,7,2,0,0.0,1.0,26.07,26.07,25.433333333333334,0.8185556385080562,71.95,71.95,70.39,3.482714458579683,5.08,5.08,3.283333333333333,1.6297954881927161,74.17,74.17,52.843333333333334,18.92774770894132,8.6,8.6,2.8666666666666667,4.965212315030781
2026-07-01 00:15:00,weather_station_1,25.72,66.4,2.87,46.32,0.0,0,1,7,2,0,0.0,1.0,26.07,26.07,25.433333333333334,0.8185556385080562,71.95,71.95,70.39,3.482714458579683,5.08,5.08,3.283333333333333,1.6297954881927161,74.17,74.17,52.843333333333334,18.92774770894132,8.6,8.6,2.8666666666666667,4.965212315030781
2026-07-01 00:30:00,weather_station_1,24.51,72.82,1.9,38.04,0.0,0,1,7,2,0,0.0,1.0,25.72,26.07,25.433333333333334,0.8185556385080562,66.4,71.95,70.39,3.482714458579683,2.87,5.08,3.283333333333333,1.6297954881927161,46.32,74.17,52.843333333333334,18.92774770894132,0.0,8.6,2.8666666666666667,4.965212315030781
2026-07-01 00:45:00,weather_station_1,25.17,66.04,5.22,54.99,0.0,0,1,7,2,0,0.0,1.0,24.51,26.07,25.133333333333336,0.6058327602014703,72.82,71.95,68.42,3.8147608050833215,1.9,5.08,3.33,1.7071320979935911,38.04,74.17,46.449999999999996,8.475747754623193,0.0,8.6,0.0,0.0
2026-07-01 01:00:00,weather_station_1,23.84,67.33,6.21,24.16,49.88,1,1,7,2,0,0.25881904510252074,0.9659258262890683,25.17,25.72,24.50666666666667,0.6650062656346458,66.04,66.4,68.73,3.600291654852419,5.22,2.87,4.443333333333333,2.2575281467422137,54.99,46.32,39.06333333333334,15.44045444063527,0.0,0.0,16.62666666666667,28.798231427178532
2026-07-01 01:15:00,weather_station_1,24.47,72.99,1.78,19.35,11.99,1,1,7,2,0,0.25881904510252074,0.9659258262890683,23.84,24.51,24.49333333333333,0.6653069467045547,67.33,72.82,68.78666666666668,3.696895093633756,6.21,1.9,4.403333333333333,2.325173828627299,24.16,38.04,32.833333333333336,19.33836687348064,49.88,0.0,20.623333333333335,26.036597960051026
2026-07-01 01:30:00,weather_station_1,25.99,65.8,1.94,74.69,34.3,1,1,7,2,0,0.25881904510252074,0.9659258262890683,24.47,25.17,24.766666666666666,1.1052752296750956,72.99,66.04,68.70666666666666,3.787536578481239,1.78,5.22,3.3100000000000005,2.512747500247488,19.35,54.99,39.4,30.656518067125624,11.99,0.0,32.056666666666665,19.044354369033705
2026-07-01 01:45:00,weather_station_1,25.49,66.62,2.83,11.42,14.98,1,1,7,2,0,0.25881904510252074,0.9659258262890683,25.99,23.84,25.316666666666663,0.7746827307571388,65.8,67.33,68.47000000000001,3.93584806617329,1.94,6.21,2.1833333333333336,0.5657148869645675,74.69,24.16,35.15333333333333,34.46856877407783,34.3,49.88,20.423333333333332,12.110178914175178
2026-07-01 02:00:00,weather_station_1,26.06,73.07,5.07,53.59,0.0,2,1,7,2,0,0.49999999999999994,0.8660254037844387,25.49,24.47,25.846666666666664,0.3108590248542601,66.62,72.99,68.49666666666667,3.981787705708748,2.83,1.78,3.28,1.6127926091100493,11.42,19.35,46.56666666666666,32.2144165449777,14.98,11.99,16.426666666666666,17.19570101314084
2026-07-01 02:15:00,weather_station_1,23.62,67.03,6.24,29.0,32.0,2,1,7,2,0,0.49999999999999994,0.8660254037844387,26.06,25.99,25.05666666666667,1.276414248327453,73.07,65.8,68.90666666666665,3.611375545873527,5.07,1.94,4.713333333333334,1.7327531080143337,53.59,74.69,31.336666666666662,21.181884555755037,0.0,34.3,15.660000000000002,16.010833832127535
2026-07-01 02:30:00,weather_station_1,26.64,70.11,3.07,48.49,38.64,2,1,7,2,0,0.49999999999999994,0.8660254037844387,23.62,25.49,25.439999999999998,1.6026228502052529,67.03,66.62,70.07,3.0201986689620273,6.24,2.83,4.793333333333334,1.603007589917569,29.0,11.42,43.69333333333333,12.977790001896832,32.0,14.98,23.546666666666667,20.660506608825767
2026-07-01 02:45:00,weather_station_1,23.78,64.77,5.97,72.48,80.93,2,1,7,2,0,0.49999999999999994,0.8660254037844387,26.64,26.06,24.679999999999996,1.6992939710362067,70.11,73.07,67.30333333333333,2.680472595146857,3.07,5.07,5.093333333333334,1.7574508053807174,48.49,53.59,49.99,21.778776365994485,38.64,0.0,50.52333333333333,26.541409784209534
2026-07-01 03:00:00,weather_station_1,25.11,69.75,2.82,63.77,32.33,3,1,7,2,0,0.7071067811865476,0.7071067811865476,23.78,23.62,25.176666666666666,1.4311650265896458,64.77,67.03,68.21,2.9845602691183846,5.97,6.24,3.9533333333333336,1.75095212194204,72.48,29.0,61.580000000000005,12.144014986815506,80.93,32.0,50.63333333333333,26.42669168347286
2026-07-01 03:15:00,weather_station_1,24.19,66.23,1.62,44.06,44.77,3,1,7,2,0,0.7071067811865476,0.7071067811865476,25.11,26.64,24.36,0.68110204815431,69.75,70.11,66.91666666666667,2.5600260415342087,2.82,3.07,3.47,2.246664193866097,63.77,48.49,60.10333333333333,14.56047503803818,32.33,38.64,52.67666666666667,25.24631722317799
2026-07-01 03:30:00,weather_station_1,25.9,71.5,2.92,47.31,113.85,3,1,7,2,0,0.7071067811865476,0.7071067811865476,24.19,23.78,25.066666666666666,0.8558231904624582,66.23,64.77,69.16000000000001,2.6840827110951806,1.62,5.97,2.4533333333333336,0.7234178138070242,44.06,72.48,51.71333333333334,10.567073073151962,44.77,80.93,63.65,43.917176594130005
2026-07-01 03:45:00,weather_station_1,24.52,70.42,3.59,61.12,122.45,3,1,7,2,0,0.7071067811865476,0.7071067811865476,25.9,25.11,24.87,0.9071383576941298,71.5,69.75,69.38333333333334,2.7837444806112135,2.92,2.82,2.7100000000000004,1.001648640991441,47.31,63.77,50.830000000000005,9.058349739328893,113.85,32.33,93.69,42.58362126451907
2026-07-01 04:00:00,weather_station_1,25.69,70.63,3.08,68.18,138.47,4,1,7,2,0,0.8660254037844386,0.5000000000000001,24.52,24.19,25.37,0.7435724578008645,70.42,66.23,70.85000000000001,0.5726255320889233,3.59,1.62,3.196666666666667,0.34990474894367085,61.12,44.06,58.870000000000005,10.615370930871876,122.45,44.77,124.92333333333333,12.49496431901006
2026-07-01 04:15:00,weather_station_1,26.44,66.78,2.33,27.69,172.64,4,1,7,2,0,0.8660254037844386,0.5000000000000001,25.69,25.9,25.55,0.9676259607927157,70.63,71.5,69.27666666666666,2.1647247708042214,3.08,2.92,3.0000000000000004,0.6337980750996332,68.18,47.31,52.330000000000005,21.62887190770707,138.47,113.85,144.51999999999998,25.636124902176622
2026-07-01 04:30:00,weather_station_1,26.35,68.25,4.66,43.01,186.87,4,1,7,2,0,0.8660254037844386,0.5000000000000001,26.44,24.52,26.16,0.4095119045889205,66.78,70.42,68.55333333333333,1.9428415615621786,2.33,3.59,3.3566666666666674,1.1893835938557977,27.69,61.12,46.29333333333333,20.443708893773007,172.64,122.45,165.99333333333334,24.875160971003453
2026-07-01 04:45:00,weather_station_1,25.71,62.95,3.75,44.24,180.02,4,1,7,2,0,0.8660254037844386,0.5000000000000001,26.35,25.69,26.166666666666668,0.3980368492154691,68.25,70.63,65.99333333333333,2.736171290934342,4.66,3.08,3.5800000000000005,1.1742657280190032,43.01,68.18,38.31333333333333,9.220609162812055,186.87,138.47,179.84333333333333,7.116644808709606
2026-07-01 05:00:00,weather_station_1,27.92,64.51,3.52,18.48,149.68,5,1,7,2,0,0.9659258262890683,0.25881904510252074,25.71,26.44,26.66,1.137145549171287,62.95,66.78,65.23666666666666,2.7236984659343784,3.75,2.33,3.976666666666667,0.602854321816915,44.24,27.69,35.24333333333333,14.530493224021464,180.02,172.64,172.19000000000003,19.792819405026652
2026-07-01 05:15:00,weather_station_1,25.69,69.27,3.06,53.08,153.39,5,1,7,2,0,0.9659258262890683,0.25881904510252074,27.92,26.35,26.44,1.2817566071606792,64.51,68.25,65.57666666666667,3.2922535341819077,3.52,4.66,3.443333333333334,0.35133080327994815,18.48,43.01,38.6,17.976295502689098,149.68,186.87,161.03,16.550108760971924
2026-07-01 05:30:00,weather_station_1,25.94,62.29,1.62,56.53,164.83,5,1,7,2,0,0.9659258262890683,0.25881904510252074,25.69,25.71,26.51666666666667,1.2217337407689914,69.27,62.95,65.35666666666667,3.566193114980354,3.06,3.75,2.7333333333333343,0.991228194379748,53.08,44.24,42.696666666666665,21.043070910238683,153.39,180.02,155.9666666666667,7.896836919509787
2026-07-01 05:45:00,weather_station_1,26.54,62.13,5.4,41.44,176.07,5,1,7,2,0,0.9659258262890683,0.25881904510252074,25.94,27.92,26.05666666666667,0.436844747402746,62.29,64.51,64.56333333333333,4.076877890412377,1.62,3.52,3.3600000000000008,1.9077735714701576,56.53,18.48,50.35,7.906750280614655,164.83,149.68,164.76333333333332,11.34014697141675
2026-07-01 06:00:00,weather_station_1,28.87,63.66,2.93,29.98,264.53,6,1,7,2,0,1.0,6.123233995736766e-17,26.54,25.69,27.11666666666667,1.5477833612406573,62.13,69.27,62.69333333333333,0.8409716602438463,5.4,3.06,3.3166666666666678,1.9194356809576438,41.44,53.08,42.65,13.3162945296355,176.07,153.39,201.80999999999997,54.60708012703109
2026-07-01 06:15:00,weather_station_1,29.11,65.67,2.62,39.05,212.89,6,1,7,2,0,1.0,6.123233995736766e-17,28.87,25.94,28.173333333333332,1.4195891424399825,63.66,62.29,63.82,1.7754154443397063,2.93,1.62,3.6500000000000004,1.523450031999737,29.98,56.53,36.82333333333333,6.045778141259736,264.53,164.83,217.83,44.436421998176144
2026-07-01 06:30:00,weather_station_1,26.28,61.85,6.38,53.86,238.09,6,1,7,2,0,1.0,6.123233995736766e-17,29.11,26.54,28.08666666666667,1.5692142407375347,65.67,62.13,63.72666666666666,1.9108724011124554,2.62,5.4,3.976666666666668,2.0871112412455,39.05,41.44,40.96333333333333,12.054427955458268,212.89,176.07,238.50333333333333,25.822481161447765
2026-07-01 06:45:00,weather_station_1,26.29,66.28,6.47,53.01,257.36,6,1,7,2,0,1.0,6.123233995736766e-17,26.28,28.87,27.226666666666663,1.6310221743843427,61.85,63.66,64.60000000000001,2.4010206163213104,6.38,2.93,5.156666666666667,2.19727861986898,53.86,29.98,48.63999999999999,8.316050745395922,238.09,264.53,236.11333333333334,22.300798939350265
2026-07-01 07:00:00,weather_station_1,27.79,59.99,5.23,13.85,303.29,7,1,7,2,0,0.9659258262890683,-0.25881904510252063,26.29,29.11,26.786666666666665,0.8689265408153934,66.28,65.67,62.706666666666656,3.2313206794332987,6.47,2.62,6.026666666666667,0.6913995468130774,53.01,39.05,40.24,22.858361708573963,257.36,212.89,266.24666666666667,33.496113704925854
2026-07-01 07:15:00,weather_station_1,27.06,61.1,2.33,43.78,339.25,7,1,7,2,0,0.9659258262890683,-0.25881904510252063,27.79,26.28,27.046666666666663,0.75008888362208,59.99,61.85,62.45666666666667,3.357295538574653,5.23,6.38,4.676666666666668,2.124743121728679,13.85,53.86,36.88,20.471538779486036,303.29,238.09,299.9666666666667,41.04602822848168
2026-07-01 07:30:00,weather_station_1,28.93,62.22,2.95,49.53,329.16,7,1,7,2,0,0.9659258262890683,-0.25881904510252063,27.06,26.29,27.926666666666666,0.9424613166244302,61.1,66.28,61.10333333333333,1.115003736914477,2.33,6.47,3.5033333333333343,1.527132388934678,43.78,53.01,35.72,19.15693869071989,339.25,257.36,323.90000000000003,18.548075371854
2026-07-01 07:45:00,weather_station_1,27.52,59.66,2.68,60.97,308.12,7,1,7,2,0,0.9659258262890683,-0.25881904510252063,28.93,27.79,27.836666666666662,0.9743886972525134,62.22,59.99,60.99333333333332,1.283329004321673,2.95,5.23,2.653333333333334,0.31085902485425526,49.53,13.85,51.42666666666667,8.750544744947774,329.16,303.29,325.51000000000005,15.882729614268985
2026-07-01 08:00:00,weather_station_1,28.78,62.99,4.03,43.23,311.39,8,1,7,2,0,0.8660254037844387,-0.4999999999999998,27.52,27.06,28.41,0.7744029958620642,59.66,61.1,61.62333333333333,1.7433397068079586,2.68,2.33,3.220000000000001,0.7143528539874422,60.97,43.78,51.24333333333334,8.993249320091886,308.12,339.25,316.2233333333333,11.322156743894393
2026-07-01 08:15:00,weather_station_1,27.48,57.87,6.23,24.84,344.64,8,1,7,2,0,0.8660254037844387,-0.4999999999999998,28.78,28.93,27.926666666666666,0.7392789279652519,62.99,62.22,60.173333333333325,2.598313555622814,4.03,2.95,4.313333333333335,1.7918798322804281,43.23,49.53,43.01333333333333,18.065974463984322,311.39,329.16,321.3833333333333,20.20711838272127
2026-07-01 08:30:00,weather_station_1,27.09,61.48,3.59,21.22,375.01,8,1,7,2,0,0.8660254037844387,-0.4999999999999998,27.48,27.52,27.783333333333335,0.884891707122089,57.87,59.66,60.779999999999994,2.630798357913417,6.23,2.68,4.616666666666668,1.4144021116123007,24.84,60.97,29.763333333333335,11.802094446890955,344.64,308.12,343.68,31.82086265329672
2026-07-01 08:45:00,weather_station_1,27.99,63.94,4.6,72.1,376.82,8,1,7,2,0,0.8660254037844387,-0.4999999999999998,27.09,28.78,27.52,0.4513313638559779,61.48,62.99,61.09666666666666,3.053102247441651,3.59,4.03,4.8066666666666675,1.3320785762609255,21.22,43.23,39.38666666666666,28.388337981173425,375.01,311.39,365.49,18.07929478713064
2026-07-01 09:00:00,weather_station_1,28.45,57.74,2.66,27.62,350.8,9,1,7,2,0,0.7071067811865476,-0.7071067811865475,27.99,27.48,27.843333333333334,0.6917610377387914,63.94,57.87,61.05333333333332,3.121943838914024,4.6,6.23,3.616666666666667,0.9702748751427791,72.1,24.84,40.31333333333333,27.713428754546655,376.82,344.64,367.54333333333335,14.528366506021989
2026-07-01 09:15:00,weather_station_1,30.43,62.05,2.68,37.7,406.57,9,1,7,2,0,0.7071067811865476,-0.7071067811865475,28.45,27.09,28.956666666666663,1.2965081308397248,57.74,61.48,61.24333333333333,3.177740287269121,2.66,3.59,3.3133333333333344,1.114330890415112,27.62,21.22,45.80666666666667,23.321795242505093,350.8,375.01,378.06333333333333,27.905781360379418
2026-07-01 09:30:00,weather_station_1,30.78,56.75,2.02,71.02,396.13,9,1,7,2,0,0.7071067811865476,-0.7071067811865475,30.43,27.99,29.886666666666667,1.2564367605787305,62.05,63.94,58.846666666666664,2.8179839128946753,2.68,4.6,2.4533333333333345,0.3754108860080354,37.7,72.1,45.446666666666665,22.713391057553103,406.57,376.82,384.5,29.6482023063788
2026-07-01 09:45:00,weather_station_1,29.8,59.97,3.88,69.97,433.9,9,1,7,2,0,0.7071067811865476,-0.7071067811865475,30.78,28.45,30.336666666666662,0.49662192192210014,56.75,57.74,59.589999999999996,2.6703557815392083,2.02,2.66,2.8600000000000008,0.9429740187301047,71.02,27.62,59.56333333333333,18.941479174904284,396.13,350.8,412.2,19.504253382274353
2026-07-01 10:00:00,weather_station_1,28.36,57.95,3.29,26.11,410.57,10,1,7,2,0,0.49999999999999994,-0.8660254037844387,29.8,30.43,29.646666666666665,1.2172646932091453,59.97,62.05,58.22333333333333,1.6273086164993946,3.88,2.68,3.0633333333333344,0.950491101133165,69.97,37.7,55.70000000000001,25.631069037400675,433.9,406.57,413.5333333333333,19.058573748664767
2026-07-01 10:15:00,weather_station_1,30.49,59.76,5.16,71.6,463.64,10,1,7,2,0,0.49999999999999994,-0.8660254037844387,28.36,30.78,29.55,1.0867842472175477,57.95,56.75,59.22666666666666,1.1106004382014312,3.29,2.02,4.11,0.955981171362701,26.11,71.02,55.89333333333334,25.805996073264307,410.57,396.13,436.03666666666663,26.599440470304774
2026-07-01 10:30:00,weather_station_1,27.55,59.11,2.07,33.5,459.48,10,1,7,2,0,0.49999999999999994,-0.8660254037844387,30.49,29.8,28.8,1.5185848675659042,59.76,59.97,58.94,0.9168969407735341,5.16,3.88,3.5066666666666677,1.5563525735942147,71.6,69.97,43.73666666666666,24.411616770163615,463.64,433.9,444.56333333333333,29.51247928136986
2026-07-01 10:45:00,weather_station_1,30.96,55.32,3.26,42.42,410.45,10,1,7,2,0,0.49999999999999994,-0.8660254037844387,27.55,28.36,29.666666666666668,1.848089103191064,59.11,57.95,58.06333333333333,2.397922712126719,2.07,3.29,3.4966666666666675,1.558535637492238,33.5,26.11,49.173333333333325,19.927572188636855,459.48,410.57,444.5233333333333,29.58158943216684
2026-07-01 11:00:00,weather_station_1,29.95,55.43,5.53,74.45,409.07,11,1,7,2,0,0.258819045102521,-0.9659258262890682,30.96,30.49,29.486666666666668,1.7515802389081523,55.32,59.76,56.62,2.1571045408138567,3.26,5.16,3.620000000000001,1.757868026900769,42.42,71.6,50.123333333333335,21.53442902269139,410.45,463.64,426.3333333333333,28.714146919824916
2026-07-01 11:15:00,weather_station_1,28.57,61.87,4.17,70.25,494.37,11,1,7,2,0,0.258819045102521,-0.9659258262890682,29.95,27.55,29.826666666666668,1.1997638656558907,55.43,59.11,57.53999999999999,3.7502933218616135,5.53,2.07,4.320000000000001,1.1424097338520895,74.45,33.5,62.373333333333335,17.407229341090808,409.07,459.48,437.9633333333333,48.85447915322901
2026-07-01 11:30:00,weather_station_1,29.5,62.2,4.58,22.91,437.57,11,1,7,2,0,0.258819045102521,-0.9659258262890682,28.57,30.96,29.34,0.7037755323966558,61.87,55.32,59.833333333333336,3.8169665093282292,4.17,3.26,4.760000000000001,0.6976388750635971,70.25,42.42,55.87,28.621341687628828,494.37,410.45,447.00333333333333,43.425376605543505
2026-07-01 11:45:00,weather_station_1,29.83,62.99,2.32,42.39,503.05,11,1,7,2,0,0.258819045102521,-0.9659258262890682,29.5,29.95,29.299999999999997,0.6533758489569336,62.2,55.43,62.353333333333325,0.5755287424043402,4.58,5.53,3.6900000000000013,1.2040348832155998,22.91,74.45,45.18333333333334,23.79329597456674,437.57,409.07,478.33,35.56499402502329
2026-07-01 12:00:00,weather_station_1,29.91,56.74,2.71,57.23,434.15,12,1,7,2,0,1.2246467991473532e-16,-1.0,29.83,28.57,29.74666666666667,0.2173323108365745,62.99,61.87,60.64333333333334,3.4033855693020474,2.32,4.17,3.2033333333333345,1.2080700862670746,42.39,70.25,40.843333333333334,17.212197225611085,503.05,494.37,458.25666666666666,38.82983560785808
2026-07-01 12:15:00,weather_station_1,28.03,61.34,1.74,28.32,418.87,12,1,7,2,0,1.2246467991473532e-16,-1.0,29.91,29.5,29.25666666666667,1.063077294148228,56.74,62.2,60.35666666666666,3.238955592985709,2.71,4.58,2.2566666666666677,0.48809152147249796,57.23,22.91,42.64666666666667,14.45670893852864,434.15,437.57,452.02333333333337,44.84596005587665
2026-07-01 12:30:00,weather_station_1,28.0,62.28,2.0,45.68,446.28,12,1,7,2,0,1.2246467991473532e-16,-1.0,28.03,29.83,28.646666666666665,1.0941815815181066,61.34,62.99,60.12,2.964658496353341,1.74,2.32,2.150000000000001,0.5020956084253324,28.32,42.39,43.74333333333333,14.551976956184813,418.87,503.05,433.09999999999997,13.735133781654783
2026-07-01 12:45:00,weather_station_1,29.77,56.88,5.22,65.62,485.79,12,1,7,2,0,1.2246467991473532e-16,-1.0,28.0,29.91,28.599999999999998,1.0133607452433346,62.28,56.74,60.166666666666664,2.8848801246036877,2.0,2.71,2.9866666666666677,1.9384873828151,45.68,57.23,46.54,18.66486538928156,446.28,434.15,450.31333333333333,33.641825653987375
2026-07-01 13:00:00,weather_station_1,28.56,60.15,6.34,52.98,426.28,13,1,7,2,0,-0.2588190451025208,-0.9659258262890683,29.77,28.03,28.776666666666667,0.9046730532813924,56.88,61.34,59.77,2.7199816175849474,5.22,1.74,4.5200000000000005,2.2530867715203513,65.62,28.32,54.76,10.088468664767724,485.79,418.87,452.7833333333333,30.28332929737554
2026-07-01 13:15:00,weather_station_1,30.6,60.44,6.09,24.7,471.56,13,1,7,2,0,-0.2588190451025208,-0.9659258262890683,28.56,28.0,29.643333333333334,1.025881734574488,60.15,62.28,59.15666666666666,1.9769758049438346,6.34,2.0,5.883333333333334,0.5879058881601124,52.98,45.68,47.76666666666666,20.952225021064802,426.28,446.28,461.21000000000004,31.075744560668966
2026-07-01 13:30:00,weather_station_1,27.95,63.28,6.02,54.01,486.47,13,1,7,2,0,-0.2588190451025208,-0.9659258262890683,30.6,29.77,29.036666666666665,1.3878160300751345,60.44,56.88,61.29,1.7294796905428356,6.09,5.22,6.150000000000001,0.16822603841259745,24.7,65.62,43.89666666666667,16.63277587576211,471.56,485.79,461.43666666666667,31.34597954017837
2026-07-01 13:45:00,weather_station_1,29.11,61.3,2.06,15.9,472.97,13,1,7,2,0,-0.2588190451025208,-0.9659258262890683,27.95,28.56,29.22,1.3284201142711551,63.28,60.15,61.673333333333325,1.4563424505704343,6.02,6.34,4.7233333333333345,2.3067798623477995,54.01,52.98,31.536666666666665,19.953647118592997,486.47,426.28,477.0,8.231506544973435
2026-07-01 14:00:00,weather_station_1,30.72,58.76,5.8,55.61,472.58,14,1,7,2,0,-0.4999999999999997,-0.8660254037844388,29.11,30.6,29.26,1.391078718117774,61.3,60.44,61.11333333333332,2.265774334158955,2.06,6.09,4.626666666666668,2.225518666139049,15.9,24.7,41.839999999999996,22.478939031902748,472.97,471.56,477.34,7.909216143205364
2026-07-01 14:15:00,weather_station_1,28.3,60.16,2.7,16.0,425.33,14,1,7,2,0,-0.4999999999999997,-0.8660254037844388,30.72,27.95,29.376666666666665,1.2318414400130933,58.76,63.28,60.07333333333332,1.2722159145889396,5.8,6.02,3.5200000000000014,2.0002999775033747,55.61,54.01,29.169999999999998,22.89776626660342,472.58,486.47,456.96000000000004,27.393077592704866
2026-07-01 14:30:00,weather_station_1,29.5,59.43,5.71,30.9,424.32,14,1,7,2,0,-0.4999999999999997,-0.8660254037844388,28.3,29.11,29.506666666666664,1.2100137740263714,60.16,61.3,59.44999999999999,0.7002142529254767,2.7,2.06,4.736666666666668,1.7643790220169056,16.0,15.9,34.169999999999995,20.00644146268899,425.33,472.97,440.74333333333334,27.575986534180224
2026-07-01 14:45:00,weather_station_1,30.55,61.05,1.89,16.95,358.77,14,1,7,2,0,-0.4999999999999997,-0.8660254037844388,29.5,30.72,29.45,1.1258330249198614,59.43,58.76,60.21333333333333,0.8113158037000049,5.71,5.8,3.433333333333335,2.0128172627770597,30.9,55.61,21.283333333333328,8.341812353040265,424.32,472.58,402.8066666666667,38.140215433755785
2026-07-01 15:00:00,weather_station_1,28.36,57.14,5.52,10.26,434.23,15,1,7,2,0,-0.7071067811865471,-0.7071067811865479,30.55,28.3,29.47,1.0953081758118162,61.05,60.16,59.20666666666667,1.9645440522760713,1.89,2.7,4.373333333333335,2.152726952805054,16.95,16.0,19.369999999999994,10.530655250268234,358.77,425.33,405.7733333333333,41.00654866400369
2026-07-01 15:15:00,weather_station_1,29.61,57.43,2.23,21.04,416.14,15,1,7,2,0,-0.7071067811865471,-0.7071067811865479,28.36,29.5,29.506666666666664,1.0986506875861612,57.14,59.43,58.53999999999999,2.178554566679452,5.52,5.71,3.2133333333333347,2.0048524467734117,10.26,30.9,16.08333333333333,5.4420063702035,434.23,424.32,403.0466666666667,39.39707391841815
2026-07-01 15:30:00,weather_station_1,27.02,61.9,2.96,15.22,350.96,15,1,7,2,0,-0.7071067811865471,-0.7071067811865479,29.61,30.55,28.330000000000002,1.295260591541371,57.43,61.05,58.82333333333332,2.668414010856123,2.23,1.89,3.5700000000000016,1.7277441940287348,21.04,16.95,15.506666666666662,5.3957143487526755,416.14,358.77,400.4433333333333,43.797970653139906
2026-07-01 15:45:00,weather_station_1,28.22,63.64,5.57,13.97,348.48,15,1,7,2,0,-0.7071067811865471,-0.7071067811865479,27.02,28.36,28.28333333333333,1.2961609982303248,61.9,57.14,60.98999999999999,3.203451263871537,2.96,5.52,3.5866666666666682,1.755970766651124,15.22,10.26,16.74333333333333,3.7731463440125705,350.96,434.23,371.85999999999996,38.36764782990977
2026-07-01 16:00:00,weather_station_1,30.02,58.96,2.01,57.62,341.83,16,1,7,2,0,-0.8660254037844385,-0.5000000000000004,28.22,29.61,28.42,1.5099668870541867,63.64,57.43,61.49999999999999,2.3655020608742245,5.57,2.23,3.513333333333335,1.8433755269432588,13.97,21.04,28.936666666666664,24.84835675318057,348.48,416.14,347.09,4.721048612330805
2026-07-01 16:15:00,weather_station_1,29.25,64.66,1.95,51.55,361.66,16,1,7,2,0,-0.8660254037844385,-0.5000000000000004,30.02,27.02,29.16333333333333,0.9031242070355059,58.96,61.9,62.419999999999995,3.039539438796655,2.01,2.96,3.176666666666668,2.0729045644537853,57.62,15.22,41.04666666666666,23.644674523734384,341.83,350.96,350.6566666666667,10.092602901795104
2026-07-01 16:30:00,weather_station_1,26.62,63.95,5.81,47.35,290.07,16,1,7,2,0,-0.8660254037844385,-0.5000000000000004,29.25,28.22,28.63,1.7827787299606555,64.66,63.64,62.52333333333333,3.1062893190000245,1.95,5.57,3.256666666666668,2.21145502629679,51.55,13.97,52.173333333333325,5.163296750462157,361.66,348.48,331.18666666666667,36.96271680130308
2026-07-01 16:45:00,weather_station_1,29.56,63.67,2.52,10.94,327.58,16,1,7,2,0,-0.8660254037844385,-0.5000000000000004,26.62,30.02,28.47666666666667,1.6153740536895616,63.95,58.96,64.09333333333332,0.5103266927506374,5.81,2.01,3.426666666666668,2.0836106482098176,47.35,57.62,36.61333333333333,22.33271218041675,290.07,341.83,326.43666666666667,35.808692147764006
2026-07-01 17:00:00,weather_station_1,29.09,64.72,6.45,43.72,307.4,17,1,7,2,0,-0.9659258262890683,-0.25881904510252063,29.56,29.25,28.423333333333336,1.5793141971543985,63.67,64.66,64.11333333333333,0.543721742561219,2.52,1.95,4.9266666666666685,2.1086567604362108,10.94,51.55,34.00333333333333,20.055728192547257,327.58,361.66,308.34999999999997,18.773036515172787
2026-07-01 17:15:00,weather_station_1,28.82,65.86,4.67,73.63,314.65,17,1,7,2,0,-0.9659258262890683,-0.25881904510252063,29.09,26.62,29.156666666666666,0.37447741364935594,64.72,63.95,64.75,1.0953081758119647,6.45,5.81,4.546666666666669,1.9679007427544044,43.72,47.35,42.76333333333333,31.355947335925507,307.4,290.07,316.54333333333335,10.222359479755115
2026-07-01 17:30:00,weather_station_1,28.21,67.39,2.79,53.16,288.87,17,1,7,2,0,-0.9659258262890683,-0.25881904510252063,28.82,29.56,28.706666666666667,0.4508140784552628,65.86,63.67,65.99,1.3397387805093297,4.67,2.52,4.636666666666669,1.8302276725405875,73.63,10.94,56.836666666666666,15.290207105638967,314.65,327.58,303.64,13.294935125829463
2026-07-01 17:45:00,weather_station_1,27.47,64.05,4.73,13.24,284.87,17,1,7,2,0,-0.9659258262890683,-0.25881904510252063,28.21,29.09,28.166666666666668,0.6760424049816811,67.39,64.72,65.76666666666665,1.6719549435717327,2.79,6.45,4.063333333333335,1.1031470134725183,53.16,43.72,46.67666666666667,30.712590794873247,288.87,307.4,296.13,16.16300714594964
2026-07-01 18:00:00,weather_station_1,27.86,62.32,2.66,53.22,205.14,18,1,7,2,0,-1.0,-1.8369701987210297e-16,27.47,28.82,27.846666666666664,0.37018013633011354,64.05,65.86,64.58666666666666,2.5772530596225667,4.73,4.67,3.3933333333333358,1.1594107698884535,13.24,73.63,39.873333333333335,23.065162764076337,284.87,314.65,259.62666666666667,47.22920318334175
2026-07-01 18:15:00,weather_station_1,26.97,63.67,4.23,11.75,250.58,18,1,7,2,0,-1.0,-1.8369701987210297e-16,27.86,28.21,27.433333333333334,0.4461315202194742,62.32,67.39,63.34666666666666,0.9091937820584782,2.66,2.79,3.8733333333333353,1.0801080192894303,53.22,53.16,26.070000000000004,23.524389471355068,205.14,288.87,246.86333333333334,39.99473006951525
2026-07-01 18:30:00,weather_station_1,25.3,61.26,4.44,20.32,213.96,18,1,7,2,0,-1.0,-1.8369701987210297e-16,26.97,27.47,26.709999999999997,1.2996538000559728,63.67,64.05,62.41666666666666,1.207904521613251,4.23,4.73,3.7766666666666686,0.9727452561350975,11.75,13.24,28.430000000000003,21.892220079288464,250.58,284.87,223.2266666666667,24.095678727386034
2026-07-01 18:45:00,weather_station_1,27.48,63.56,3.58,55.33,193.62,18,1,7,2,0,-1.0,-1.8369701987210297e-16,25.3,27.86,26.583333333333332,1.1402777439436633,61.26,62.32,62.82999999999999,1.360771839802851,4.44,2.66,4.083333333333336,0.44836740886613996,20.32,53.22,29.133333333333336,23.08809722201754,213.96,205.14,219.38666666666668,28.865150845498906
2026-07-01 19:00:00,weather_station_1,26.25,68.93,5.67,57.19,161.51,19,1,7,2,0,-0.9659258262890684,0.2588190451025203,27.48,26.97,26.343333333333334,1.092992833157303,63.56,63.67,64.58333333333333,3.9360682582157933,3.58,4.23,4.563333333333335,1.0504443504219232,55.33,11.75,44.28,20.77079921428156,193.62,250.58,189.69666666666663,26.444187136938577
2026-07-01 19:15:00,weather_station_1,26.9,64.91,5.28,17.28,168.8,19,1,7,2,0,-0.9659258262890684,0.2588190451025203,26.25,25.3,26.876666666666665,0.615331888766769,68.93,61.26,65.8,2.793438741050291,5.67,4.44,4.843333333333335,1.1113205358191383,57.19,20.32,43.26666666666667,22.524320929460515,161.51,213.96,174.64333333333335,16.833639931204377
2026-07-01 19:30:00,weather_station_1,27.19,68.63,4.68,34.24,149.45,19,1,7,2,0,-0.9659258262890684,0.2588190451025203,26.9,27.48,26.78,0.4813522618622841,64.91,63.56,67.49,2.2393749127827447,5.28,3.58,5.210000000000002,0.49869830559167005,17.28,55.33,36.236666666666665,20.029778664112435,168.8,193.62,159.92,9.772497122031606
2026-07-01 19:45:00,weather_station_1,27.54,69.69,4.83,26.85,146.03,19,1,7,2,0,-0.9659258262890684,0.2588190451025203,27.19,26.25,27.209999999999997,0.3204684071792117,68.63,68.93,67.74333333333333,2.5103253441205706,4.68,5.67,4.9300000000000015,0.3122498999199246,34.24,57.19,26.123333333333335,8.503318959872965,149.45,161.51,154.76,12.278652206171484
2026-07-01 20:00:00,weather_station_1,27.73,67.49,2.26,19.06,91.42,20,1,7,2,0,-0.8660254037844386,0.5000000000000001,27.54,26.9,27.486666666666668,0.27392213005404,69.69,64.91,68.60333333333331,1.1002423975352484,4.83,5.28,3.923333333333335,1.4424400623018407,26.85,17.28,26.71666666666667,7.5908782978872065,146.03,168.8,128.96666666666667,32.56129962598961
2026-07-01 20:15:00,weather_station_1,26.69,64.76,5.97,63.86,115.78,20,1,7,2,0,-0.8660254037844386,0.5000000000000001,27.73,27.19,27.320000000000004,0.5538050198400073,67.49,68.63,67.31333333333332,2.4697435764333986,2.26,4.68,4.353333333333335,1.9003771555492182,19.06,34.24,36.59,23.93555305398228,91.42,149.45,117.74333333333334,27.357887954545745
2026-07-01 20:30:00,weather_station_1,25.5,66.95,5.79,17.03,123.23,20,1,7,2,0,-0.8660254037844386,0.5000000000000001,26.69,27.54,26.64,1.1158404903927441,64.76,69.69,66.39999999999999,1.4457178147898249,5.97,4.83,4.673333333333335,2.091944868617081,63.86,26.85,33.31666666666667,26.470769413323335,115.78,146.03,110.14333333333333,16.63724837025295
2026-07-01 20:45:00,weather_station_1,25.25,64.4,1.8,11.37,98.79,20,1,7,2,0,-0.8660254037844386,0.5000000000000001,25.5,27.73,25.813333333333333,0.7694370236303734,66.95,67.49,65.36999999999999,1.3801086913720204,5.79,2.26,4.520000000000002,2.357307786437741,17.03,19.06,30.753333333333334,28.810543787532623,123.23,91.42,112.60000000000001,12.526479952490622
2026-07-01 21:00:00,weather_station_1,25.45,64.6,2.98,66.13,84.83,21,1,7,2,0,-0.7071067811865477,0.7071067811865474,25.25,26.69,25.400000000000002,0.13228756555244403,64.4,64.76,65.31666666666666,1.4180385514272609,1.8,5.97,3.523333333333335,2.049739820887846,11.37,63.86,31.51,30.11506599693916,98.79,115.78,102.28333333333335,19.436885895983714
2026-07-01 21:15:00,weather_station_1,24.98,65.52,6.23,15.12,18.73,21,1,7,2,0,-0.7071067811865477,0.7071067811865474,25.45,25.5,25.22666666666667,0.23586719427065003,64.6,66.95,64.83999999999999,0.5973273809231713,2.98,5.79,3.6700000000000017,2.2941883096206395,66.13,17.03,30.873333333333335,30.590685401496557,84.83,123.23,67.45,42.766215638049886
2026-07-01 21:30:00,weather_station_1,24.21,71.29,5.57,49.59,58.98,21,1,7,2,0,-0.7071067811865477,0.7071067811865474,24.98,25.25,24.88,0.6260191690353764,65.52,64.4,67.13666666666666,3.6261871619283754,6.23,1.8,4.9266666666666685,1.7178571923571926,15.12,11.37,43.61333333333334,26.024900255972803,18.73,98.79,54.18,33.3103962750399
2026-07-01 21:45:00,weather_station_1,26.79,72.72,4.15,69.69,46.28,21,1,7,2,0,-0.7071067811865477,0.7071067811865474,24.21,25.45,25.326666666666668,1.3244747386542017,71.29,64.6,69.84333333333332,3.811775614242588,5.57,2.98,5.316666666666669,1.0628891444235071,49.59,66.13,44.800000000000004,27.598538004756698,58.98,84.83,41.33,20.576503590265318
2026-07-01 22:00:00,weather_station_1,23.5,69.92,3.58,31.44,45.48,22,1,7,2,0,-0.5000000000000004,0.8660254037844384,26.79,24.98,24.833333333333332,1.7313097161782092,72.72,65.52,71.30999999999999,1.400107138758062,4.15,6.23,4.4333333333333345,1.0248089252798964,69.69,15.12,50.24,19.133282520257705,46.28,18.73,50.24666666666666,7.573858549875911
2026-07-01 22:15:00,weather_station_1,25.92,70.45,4.82,28.54,57.06,22,1,7,2,0,-0.5000000000000004,0.8660254037844384,23.5,24.21,25.403333333333336,1.7047678238789952,69.92,71.29,71.02999999999999,1.4873802472808524,3.58,5.57,4.183333333333335,0.6206716791777575,31.44,49.59,43.22333333333333,22.966624334745696,45.48,58.98,49.60666666666666,6.467158056946571
2026-07-01 22:30:00,weather_station_1,25.5,66.57,1.77,38.17,0.0,22,1,7,2,0,-0.5000000000000004,0.8660254037844384,25.92,26.79,24.973333333333333,1.2931099463437319,70.45,72.72,68.97999999999998,2.1038773728525717,4.82,4.15,3.390000000000002,1.533851361768801,28.54,69.69,32.71666666666667,4.940307008004105,57.06,46.28,34.18,30.161704195887317
2026-07-01 22:45:00,weather_station_1,25.78,69.24,4.15,42.73,55.38,22,1,7,2,0,-0.5000000000000004,0.8660254037844384,25.5,23.5,25.733333333333334,0.21385353243085417,66.57,69.92,68.75333333333332,1.9852539719981273,1.77,3.58,3.580000000000002,1.6029036153181528,38.17,31.44,36.48,7.2443840317863275,0.0,45.48,37.48,32.469499534181374
2026-07-01 23:00:00,weather_station_1,26.3,69.33,6.36,16.5,0.0,23,1,7,2,0,-0.25881904510252157,0.9659258262890681,25.78,25.92,25.86,0.405955662603482,69.24,70.45,68.37999999999998,1.5681517783687104,4.15,4.82,4.093333333333335,2.2955246313932984,42.73,28.54,32.46666666666667,14.014251080001898,55.38,57.06,18.46,31.97365790772488
2026-07-01 23:15:00,weather_station_1,26.64,71.14,5.8,16.26,10.84,23,1,7,2,0,-0.25881904510252157,0.9659258262890681,26.3,25.5,26.24,0.43312815655399933,69.33,66.57,69.90333333333332,1.0719297240651835,6.36,1.77,5.436666666666668,1.1489270356873567,16.5,38.17,25.16333333333333,15.213652859630228,0.0,0.0,22.073333333333334,29.349223726251243
2026-07-01 23:30:00,weather_station_1,24.09,71.58,5.95,26.46,0.0,23,1,7,2,0,-0.25881904510252157,0.9659258262890681,26.64,25.78,25.676666666666666,1.3845697285919374,71.14,69.24,70.68333333333332,1.1924903912965275,5.8,4.15,6.036666666666669,0.2898850346832962,16.26,42.73,19.74,5.820927761104945,10.84,55.38,3.6133333333333333,6.258476918033792
2026-07-01 23:45:00,weather_station_1,24.13,66.81,4.22,68.72,15.78,23,1,7,2,0,-0.25881904510252157,0.9659258262890681,24.09,26.3,24.953333333333333,1.4608330956454567,71.58,69.33,69.84333333333332,2.636139854661438,5.95,6.36,5.323333333333335,0.9584536156399724,26.46,16.5,37.14666666666667,27.814861734931092,0.0,0.0,8.873333333333333,8.071736698725871
