timestamp,system_id,state_of_charge_percent,battery_power_kw,voltage_v,current_a,temperature_c,mode,hour,day,month,day_of_week,is_weekend,hour_sin,hour_cos,state_of_charge_percent_lag1,state_of_charge_percent_lag3,state_of_charge_percent_rolling_mean3,state_of_charge_percent_rolling_std3,battery_power_kw_lag1,battery_power_kw_lag3,battery_power_kw_rolling_mean3,battery_power_kw_rolling_std3,voltage_v_lag1,voltage_v_lag3,voltage_v_rolling_mean3,voltage_v_rolling_std3,current_a_lag1,current_a_lag3,current_a_rolling_mean3,current_a_rolling_std3,temperature_c_lag1,temperature_c_lag3,temperature_c_rolling_mean3,temperature_c_rolling_std3
2026-07-01 00:00:00,battery_storage_1,0.01100000000000012,0.530597152893326,0.7466410748560506,0.5306374112344261,0.08499095840867898,charging,0,1,7,2,0,0.5,1.0,0.01100000000000012,0.01100000000000012,0.06571741511500573,0.8871287696805146,0.530597152893326,0.530597152893326,0.9267596785592753,0.3837534640726422,0.7466410748560506,0.7466410748560506,0.7243729552889917,0.6852821572073399,0.5306374112344261,0.5306374112344261,0.9267587826244017,0.3836890990022279,0.08499095840867898,0.08499095840867898,0.25358851674641336,0.5505562586822401
2026-07-01 00:15:00,battery_storage_1,0.09799999999999986,0.9036174277438838,1.0,0.9036441723008886,0.5786618444846283,charging,0,1,7,2,0,0.5,1.0,0.01100000000000012,0.01100000000000012,0.06571741511500573,0.8871287696805146,0.530597152893326,0.530597152893326,0.9267596785592753,0.3837534640726422,0.7466410748560506,0.7466410748560506,0.7243729552889917,0.6852821572073399,0.5306374112344261,0.5306374112344261,0.9267587826244017,0.3836890990022279,0.08499095840867898,0.08499095840867898,0.25358851674641336,0.5505562586822401
2026-07-01 00:30:00,battery_storage_1,0.1979999999999995,0.9646268564737783,0.3051823416506707,0.964621337755666,0.6075949367088604,charging,0,1,7,2,0,0.5,1.0,0.09799999999999986,0.01100000000000012,0.06571741511500573,0.8871287696805146,0.9036174277438838,0.530597152893326,0.9267596785592753,0.3837534640726422,1.0,0.7466410748560506,0.7243729552889917,0.6852821572073399,0.9036441723008886,0.5306374112344261,0.9267587826244017,0.3836890990022279,0.5786618444846283,0.08499095840867898,0.25358851674641336,0.5505562586822401
2026-07-01 00:45:00,battery_storage_1,0.20500000000000007,0.4917113452887164,0.9353806781829803,0.49168686482119317,0.052441229656419175,charging,0,1,7,2,0,0.5,1.0,0.1979999999999995,0.01100000000000012,0.13654618473895574,0.5222888208891141,0.9646268564737783,0.530597152893326,0.9102426511006987,0.42593987510886805,0.3051823416506707,0.7466410748560506,0.8047982551799464,0.7527516252983967,0.964621337755666,0.5306374112344261,0.9102140341370901,0.4259460204347728,0.6075949367088604,0.08499095840867898,0.23205741626794207,0.5874127615715419
2026-07-01 01:00:00,battery_storage_1,0.1280000000000001,0.062057065384852395,0.6775431861804222,0.062040226219330696,0.5207956600361658,discharging,1,1,7,2,0,0.6294095225512604,0.9829629131445342,0.20500000000000007,0.09799999999999986,0.1474990872581241,0.3353212663180203,0.4917113452887164,0.9036174277438838,0.5527838127895714,0.7937278849373005,0.9353806781829803,1.0,0.6673936750272702,0.6124473591966458,0.49168686482119317,0.9036441723008886,0.5527318703151811,0.7937100678037332,0.052441229656419175,0.5786618444846283,0.19377990430622205,0.5601812178969412
2026-07-01 01:15:00,battery_storage_1,0.15299999999999958,0.5798977013619278,0.21880998080614233,0.5799209082791172,0.5786618444846283,charging,1,1,7,2,0,0.6294095225512604,0.9829629131445342,0.1280000000000001,0.1979999999999995,0.13106973347937156,0.299631640582447,0.062057065384852395,0.9646268564737783,0.38936732717325856,0.4634510836855414,0.6775431861804222,0.3051823416506707,0.6305888767720944,0.7089795761809046,0.062040226219330696,0.964621337755666,0.3893253860742346,0.46344736757027327,0.5207956600361658,0.6075949367088604,0.17464114832536026,0.5404120299837655
2026-07-01 01:30:00,battery_storage_1,0.10799999999999965,0.2251186294447526,0.92642354446577,0.22515626993238935,0.3453887884267628,discharging,1,1,7,2,0,0.6294095225512604,0.9829629131445342,0.15299999999999958,0.20500000000000007,0.095655348667397,0.11855091271060789,0.5798977013619278,0.4917113452887164,0.2761301468471062,0.44019575953973594,0.21880998080614233,0.9353806781829803,0.6267720828789649,0.7006219416939408,0.5799209082791172,0.49168686482119317,0.2761130678226317,0.4401966124044908,0.5786618444846283,0.052441229656419175,0.36842105263158054,0.21233390257247128
2026-07-01 01:45:00,battery_storage_1,0.021999999999999353,0.015529672767609526,0.18937939859245034,0.0155632095930604,0.9276672694394215,discharging,1,1,7,2,0,0.6294095225512604,0.9829629131445342,0.10799999999999965,0.1280000000000001,0.056955093099671394,0.5948149001030572,0.2251186294447526,0.062057065384852395,0.2563673009973038,0.4790365856591173,0.92642354446577,0.6775431861804222,0.4187568157033894,0.8227334948138808,0.22515626993238935,0.062040226219330696,0.25637135374333964,0.4789970039623884,0.3453887884267628,0.5207956600361658,0.6375598086124405,0.5492213314604555
2026-07-01 02:00:00,battery_storage_1,0.0,0.3404819128612806,0.6928982725527817,0.34047710167113154,0.3182640144665463,discharging,2,1,7,2,0,0.75,0.9330127018922194,0.021999999999999353,0.15299999999999958,0.0010952902519170138,0.49215218290680157,0.015529672767609526,0.5798977013619278,0.1546737167238174,0.25076533263880446,0.18937939859245034,0.21880998080614233,0.6207742639040461,0.7377077789506564,0.0155632095930604,0.5799209082791172,0.15466449923236703,0.2507056810400767,0.9276672694394215,0.5786618444846283,0.4653110047846898,0.649802277415407
2026-07-01 02:15:00,battery_storage_1,0.10500000000000043,0.9914956553891663,0.14011516314779726,0.9914955138835735,0.8589511754068706,charging,2,1,7,2,0,0.75,0.9330127018922194,0.0,0.10799999999999965,0.0,0.4737726109316432,0.3404819128612806,0.2251186294447526,0.48019789021804554,0.8799296638550761,0.6928982725527817,0.92642354446577,0.2857142857142918,0.5896174534428648,0.34047710167113154,0.22515626993238935,0.48017700713447126,0.8798737315329324,0.3182640144665463,0.3453887884267628,0.8050239234449776,0.6291848307644928
2026-07-01 02:30:00,battery_storage_1,0.14900000000000002,0.6799778147531892,0.7799104286628307,0.6800187098694561,0.6799276672694381,charging,2,1,7,2,0,0.75,0.9330127018922194,0.10500000000000043,0.021999999999999353,0.046367287331142926,0.7029351919678781,0.9914956553891663,0.015529672767609526,0.7624270345260842,0.5554045428479516,0.14011516314779726,0.18937939859245034,0.5373500545256391,0.6756102631809454,0.9914955138835735,0.0155632095930604,0.7624130768536078,0.5553815975626679,0.8589511754068706,0.9276672694394215,0.6411483253588539,0.5146387291425775
2026-07-01 02:45:00,battery_storage_1,0.19399999999999906,0.6859555062550072,0.45809341010876636,0.6859718501509546,0.5370705244122957,charging,2,1,7,2,0,0.75,0.9330127018922194,0.14900000000000002,0.0,0.11719605695509383,0.3561141460757799,0.6799778147531892,0.3404819128612806,0.9091694369552128,0.27617333454524534,0.7799104286628307,0.6928982725527817,0.4372955288985949,0.6188747935415234,0.6800187098694561,0.34047710167113154,0.9091664408922604,0.2761134189456594,0.6799276672694381,0.3182640144665463,0.7858851674641159,0.29049315667729586
2026-07-01 03:00:00,battery_storage_1,0.2699999999999996,0.8488321932581502,0.5265515035188741,0.8488327592805204,0.7504520795660028,charging,3,1,7,2,0,0.8535533905932737,0.8535533905932737,0.19399999999999906,0.10500000000000043,0.1774370208105145,0.5363566917326423,0.6859555062550072,0.9914956553891663,0.8485721016674083,0.12023613722052096,0.45809341010876636,0.14011516314779726,0.6019629225736196,0.30414097267224527,0.6859718501509546,0.9914955138835735,0.8485685902646076,0.12017692676924004,0.5370705244122957,0.8589511754068706,0.7141148325358877,0.1872861400958968
2026-07-01 03:15:00,battery_storage_1,0.3470000000000004,0.8481543107167069,0.9910428662827897,0.8481524003912063,0.6329113924050631,charging,3,1,7,2,0,0.8535533905932737,0.8535533905932737,0.2699999999999996,0.14900000000000002,0.2497261774370214,0.7023696053967285,0.8488321932581502,0.6799778147531892,0.9200062822291442,0.1165106267899943,0.5265515035188741,0.7799104286628307,0.6919302071973945,0.5562169113129722,0.8488327592805204,0.6800187098694561,0.9199855504380022,0.1164642074679438,0.7504520795660028,0.6799276672694381,0.6830143540669855,0.183672661252338
2026-07-01 03:30:00,battery_storage_1,0.35999999999999943,0.5219695569113207,0.5527831094049844,0.5220053578262533,0.30560578661844495,charging,3,1,7,2,0,0.8535533905932737,0.8535533905932737,0.3470000000000004,0.19399999999999906,0.31033223804308196,0.4009551665699848,0.8481543107167069,0.6859555062550072,0.8503520665916288,0.29580054787391796,0.9910428662827897,0.45809341010876636,0.7322791712104788,0.49545053155014795,0.8481524003912063,0.6859718501509546,0.8503386616093199,0.29573255739289434,0.6329113924050631,0.5370705244122957,0.5299043062200983,0.4264434542288204
2026-07-01 03:45:00,battery_storage_1,0.30099999999999927,0.1498120416589635,0.8093410108765156,0.14984904537143345,0.37070524412296546,discharging,3,1,7,2,0,0.8535533905932737,0.8535533905932737,0.35999999999999943,0.2699999999999996,0.32165023731288755,0.21002570471441756,0.5219695569113207,0.8488321932581502,0.5534382116587702,0.600505276271093,0.5527831094049844,0.5265515035188741,0.8527808069792968,0.41018100662551793,0.5220053578262533,0.8488327592805204,0.5534362864625666,0.6004405981125859,0.30560578661844495,0.7504520795660028,0.2787081339712927,0.31402272742482995
2026-07-01 04:00:00,battery_storage_1,0.22799999999999887,0.0828249214272509,0.8477287268074178,0.08283369477399327,0.5171790235081364,discharging,4,1,7,2,0,0.9330127018922193,0.75,0.30099999999999927,0.3470000000000004,0.27820372398685667,0.5900849104468369,0.1498120416589635,0.8481543107167069,0.22835902939559716,0.386824592730763,0.8093410108765156,0.9910428662827897,0.7917121046892106,0.28494273083490024,0.14984904537143345,0.8481524003912063,0.22835726542039197,0.38681408579357557,0.37070524412296546,0.6329113924050631,0.2021531100478473,0.18659600641550572
2026-07-01 04:15:00,battery_storage_1,0.23000000000000043,0.4617612620940409,0.21689059500959473,0.4617935961219543,0.0,charging,4,1,7,2,0,0.9330127018922193,0.75,0.22799999999999887,0.35999999999999943,0.23074114640379673,0.32452129716586264,0.0828249214272509,0.5219695569113207,0.20278512158730982,0.3217735583177746,0.8477287268074178,0.5527831094049844,0.6485823336968437,0.6895258578067699,0.08283369477399327,0.5220053578262533,0.202781540684548,0.32176001007046356,0.5171790235081364,0.30560578661844495,0.0,0.49722519417534755
2026-07-01 04:30:00,battery_storage_1,0.3250000000000002,0.944845011400752,0.9328214971209192,0.9448484075349746,0.7179023508137421,charging,4,1,7,2,0,0.9330127018922193,0.75,0.23000000000000043,0.30099999999999927,0.23950346841913017,0.4744236171948382,0.4617612620940409,0.1498120416589635,0.5404811140486349,0.7569895010896819,0.21689059500959473,0.8093410108765156,0.7011995637949866,0.767902379584656,0.4617935961219543,0.14984904537143345,0.540467804569674,0.7569535515287003,0.0,0.37070524412296546,0.22966507177033435,0.7010826830086511
2026-07-01 04:45:00,battery_storage_1,0.31400000000000006,0.3990263141677452,0.5905310300703803,0.3990730110133095,0.2585895117540682,discharging,4,1,7,2,0,0.9330127018922193,0.75,0.3250000000000002,0.22799999999999887,0.27090178897407835,0.4368770056011749,0.944845011400752,0.0828249214272509,0.6747899379629871,0.504394369230737,0.9328214971209192,0.8477287268074178,0.5916030534351364,0.6987889874090317,0.9448484075349746,0.08283369477399327,0.6747945452903459,0.5043252094394431,0.7179023508137421,0.5171790235081364,0.058612440191389226,0.6877398945716625
2026-07-01 05:00:00,battery_storage_1,0.4209999999999994,1.0,0.3320537428023016,1.0,0.7160940325497283,charging,5,1,7,2,0,0.9829629131445342,0.6294095225512604,0.31400000000000006,0.23000000000000043,0.34063526834611224,0.5114727705673454,0.3990263141677452,0.4617612620940409,0.9034107269062638,0.5678841208487797,0.5905310300703803,0.21689059500959473,0.6406761177753637,0.5800632123041075,0.3990730110133095,0.4617935961219543,0.9034046780456967,0.5678062614578698,0.2585895117540682,0.0,0.532296650717706,0.49348653988656904
2026-07-01 05:15:00,battery_storage_1,0.4660000000000002,0.686017131940593,0.9993602047344865,0.6860143725815366,0.5750452079565997,charging,5,1,7,2,0,0.9829629131445342,0.6294095225512604,0.4209999999999994,0.3250000000000002,0.39211391018619945,0.7194496780519077,1.0,0.944845011400752,0.7934717168808731,0.5080256684692709,0.3320537428023016,0.9328214971209192,0.6690294438386104,0.6535462447647286,1.0,0.9448484075349746,0.7934615731960625,0.5079537434336013,0.7160940325497283,0.7179023508137421,0.43779904306220097,0.43384741104271235
2026-07-01 05:30:00,battery_storage_1,0.45699999999999985,0.4127072163677822,0.8694817658349336,0.4127227112301739,0.5135623869801078,discharging,5,1,7,2,0,0.9829629131445342,0.6294095225512604,0.4660000000000002,0.31400000000000006,0.4443227455275647,0.13224454272952296,0.686017131940593,0.3990263141677452,0.799282778839358,0.4953249595236346,0.9993602047344865,0.5905310300703803,0.7878953107960811,0.6898056192994908,0.6860143725815366,0.3990730110133095,0.7992594599476204,0.4952823140933934,0.5750452079565997,0.2585895117540682,0.6064593301435419,0.17771056070147295
2026-07-01 05:45:00,battery_storage_1,0.39400000000000013,0.13076970481296607,0.3768394113883531,0.13079899647063825,0.3562386980108494,discharging,5,1,7,2,0,0.9829629131445342,0.6294095225512604,0.45699999999999985,0.4209999999999994,0.4344651332603151,0.2990803497956873,0.4127072163677822,1.0,0.43007093683742104,0.4645596242505559,0.8694817658349336,0.3320537428023016,0.8069792802617286,0.636676258033751,0.4127227112301739,1.0,0.43005508895511607,0.46450090538497524,0.5135623869801078,0.7160940325497283,0.36842105263158054,0.19540014104075637
2026-07-01 06:00:00,battery_storage_1,0.36799999999999944,0.31946755407653915,0.21433141394753363,0.3195135433941404,0.518987341772152,discharging,6,1,7,2,0,1.0,0.5,0.39400000000000013,0.4660000000000002,0.39868565169770065,0.36978004746798493,0.13076970481296607,0.686017131940593,0.2743763578776535,0.21080749540428434,0.3768394113883531,0.9993602047344865,0.4724645583424305,0.6633675800023148,0.13079899647063825,0.6860143725815366,0.27437912038291346,0.2107716468952759,0.3562386980108494,0.5750452079565997,0.3313397129186608,0.15532458183154887
2026-07-01 06:15:00,battery_storage_1,0.44700000000000006,0.8582609231527701,0.13755598208572906,0.8583152613003359,0.7757685352622055,charging,6,1,7,2,0,1.0,0.5,0.36799999999999944,0.45699999999999985,0.3950346841913115,0.3102423967297362,0.31946755407653915,0.4127072163677822,0.4636285108499331,0.6537206959094018,0.21433141394753363,0.8694817658349336,0.1605779716466742,0.20502172402969898,0.3195135433941404,0.4127227112301739,0.46365032059965683,0.6537136192368856,0.518987341772152,0.5135623869801078,0.5047846889952172,0.3891285287486034
2026-07-01 06:30:00,battery_storage_1,0.4169999999999989,0.3040611326801011,0.03326935380678009,0.30407790109282645,0.22423146473779365,discharging,6,1,7,2,0,1.0,0.5,0.44700000000000006,0.39400000000000013,0.40343190945600504,0.30610177269553146,0.8582609231527701,0.13076970481296607,0.537235295657409,0.5364806295907307,0.13755598208572906,0.3768394113883531,0.014176663031626902,0.13951695862879537,0.8583152613003359,0.13079899647063825,0.5372527770251965,0.5364778875974993,0.7757685352622055,0.3562386980108494,0.4174641148325371,0.5157177039917029
2026-07-01 06:45:00,battery_storage_1,0.4140000000000006,0.43581684846243923,0.18106206014075354,0.43585491346685373,0.005424954792043302,discharging,6,1,7,2,0,1.0,0.5,0.4169999999999989,0.36799999999999944,0.4202263599853957,0.0720443272442581,0.3040611326801011,0.31946755407653915,0.5866554982592989,0.487080093025767,0.03326935380678009,0.21433141394753363,0.0,0.1082717705343141,0.30407790109282645,0.3195135433941404,0.5866702790571661,0.48708491181218594,0.22423146473779365,0.518987341772152,0.07775119617225101,0.7532597009503269
2026-07-01 07:00:00,battery_storage_1,0.516,0.9831145621495041,0.5860524632117787,0.9831611174894757,1.0,charging,7,1,7,2,0,0.9829629131445342,0.37059047744873974,0.4140000000000006,0.44700000000000006,0.4454180357794817,0.5026485569883785,0.43581684846243923,0.8582609231527701,0.6396879826191659,0.6207132665544132,0.18106206014075354,0.13755598208572906,0.1911123227917173,0.5483186434816774,0.43585491346685373,0.8583152613003359,0.6397001715885486,0.6207088768931454,0.005424954792043302,0.7757685352622055,0.22607655502392454,1.0
2026-07-01 07:15:00,battery_storage_1,0.4369999999999994,0.0452948789055278,0.9001919385796526,0.04528638856997069,0.7685352622061474,discharging,7,1,7,2,0,0.9829629131445342,0.37059047744873974,0.516,0.4169999999999989,0.45271997079226,0.4534979815993731,0.9831145621495041,0.3040611326801011,0.5297751485485431,0.8309033875062687,0.5860524632117787,0.03326935380678009,0.5605234460196371,0.7038967315080189,0.9831611174894757,0.30407790109282645,0.5297751286914115,0.8309242724951186,1.0,0.22423146473779365,0.586124401913878,0.9956768045061046
2026-07-01 07:30:00,battery_storage_1,0.5140000000000002,0.8504960867689655,0.07485604606526408,0.8505336565038057,0.6311030741410484,charging,7,1,7,2,0,0.9829629131445342,0.37059047744873974,0.4369999999999994,0.4140000000000006,0.4892296458561525,0.3619950012813916,0.0452948789055278,0.43581684846243923,0.7059131481820798,0.8998879084343465,0.9001919385796526,0.18106206014075354,0.5152671755725322,0.8212138626463801,0.04528638856997069,0.43585491346685373,0.7059152894427887,0.8999147088106175,0.7685352622061474,0.005424954792043302,1.0,0.3398872071137561
2026-07-01 07:45:00,battery_storage_1,0.6129999999999995,0.9663523756701795,0.009596928982723796,0.9663647574095335,0.8969258589511746,charging,7,1,7,2,0,0.9829629131445342,0.37059047744873974,0.5140000000000002,0.516,0.524644030668127,0.8292772945274318,0.8504960867689655,0.9831145621495041,0.6987932884851974,0.8888407604928198,0.07485604606526408,0.5860524632117787,0.2696292257361037,0.9883455863643015,0.8505336565038057,0.9831611174894757,0.6987808182064481,0.8888452615653029,0.6311030741410484,1.0,0.9318181818181834,0.23484545639849425
2026-07-01 08:00:00,battery_storage_1,0.6269999999999998,0.5235101990509645,0.3416506717850325,0.52353616532721,0.08318264014466514,charging,8,1,7,2,0,0.9330127018922194,0.2500000000000001,0.6129999999999995,0.4369999999999994,0.5940124132895219,0.5411166319170344,0.9663523756701795,0.0452948789055278,0.9019186974844906,0.37370224680993896,0.009596928982723796,0.9001919385796526,0.03162486368594131,0.31752541549606267,0.9663647574095335,0.04528638856997069,0.9019235979409375,0.3736669382282057,0.8969258589511746,0.7685352622061474,0.47846889952153226,0.7885503910496722
2026-07-01 08:15:00,battery_storage_1,0.6360000000000001,0.5032969741788378,0.9961612284069119,0.5032954883701152,0.38698010849909537,charging,8,1,7,2,0,0.9330127018922194,0.2500000000000001,0.6269999999999998,0.5140000000000002,0.6385542168674707,0.0,0.5235101990509645,0.8504960867689655,0.7544433683218594,0.43439381607365435,0.3416506717850325,0.07485604606526408,0.424209378407852,1.0000000000000002,0.52353616532721,0.8505336565038057,0.7544296938499051,0.434366630123768,0.08318264014466514,0.6311030741410484,0.31698564593301626,0.7812060971060554
2026-07-01 08:30:00,battery_storage_1,0.5640000000000001,0.08103777654526406,0.269993602047343,0.0810902751201259,0.5316455696202524,discharging,8,1,7,2,0,0.9330127018922194,0.2500000000000001,0.6360000000000001,0.6129999999999995,0.6206644760861622,0.29908034979563153,0.5032969741788378,0.9663523756701795,0.37839960212548746,0.41190744499737425,0.9961612284069119,0.009596928982723796,0.5351690294438498,0.7868964842939652,0.5032954883701152,0.9663647574095335,0.3783979048135104,0.41183620967681667,0.38698010849909537,0.8969258589511746,0.07535885167464151,0.42324300881078714
2026-07-01 08:45:00,battery_storage_1,0.4949999999999992,0.1003266161336045,0.6033269353806787,0.10031041374324956,0.8426763110307416,discharging,8,1,7,2,0,0.9330127018922194,0.2500000000000001,0.5640000000000001,0.6269999999999998,0.5724717050018251,0.6374975728839141,0.08103777654526406,0.5235101990509645,0.19864932073397368,0.3902953491813697,0.269993602047343,0.3416506717850325,0.6466739367502754,0.7101126045415371,0.0810902751201259,0.52353616532721,0.19862729161022313,0.3902430009549951,0.5316455696202524,0.08318264014466514,0.577751196172251,0.43102983336794815
2026-07-01 09:00:00,battery_storage_1,0.5119999999999996,0.543292044123991,0.41586692258476887,0.5432665731173194,0.4755877034358038,charging,9,1,7,2,0,0.8535533905932737,0.14644660940672627,0.4949999999999992,0.6360000000000001,0.5271997079226001,0.2635773422421704,0.1003266161336045,0.5032969741788378,0.21563751537837333,0.4339904648391511,0.6033269353806787,0.9961612284069119,0.3994002181025138,0.2990506486376284,0.10031041374324956,0.5032954883701152,0.21560552695746416,0.43391206786559633,0.8426763110307416,0.38698010849909537,0.6363636363636402,0.3621086343282069
2026-07-01 09:15:00,battery_storage_1,0.597999999999999,0.8956060886177359,0.6679462571976984,0.8956074329208656,0.5280289330922239,charging,9,1,7,2,0,0.8535533905932737,0.14644660940672627,0.5119999999999996,0.5640000000000001,0.5396129974443218,0.47207667505811174,0.543292044123991,0.08103777654526406,0.5616312855011386,0.693441743687076,0.41586692258476887,0.269993602047343,0.5689749182115591,0.2233538693601153,0.5432665731173194,0.0810902751201259,0.5615822270387428,0.6934282570533237,0.4755877034358038,0.5316455696202524,0.6339712918660307,0.3636531855518671
2026-07-01 09:30:00,battery_storage_1,0.633,0.6378874714981205,0.3237364043506119,0.6379215035931454,0.42495479204339937,charging,9,1,7,2,0,0.8535533905932737,0.14644660940672627,0.597999999999999,0.4949999999999992,0.5899963490324946,0.548338312444796,0.8956060886177359,0.1003266161336045,0.7899641389419678,0.2841040858769961,0.6679462571976984,0.6033269353806787,0.4498364231188745,0.3222683921796383,0.8956074329208656,0.10031041374324956,0.7899394924591348,0.284087505412778,0.5280289330922239,0.8426763110307416,0.3576555023923458,0.07502474648946728
2026-07-01 09:45:00,battery_storage_1,0.5519999999999996,0.03543476921180749,0.5291106845809281,0.03542118467491606,0.8896925858951175,discharging,9,1,7,2,0,0.8535533905932737,0.14644660940672627,0.633,0.5119999999999996,0.6046002190580504,0.31416649931041063,0.6378874714981205,0.543292044123991,0.5742480956992906,0.7747743129451379,0.3237364043506119,0.41586692258476887,0.4980916030534459,0.3117661089008754,0.6379215035931454,0.5432665731173194,0.5742255937866884,0.774769078554777,0.42495479204339937,0.4755877034358038,0.6315789473684212,0.4530411260573436
2026-07-01 10:00:00,battery_storage_1,0.5640000000000001,0.5196277808590621,0.17722328854765834,0.519666624144236,0.15009041591320038,charging,10,1,7,2,0,0.75,0.06698729810778065,0.5519999999999996,0.597999999999999,0.5921869295363278,0.347609679710044,0.03543476921180749,0.8956060886177359,0.4145485956600266,0.5432940663108938,0.5291106845809281,0.6679462571976984,0.2889858233369722,0.31927773364982287,0.03542118467491606,0.8956074329208656,0.4145398717601373,0.5433184432144491,0.8896925858951175,0.5280289330922239,0.381578947368423,0.7078520515257307
2026-07-01 10:15:00,battery_storage_1,0.6299999999999999,0.792444690947187,0.4075495841330792,0.7924905387591954,0.6745027124773948,charging,10,1,7,2,0,0.75,0.06698729810778065,0.5640000000000001,0.633,0.5910916392844117,0.32905247566691365,0.5196277808590621,0.6378874714981205,0.48019789021804565,0.6648316732136046,0.17722328854765834,0.3237364043506119,0.3247001090512569,0.32338222699530667,0.519666624144236,0.6379215035931454,0.4801950690869683,0.6648624587102113,0.15009041591320038,0.42495479204339937,0.5466507177033524,0.720773808429318
2026-07-01 10:30:00,battery_storage_1,0.5489999999999995,0.0364207801811795,0.9001919385796526,0.036441723008887206,0.8264014466546108,discharging,10,1,7,2,0,0.75,0.06698729810778065,0.6299999999999999,0.5519999999999996,0.5899963490324946,0.3408785736735232,0.792444690947187,0.03543476921180749,0.48061670549433283,0.6638242825359908,0.4075495841330792,0.5291106845809281,0.4828244274809208,0.7223376002678198,0.7924905387591954,0.03542118467491606,0.48062855594689785,0.6638197888744716,0.6745027124773948,0.8896925858951175,0.5047846889952172,0.6705484645943017
2026-07-01 10:45:00,battery_storage_1,0.5739999999999998,0.5823627287853579,0.4088291746641062,0.5823872092528809,0.24050632911392356,charging,10,1,7,2,0,0.75,0.06698729810778065,0.5489999999999995,0.5640000000000001,0.5936473165388838,0.3233922246854021,0.0364207801811795,0.5196277808590621,0.507263827448106,0.6778143942778132,0.9001919385796526,0.17722328854765834,0.5815158124318529,0.5438568422459102,0.036441723008887206,0.519666624144236,0.5072699358800686,0.6778060706491397,0.8264014466546108,0.15009041591320038,0.5645933014354103,0.5708308799077713
2026-07-01 11:00:00,battery_storage_1,0.6109999999999998,0.645220928082825,0.42354446577095217,0.645235361653272,0.18625678119348965,charging,11,1,7,2,0,0.6294095225512605,0.0170370868554659,0.5739999999999998,0.6299999999999999,0.5867104782767427,0.21211351998658973,0.5823627287853579,0.792444690947187,0.44472947150747316,0.572858071645496,0.4088291746641062,0.4075495841330792,0.5883315158124347,0.5343936334422207,0.5823872092528809,0.7924905387591954,0.4447213943827328,0.5728269894035644,0.24050632911392356,0.6745027124773948,0.24162679425837297,0.6707896777690647
2026-07-01 11:15:00,battery_storage_1,0.7039999999999988,0.9358476613052322,0.7715930902111339,0.9359186971127269,0.5244122965641944,charging,11,1,7,2,0,0.6294095225512605,0.0170370868554659,0.6109999999999998,0.5489999999999995,0.6433004746257769,0.5993524965734482,0.645220928082825,0.0364207801811795,0.8267675313457057,0.2959097827517944,0.42354446577095217,0.9001919385796526,0.5335332606325096,0.37906326910098126,0.645235361653272,0.036441723008887206,0.8267858755531472,0.2959356835431356,0.18625678119348965,0.8264014466546108,0.041866028708133385,0.33041457682115677
2026-07-01 11:30:00,battery_storage_1,0.7589999999999986,0.7330375300425218,0.2591170825335922,0.7330441808053747,0.40144665461121054,charging,11,1,7,2,0,0.6294095225512605,0.0170370868554659,0.7039999999999988,0.5739999999999998,0.7108433734939759,0.6840622072218026,0.9358476613052322,0.5823627287853579,0.8907677407533439,0.2210712778797535,0.7715930902111339,0.4088291746641062,0.4697382769901921,0.49698179034318746,0.9359186971127269,0.5823872092528809,0.8907793732502483,0.2211043177144757,0.5244122965641944,0.24050632911392356,0.1483253588516753,0.30989674709351894
2026-07-01 11:45:00,battery_storage_1,0.8039999999999994,0.6902693042460099,0.8598848368522098,0.690309138070332,0.3725135623869793,charging,11,1,7,2,0,0.6294095225512605,0.0170370868554659,0.7589999999999986,0.6109999999999998,0.7813070463672851,0.4165183677757636,0.7330375300425218,0.645220928082825,0.9099023636887156,0.1872427826835198,0.2591170825335922,0.42354446577095217,0.6556706652126678,0.6282606006999896,0.7330441808053747,0.645235361653272,0.9099250428971372,0.1872612798648054,0.40144665461121054,0.18625678119348965,0.2715311004784695,0.13219060902614968
2026-07-01 12:00:00,battery_storage_1,0.8089999999999984,0.47889320268687996,0.3173384516954556,0.4789301356465535,0.38517179023508064,charging,12,1,7,2,0,0.5000000000000001,0.0,0.8039999999999994,0.7039999999999988,0.8196422051843726,0.1725631402280557,0.6902693042460099,0.9358476613052322,0.715807659084365,0.1964874751878169,0.8598848368522098,0.7715930902111339,0.4621046892039402,0.6427947308420638,0.690309138070332,0.9359186971127269,0.7158132394111802,0.19643980190359395,0.3725135623869793,0.5244122965641944,0.1794258373205757,0.0023067741534360565
2026-07-01 12:15:00,battery_storage_1,0.7839999999999989,0.3250754914648426,0.5495841330774169,0.3250839818003997,0.5027124773960212,discharging,12,1,7,2,0,0.5000000000000001,0.0,0.8089999999999984,0.7589999999999986,0.828769623950345,0.017729911710464535,0.47889320268687996,0.7330375300425218,0.542522838520535,0.2860148206081131,0.3173384516954556,0.2591170825335922,0.5858778625954315,0.5190515046488744,0.4789301356465535,0.7330441808053747,0.5425268671543394,0.28601500935087587,0.38517179023508064,0.40144665461121054,0.24641148325358841,0.11479680455655408
2026-07-01 12:30:00,battery_storage_1,0.8509999999999991,0.7988537622481051,0.9987204094689659,0.7988689033465153,0.8607594936708853,charging,12,1,7,2,0,0.5000000000000001,0.0,0.7839999999999989,0.8039999999999994,0.8459291712303765,0.24094609733961359,0.3250754914648426,0.6902693042460099,0.5886448708216632,0.39650133291688455,0.5495841330774169,0.8598848368522098,0.6450381679389494,0.674334701167471,0.3250839818003997,0.690309138070332,0.5886390318793462,0.3964737735734836,0.5027124773960212,0.3725135623869793,0.5693779904306222,0.4602216889787531
2026-07-01 12:45:00,battery_storage_1,0.8009999999999993,0.19966722129783698,0.597568777991043,0.1996853340136922,0.7305605786618434,discharging,12,1,7,2,0,0.5000000000000001,0.0,0.8509999999999991,0.8089999999999984,0.8430083972252662,0.25144863906122594,0.7988537622481051,0.47889320268687996,0.47004161976808095,0.537252405475887,0.9987204094689659,0.3173384516954556,0.764449291166855,0.4655093339491716,0.7988689033465153,0.4789301356465535,0.47002618983112077,0.5372240553689583,0.8607594936708853,0.38517179023508064,0.7978468899521527,0.32966547624742726
2026-07-01 13:00:00,battery_storage_1,0.8369999999999989,0.6388118567819068,0.49776071657070275,0.6388569970659522,0.5443037974683538,charging,13,1,7,2,0,0.37059047744873963,0.01703708685546579,0.8009999999999993,0.7839999999999989,0.8623585250091264,0.15369418792349193,0.19966722129783698,0.3250754914648426,0.6033034054917152,0.5263002757680575,0.597568777991043,0.5495841330774169,0.7423664122137552,0.5042915497010811,0.1996853340136922,0.3250839818003997,0.6033053373069629,0.5262771598475129,0.7305605786618434,0.5027124773960212,0.8253588516746415,0.28612368245210684
2026-07-01 13:15:00,battery_storage_1,0.8389999999999995,0.4663831885129723,0.4203454894433776,0.4664285410554067,0.059674502712477207,charging,13,1,7,2,0,0.37059047744873963,0.01703708685546579,0.8369999999999989,0.8509999999999991,0.8579773640014601,0.10598930859372085,0.6388118567819068,0.7988537622481051,0.46208412951862415,0.3577890282004603,0.49776071657070275,0.9987204094689659,0.4959105779716566,0.13526468470598557,0.6388569970659522,0.7988689033465153,0.4620969926849092,0.35778805172752864,0.5443037974683538,0.8607594936708853,0.2954545454545485,0.6538248051187777
2026-07-01 13:30:00,battery_storage_1,0.7640000000000002,0.0669871202317126,0.6781829814459357,0.06701535059744018,0.5949367088607591,discharging,13,1,7,2,0,0.37059047744873963,0.01703708685546579,0.8389999999999995,0.8009999999999993,0.8444687842278205,0.33701235162603116,0.4663831885129723,0.19966722129783698,0.40572729890322745,0.49426934447556764,0.4203454894433776,0.597568777991043,0.5302617230098363,0.22622240695522472,0.4664285410554067,0.1996853340136922,0.40574370089406664,0.49425862457324776,0.059674502712477207,0.7305605786618434,0.20574162679426067,0.5540394929294963
2026-07-01 13:45:00,battery_storage_1,0.6959999999999997,0.10698219017686572,0.3883557261676245,0.10702895777522642,0.5696202531645564,discharging,13,1,7,2,0,0.37059047744873963,0.01703708685546579,0.7640000000000002,0.8369999999999989,0.7929901423877324,0.648569552737263,0.0669871202317126,0.6388118567819068,0.17982880925581757,0.3553345673517092,0.6781829814459357,0.49776071657070275,0.483642311886598,0.2818995196032167,0.06701535059744018,0.6388569970659522,0.17984286101327557,0.3553164989767201,0.5949367088607591,0.5443037974683538,0.22248803827751296,0.5667768462002482
2026-07-01 14:00:00,battery_storage_1,0.6159999999999997,0.04301472853885502,0.7805502239283442,0.043032699749117664,0.3960216998191681,discharging,14,1,7,2,0,0.2500000000000001,0.06698729810778059,0.6959999999999997,0.8389999999999995,0.7115735669952548,0.676189040064817,0.10698219017686572,0.4663831885129723,0.0,0.0,0.3883557261676245,0.4203454894433776,0.6371319520174552,0.3750891176154537,0.10702895777522642,0.4664285410554067,0.0,0.0,0.5696202531645564,0.059674502712477207,0.44497607655502414,0.18642806442143703
2026-07-01 14:15:00,battery_storage_1,0.6399999999999988,0.5761385345411969,0.5163147792706368,0.5761364119573075,0.5497287522603971,charging,14,1,7,2,0,0.2500000000000001,0.06698729810778059,0.6159999999999997,0.7640000000000002,0.666301569916028,0.31880331323177963,0.04301472853885502,0.0669871202317126,0.2162657382928042,0.49005051908152614,0.7805502239283442,0.6781829814459357,0.5681570338059032,0.3679251036502981,0.043032699749117664,0.06701535059744018,0.21625575724735846,0.48998759678333315,0.3960216998191681,0.5949367088607591,0.41507177033492937,0.16037122798638037
2026-07-01 14:30:00,battery_storage_1,0.7349999999999994,0.9457693966845382,0.14779270633397346,0.9457839010077815,0.9728752260397826,charging,14,1,7,2,0,0.2500000000000001,0.06698729810778059,0.6399999999999988,0.6959999999999997,0.6805403431909456,0.5555407201456413,0.5761385345411969,0.10698219017686572,0.5725466586393738,0.7982356679530714,0.5163147792706368,0.3883557261676245,0.4656488549618345,0.6144966968850791,0.5761364119573075,0.10702895777522642,0.5725277702519642,0.7982013742163366,0.5497287522603971,0.5696202531645564,0.6818181818181834,0.5603746852205476
2026-07-01 14:45:00,battery_storage_1,0.7729999999999988,0.6466999445368831,0.7095329494561753,0.6467236467236467,0.40506329113924,charging,14,1,7,2,0,0.2500000000000001,0.06698729810778059,0.7349999999999994,0.6159999999999997,0.737860533041256,0.6158580220864849,0.9457693966845382,0.04301472853885502,0.8289663115462136,0.31041212377948757,0.14779270633397346,0.7805502239283442,0.4353871319520195,0.5466493109639894,0.9457839010077815,0.043032699749117664,0.828953309852795,0.31039237398063996,0.9728752260397826,0.3960216998191681,0.6877990430622027,0.5531842476306604
2026-07-01 15:00:00,battery_storage_1,0.875,0.9788007641585015,0.2559181062060105,0.9788238295700982,0.6925858951175394,charging,15,1,7,2,0,0.14644660940672644,0.14644660940672605,0.7729999999999988,0.6399999999999988,0.8236582694414025,0.6579673035185281,0.6466999445368831,0.5761385345411969,0.9999999999999998,0.28525511823026567,0.7095329494561753,0.5163147792706368,0.324427480916043,0.5731460267404805,0.6467236467236467,0.5761364119573075,1.0,0.2852223953156878,0.40506329113924,0.5497287522603971,0.782296650717706,0.5312826935459368
2026-07-01 15:15:00,battery_storage_1,0.9069999999999991,0.6221729216737537,0.0,0.6221882042777565,0.6401446654611203,charging,15,1,7,2,0,0.14644660940672644,0.14644660940672605,0.875,0.7349999999999994,0.8864549105512971,0.6318235758065556,0.9788007641585015,0.9457693966845382,0.8625500615134936,0.31602119724369077,0.2559181062060105,0.14779270633397346,0.2614503816794027,0.701400448968934,0.9788238295700982,0.9457839010077815,0.8625485414973357,0.3159974362381714,0.6925858951175394,0.9728752260397826,0.5622009569378008,0.27448276057318544
2026-07-01 15:30:00,battery_storage_1,0.8599999999999994,0.20860294570777105,0.7843889955214323,0.20861504443593998,0.566003616636527,discharging,15,1,7,2,0,0.14644660940672644,0.14644660940672605,0.9069999999999991,0.7729999999999988,0.9182183278568834,0.1343565282210064,0.6221729216737537,0.6466999445368831,0.6764651990681358,0.6687283372183933,0.0,0.7095329494561753,0.2933478735005508,0.7865492129231264,0.6221882042777565,0.6467236467236467,0.6764562449200758,0.6687098751080778,0.6401446654611203,0.40506329113924,0.668660287081341,0.09870543697696266
2026-07-01 15:45:00,battery_storage_1,0.8089999999999984,0.19473716645097683,0.6794625719769627,0.19479525449674706,0.2368896925858941,discharging,15,1,7,2,0,0.14644660940672644,0.14644660940672605,0.8599999999999994,0.875,0.8941219423147135,0.40494398328076914,0.20860294570777105,0.9788007641585015,0.34342852655550604,0.39873749010488274,0.7843889955214323,0.2559181062060105,0.4738276990185355,0.840577937302501,0.20861504443593998,0.9788238295700982,0.34342996477919263,0.3986863117202094,0.566003616636527,0.6925858951175394,0.3672248803827767,0.3952705209727917
2026-07-01 16:00:00,battery_storage_1,0.7459999999999996,0.13317310655081038,0.2879078694817636,0.13322277501381985,0.8191681735985528,discharging,16,1,7,2,0,0.06698729810778076,0.24999999999999978,0.8089999999999984,0.9069999999999991,0.8353413654618462,0.49249967116434906,0.19473716645097683,0.6221729216737537,0.13572232547182156,0.014834079835247378,0.6794625719769627,0.0,0.5965103598691499,0.4969899761394603,0.19479525449674706,0.6221882042777565,0.13573557301544303,0.014783218222379171,0.2368896925858941,0.6401446654611203,0.4856459330143572,0.5470885114599172
2026-07-01 16:15:00,battery_storage_1,0.8519999999999994,0.9991372404017995,0.4056301983365316,0.9991495513883573,0.9095840867992759,charging,16,1,7,2,0,0.06698729810778076,0.24999999999999978,0.7459999999999996,0.8599999999999994,0.832420591456736,0.4514719206992675,0.13317310655081038,0.20860294570777105,0.4715074732350861,0.853789396495169,0.2879078694817636,0.7843889955214323,0.4351145038168056,0.36979366049529117,0.13322277501381985,0.20861504443593998,0.47152533188837714,0.8537155174921793,0.8191681735985528,0.566003616636527,0.7129186602870821,0.6906681270784069
2026-07-01 16:30:00,battery_storage_1,0.9539999999999988,0.9768287422197575,0.17082533589251625,0.97686779776332,0.6401446654611203,charging,16,1,7,2,0,0.06698729810778076,0.24999999999999978,0.8519999999999994,0.8089999999999984,0.8853596202993792,1.0000000000000002,0.9991372404017995,0.19473716645097683,0.8037065151951417,0.8736289597495078,0.4056301983365316,0.6794625719769627,0.2183751363140729,0.1950334083557304,0.9991495513883573,0.19479525449674706,0.8037207622143954,0.8735731057308601,0.9095840867992759,0.2368896925858941,0.9796650717703361,0.24307134752970017
2026-07-01 16:45:00,battery_storage_1,0.8689999999999998,0.017563320391939308,0.6385156749840064,0.017561763830420574,0.45750452079566006,discharging,16,1,7,2,0,0.06698729810778076,0.24999999999999978,0.9539999999999988,0.7459999999999996,0.9302665206279661,0.4659046342925676,0.9768287422197575,0.13317310655081038,0.7546004240504671,0.9999999999999999,0.17082533589251625,0.2879078694817636,0.3677753544165938,0.43875787878640027,0.97686779776332,0.13322277501381985,0.7545922514223786,0.9999999999999999,0.6401446654611203,0.8191681735985528,0.7404306220095709,0.4203679336689004
2026-07-01 17:00:00,battery_storage_1,0.8539999999999992,0.3773340728415604,0.7511196417146522,0.37734404898584,0.48282097649186273,discharging,17,1,7,2,0,0.01703708685546579,0.37059047744873974,0.8689999999999998,0.8519999999999994,0.9309967141292432,0.45813122649333277,0.017563320391939308,0.9991372404017995,0.49048504044185,0.8564882606590484,0.6385156749840064,0.4056301983365316,0.514994547437297,0.5933853619651754,0.017561763830420574,0.9991495513883573,0.49047232005779823,0.85649865277057,0.45750452079566006,0.9095840867992759,0.4581339712918684,0.1681172458453053
2026-07-01 17:15:00,battery_storage_1,0.9329999999999998,0.861527084488815,0.4133077415227149,0.8615469660245779,0.47739602169981854,charging,17,1,7,2,0,0.01703708685546579,0.37059047744873974,0.8539999999999992,0.9539999999999988,0.9233296823658268,0.3285799015084395,0.3773340728415604,0.9768287422197575,0.44150982907101527,0.7407990615067978,0.7511196417146522,0.17082533589251625,0.6183206106870287,0.309321221444565,0.37734404898584,0.97686779776332,0.44148830488575813,0.7407903641537156,0.48282097649186273,0.6401446654611203,0.3504784688995244,0.0
2026-07-01 17:30:00,battery_storage_1,0.9789999999999992,0.6881740309360943,0.7959053103007037,0.6881830165412255,0.32730560578661816,charging,17,1,7,2,0,0.01703708685546579,0.37059047744873974,0.9329999999999998,0.8689999999999998,0.9634903249361066,0.558685757271391,0.861527084488815,0.017563320391939308,0.7263565688558489,0.40338049242836904,0.4133077415227149,0.6385156749840064,0.6853871319520266,0.38710201783249354,0.8615469660245779,0.017561763830420574,0.7263433577169691,0.40336040244670346,0.47739602169981854,0.45750452079566006,0.26435406698564634,0.14712859303778644
2026-07-01 17:45:00,battery_storage_1,0.9539999999999988,0.3275405188882727,0.9718490083173421,0.32755028277416337,0.2911392405063289,discharging,17,1,7,2,0,0.01703708685546579,0.37059047744873974,0.9789999999999992,0.8539999999999992,1.0,0.12377422403209801,0.6881740309360943,0.3773340728415604,0.7052063974033451,0.45466885789638095,0.7959053103007037,0.7511196417146522,0.7794438386041591,0.547022954595266,0.6881830165412255,0.37734404898584,0.7051928113429061,0.4546486024617443,0.32730560578661816,0.48282097649186273,0.13755980861243877,0.1677492126211718
2026-07-01 18:00:00,battery_storage_1,0.8729999999999984,0.04172058914155419,0.9193857965451073,0.04175702683165372,0.40867992766726946,discharging,18,1,7,2,0,0.0,0.4999999999999999,0.9539999999999988,0.9329999999999998,0.9780941949616642,0.47416329951093933,0.3275405188882727,0.861527084488815,0.3569876711253042,0.5522617056320713,0.9718490083173421,0.4133077415227149,0.9950926935659794,0.13836644511277651,0.32755028277416337,0.8615469660245779,0.3569764291519913,0.552208176165345,0.2911392405063289,0.47739602169981854,0.0921052631578938,0.09203260422075797
2026-07-01 18:15:00,battery_storage_1,0.7849999999999993,0.0,0.19641714651312014,0.0,0.7522603978300184,discharging,18,1,7,2,0,0.0,0.4999999999999999,0.8729999999999984,0.9789999999999992,0.907265425337715,0.7891900436502075,0.04172058914155419,0.6881740309360943,0.06468078423160473,0.27642352400276116,0.9193857965451073,0.7959053103007037,0.7396401308615168,0.8563259664739492,0.04175702683165372,0.6881830165412255,0.06466178993949251,0.27639029605575616,0.40867992766726946,0.32730560578661816,0.373205741626796,0.44430659949832596
2026-07-01 18:30:00,battery_storage_1,0.7669999999999986,0.36112651753250763,0.18490083173384164,0.36114300293404766,0.38517179023508064,discharging,18,1,7,2,0,0.0,0.4999999999999999,0.7849999999999993,0.9539999999999988,0.8389923329682372,0.488348622439112,0.0,0.3275405188882727,0.07894667958013762,0.31291650505349095,0.19641714651312014,0.9718490083173421,0.4043075245365344,0.8300042617875929,0.0,0.32755028277416337,0.07893073241217374,0.31289011916132625,0.7522603978300184,0.2911392405063289,0.4354066985645968,0.3772985666279766
2026-07-01 18:45:00,battery_storage_1,0.7329999999999997,0.27996548961607204,0.9500959692898263,0.27996768295275754,0.2549728752260396,discharging,18,1,7,2,0,0.0,0.4999999999999999,0.7669999999999986,0.8729999999999984,0.7878787878787898,0.1603273723844823,0.36112651753250763,0.04172058914155419,0.18014292071303295,0.2975908039411062,0.18490083173384164,0.9193857965451073,0.4173936750272702,0.8671122513406998,0.36114300293404766,0.04175702683165372,0.18011379030073144,0.2975755558469647,0.38517179023508064,0.40867992766726946,0.33373205741626855,0.48015901628762264
2026-07-01 19:00:00,battery_storage_1,0.6879999999999997,0.22394774141862334,0.9078694817658359,0.22396564187608964,0.32730560578661816,discharging,19,1,7,2,0,0.01703708685546579,0.6294095225512601,0.7329999999999997,0.7849999999999993,0.7524644030668126,0.303379824908602,0.27996548961607204,0.0,0.2752663403397638,0.06941531023786107,0.9500959692898263,0.19641714651312014,0.7205561613958622,0.8495627356785429,0.27996768295275754,0.0,0.2752460941027725,0.0693879580372928,0.2549728752260396,0.7522603978300184,0.05263157894736814,0.10191155506390831
2026-07-01 19:15:00,battery_storage_1,0.778999999999999,0.9212423738214088,0.8406909788867551,0.9212909809924734,0.6094032549728743,charging,19,1,7,2,0,0.01703708685546579,0.6294095225512601,0.6879999999999997,0.7669999999999986,0.7568455640744798,0.3669345389495536,0.22394774141862334,0.36112651753250763,0.5131795932256629,0.672471268644003,0.9078694817658359,0.18490083173384164,1.0,0.0647857691693241,0.22396564187608964,0.36114300293404766,0.5131761943466088,0.6724835069515807,0.32730560578661816,0.38517179023508064,0.20095693779904344,0.3415365419741541
2026-07-01 19:30:00,battery_storage_1,0.8619999999999992,0.8811240525050843,0.49328214971209405,0.8811498065229408,0.5045207956600359,charging,19,1,7,2,0,0.01703708685546579,0.6294095225512601,0.778999999999999,0.7329999999999997,0.8039430449069016,0.8163117829899673,0.9212423738214088,0.27996548961607204,0.7685260319870166,0.6802168710789639,0.8406909788867551,0.9500959692898263,0.8053435114503884,0.41505019226462314,0.9212909809924734,0.27996768295275754,0.7685360787501129,0.6802102837222153,0.6094032549728743,0.2549728752260396,0.3660287081339728,0.25379092716022283
2026-07-01 19:45:00,battery_storage_1,0.8099999999999996,0.18771183829420107,0.6225207933461263,0.18773653102011312,0.35262206148281994,discharging,19,1,7,2,0,0.01703708685546579,0.6294095225512601,0.8619999999999992,0.6879999999999997,0.8484848484848477,0.3284079343513781,0.8811240525050843,0.22394774141862334,0.753134570583462,0.7197852204562344,0.49328214971209405,0.9078694817658359,0.6837513631406864,0.3168267029664422,0.8811498065229408,0.22396564187608964,0.7531472952226135,0.7197710974081959,0.5045207956600359,0.32730560578661816,0.3827751196172269,0.22732336552957366
2026-07-01 20:00:00,battery_storage_1,0.9019999999999992,0.9269735625808839,0.6609085092770357,0.9269889866904791,0.9385171790235072,charging,20,1,7,2,0,0.0669872981077807,0.75,0.8099999999999996,0.778999999999999,0.8933917488134364,0.3737443271030902,0.18771183829420107,0.9212423738214088,0.7555689343768812,0.7231961787744077,0.6225207933461263,0.8406909788867551,0.6071428571428612,0.13311629444037754,0.18773653102011312,0.9212909809924734,0.7555675968572202,0.7231623391895183,0.35262206148281994,0.6094032549728743,0.6004784688995226,0.5708308799077749
2026-07-01 20:15:00,battery_storage_1,0.8309999999999986,0.09342453934800027,0.6161228406909771,0.0934643024195263,0.40144665461121054,discharging,20,1,7,2,0,0.0669872981077807,0.75,0.9019999999999992,0.8619999999999992,0.882073749543629,0.39626300102699213,0.9269735625808839,0.8811240525050843,0.42098788053294234,0.8032241819516484,0.6609085092770357,0.49328214971209405,0.6594874591057902,0.0,0.9269889866904791,0.8811498065229408,0.4209879888015894,0.8031754847772381,0.9385171790235072,0.5045207956600359,0.532296650717706,0.6121313162919131
2026-07-01 20:30:00,battery_storage_1,0.8509999999999991,0.5549392986996982,0.4056301983365316,0.5550027639579878,0.13743218806509905,charging,20,1,7,2,0,0.0669872981077807,0.75,0.8309999999999986,0.8099999999999996,0.8970427163198238,0.2707354514073674,0.09342453934800027,0.18771183829420107,0.5769703949951573,0.7295627887451344,0.6161228406909771,0.6225207933461263,0.5670665212649979,0.2346047752866956,0.0934643024195263,0.18773653102011312,0.5769890725187392,0.7295133857005088,0.40144665461121054,0.35262206148281994,0.38995215311004827,0.7753634720956317
2026-07-01 20:45:00,battery_storage_1,0.8719999999999999,0.5617797497997166,0.9628918746001318,0.5618063528511289,0.39059674502712394,charging,20,1,7,2,0,0.0669872981077807,0.75,0.8509999999999991,0.9019999999999992,0.8860898138006563,0.09643123356272157,0.5549392986996982,0.9269735625808839,0.4218516870402847,0.4471702325096783,0.4056301983365316,0.6609085092770357,0.6957470010905169,0.5382803944535085,0.5550027639579878,0.9269889866904791,0.4218730244739456,0.4471471855997048,0.13743218806509905,0.9385171790235072,0.027511961722487044,0.2671606176604441
2026-07-01 21:00:00,battery_storage_1,0.9209999999999994,0.7080175016947065,0.6276391554702485,0.707998469192499,0.6835443037974684,charging,21,1,7,2,0,0.14644660940672616,0.8535533905932737,0.8719999999999999,0.8309999999999986,0.9189485213581605,0.26327622694506314,0.5617797497997166,0.09342453934800027,0.6829044839410516,0.10255578965336432,0.9628918746001318,0.6161228406909771,0.7006543075245517,0.536496514483305,0.5618063528511289,0.0934643024195263,0.6829043619615279,0.1024566203766872,0.39059674502712394,0.40144665461121054,0.21411483253588592,0.5104381890179356
2026-07-01 21:15:00,battery_storage_1,0.8860000000000001,0.2745424292845258,0.18106206014075354,0.2745248118382447,0.6437613019891497,discharging,21,1,7,2,0,0.14644660940672616,0.8535533905932737,0.9209999999999994,0.8509999999999991,0.9317269076305221,0.1476866120982384,0.7080175016947065,0.5549392986996982,0.5638038897468785,0.35641328993018667,0.6276391554702485,0.4056301983365316,0.6049618320610719,0.7702754639867955,0.707998469192499,0.5550027639579878,0.5637677232908876,0.3563928251292434,0.6835443037974684,0.13743218806509905,0.5490430622009583,0.285820780377535
2026-07-01 21:30:00,battery_storage_1,0.911999999999999,0.5897578110556481,0.5969289827255295,0.5897861121741719,0.24954792043399543,charging,21,1,7,2,0,0.14644660940672616,0.8535533905932737,0.8860000000000001,0.8719999999999999,0.9463307776560796,0.0712521166096986,0.2745424292845258,0.5617797497997166,0.5756877732115278,0.36312556850871436,0.18106206014075354,0.9628918746001318,0.4490185387131973,0.47139600123581993,0.2745248118382447,0.5618063528511289,0.5756524880339564,0.3631089823862513,0.6437613019891497,0.39059674502712394,0.4557416267942589,0.4448823430317391
2026-07-01 21:45:00,battery_storage_1,1.0,0.9076847229925434,0.3499680102367222,0.9077263256367734,0.5443037974683538,charging,21,1,7,2,0,0.14644660940672616,0.8535533905932737,0.911999999999999,0.9209999999999994,0.9751734209565539,0.5210523727765264,0.5897578110556481,0.7080175016947065,0.6604978666596862,0.5382950724614693,0.5969289827255295,0.6276391554702485,0.3306979280261899,0.38706924747716187,0.5897861121741719,0.707998469192499,0.6604894789126704,0.5383225855480643,0.24954792043399543,0.6835443037974684,0.3636363636363651,0.37636011703544625
2026-07-01 22:00:00,battery_storage_1,0.9139999999999997,0.009736858322548836,0.46129238643634096,0.009737636603308286,0.8987341772151893,discharging,22,1,7,2,0,0.24999999999999978,0.9330127018922192,1.0,0.8860000000000001,0.9853961299744425,0.41820814478968965,0.9076847229925434,0.2745424292845258,0.5480197890218045,0.801012325883638,0.3499680102367222,0.18106206014075354,0.4501090512540884,0.2081720627616389,0.9077263256367734,0.2745248118382447,0.5480177007134471,0.8010227886883026,0.5443037974683538,0.6437613019891497,0.532296650717706,0.61205231106652
2026-07-01 22:15:00,battery_storage_1,0.8839999999999986,0.299624083317927,0.5719769673704462,0.29961304588170257,0.14647377938517092,discharging,22,1,7,2,0,0.24999999999999978,0.9330127018922192,0.9139999999999997,0.911999999999999,0.9751734209565539,0.526103902887576,0.009736858322548836,0.5897578110556481,0.4247833939742951,0.8066333606339432,0.46129238643634096,0.5969289827255295,0.4394765539803771,0.18164203024635167,0.009737636603308286,0.5897861121741719,0.424762936873476,0.8066493379178905,0.8987341772151893,0.24954792043399543,0.4641148325358877,0.7127561815343819
2026-07-01 22:30:00,battery_storage_1,0.8860000000000001,0.4689098416219881,0.6986564299424245,0.4689373644597525,0.3471971066907775,charging,22,1,7,2,0,0.24999999999999978,0.9330127018922192,0.8839999999999986,1.0,0.9335523913837163,0.056080744295502444,0.299624083317927,0.9076847229925434,0.23841059602648995,0.37854067221928717,0.5719769673704462,0.3499680102367222,0.5880588876772208,0.19789930923155524,0.29961304588170257,0.9077263256367734,0.23838164905626297,0.37853332789739125,0.14647377938517092,0.5443037974683538,0.33373205741626855,0.7386469750749823
2026-07-01 22:45:00,battery_storage_1,0.9149999999999991,0.603685215998028,0.5860524632117787,0.6036909469745291,0.40144665461121054,charging,22,1,7,2,0,0.24999999999999978,0.9330127018922192,0.8860000000000001,0.9139999999999997,0.9339174881343553,0.06231728619673521,0.4689098416219881,0.009736858322548836,0.49069444807999363,0.22732012578907734,0.6986564299424245,0.46129238643634096,0.6412213740458128,0.09462900364574427,0.4689373644597525,0.009737636603308286,0.49067100153526594,0.22731012250744526,0.3471971066907775,0.8987341772151893,0.004784688995215447,0.2375521948872648
2026-07-01 23:00:00,battery_storage_1,0.875,0.2460097368583226,0.16314779270634006,0.24603478334821619,0.36528028933092127,discharging,23,1,7,2,0,0.37059047744873924,0.982962913144534,0.9149999999999991,0.8839999999999986,0.9306316173786042,0.09818358788716752,0.603685215998028,0.299624083317927,0.467921367431877,0.2808766565201405,0.5860524632117787,0.5719769673704462,0.4670119956379608,0.5402612253278359,0.6036909469745291,0.29961304588170257,0.4679129413889641,0.2808323253004503,0.40144665461121054,0.14647377938517092,0.14952153110047917,0.028064182256841073
2026-07-01 23:15:00,battery_storage_1,0.9079999999999995,0.6267948480926852,0.12539987204094416,0.6268231492112089,0.18987341772151822,charging,23,1,7,2,0,0.37059047744873924,0.982962913144534,0.875,0.8860000000000001,0.9386637458926632,0.10573617887105755,0.2460097368583226,0.4689098416219881,0.5349841635473653,0.3430848984759021,0.16314779270634006,0.6986564299424245,0.2227371864776586,0.4846224885304017,0.24603478334821619,0.4689373644597525,0.5349769710105662,0.3430490933720935,0.36528028933092127,0.3471971066907775,0.04545454545454497,0.19602511506345005
2026-07-01 23:30:00,battery_storage_1,0.8309999999999986,0.05651075368213476,0.46257197696736796,0.05655483267423572,0.6094032549728743,discharging,23,1,7,2,0,0.37059047744873924,0.982962913144534,0.9079999999999995,0.9149999999999991,0.9079956188389939,0.29259490496411744,0.6267948480926852,0.603685215998028,0.3025678611627359,0.48880799824575744,0.12539987204094416,0.5860524632117787,0.1701199563795015,0.3359677363878981,0.6268231492112089,0.6036909469745291,0.3025738282308317,0.4887672138160173,0.18987341772151822,0.40144665461121054,0.1830143540669873,0.3875318090872467
2026-07-01 23:45:00,battery_storage_1,0.7669999999999986,0.1278732975904357,0.9673704414587334,0.12786494876047116,0.33634719710669003,discharging,23,1,7,2,0,0.37059047744873924,0.982962913144534,0.8309999999999986,0.875,0.8685651697699885,0.6385200365871517,0.05651075368213476,0.2460097368583226,0.25238855587257536,0.5271914695490107,0.46257197696736796,0.16314779270634006,0.5128135223555148,0.8362566420272649,0.05655483267423572,0.24603478334821619,0.25237966224148833,0.5271686083417026,0.6094032549728743,0.36528028933092127,0.1638755980861255,0.3918968070491374
