timestamp,system_id,steam_pressure_bar,steam_flow_kg_hr,fuel_flow_m3_hr,feedwater_temperature_c,flue_gas_temperature_c,efficiency_percent,hour,day,month,day_of_week,is_weekend,hour_sin,hour_cos,steam_pressure_bar_lag1,steam_pressure_bar_lag3,steam_pressure_bar_rolling_mean3,steam_pressure_bar_rolling_std3,steam_flow_kg_hr_lag1,steam_flow_kg_hr_lag3,steam_flow_kg_hr_rolling_mean3,steam_flow_kg_hr_rolling_std3,fuel_flow_m3_hr_lag1,fuel_flow_m3_hr_lag3,fuel_flow_m3_hr_rolling_mean3,fuel_flow_m3_hr_rolling_std3,feedwater_temperature_c_lag1,feedwater_temperature_c_lag3,feedwater_temperature_c_rolling_mean3,feedwater_temperature_c_rolling_std3,flue_gas_temperature_c_lag1,flue_gas_temperature_c_lag3,flue_gas_temperature_c_rolling_mean3,flue_gas_temperature_c_rolling_std3,efficiency_percent_lag1,efficiency_percent_lag3,efficiency_percent_rolling_mean3,efficiency_percent_rolling_std3
2026-07-01 00:00:00,boiler_1,0.5661764705882355,0.6225243960966251,0.6969486823855764,0.1745932415519409,0.010878661087866615,0.42111959287531775,0,1,7,2,0,0.5,1.0,0.5661764705882355,0.5661764705882355,0.5255681818181825,0.19549786636621613,0.6225243960966251,0.6225243960966251,0.5139785462311917,0.34425589451220534,0.6969486823855764,0.6625482625482633,0.5200530328140545,0.4761519449345117,0.1745932415519409,0.1745932415519409,0.1394510673690057,0.6174131382828335,0.010878661087866615,0.010878661087866615,0.0,0.03889193877924376,0.42111959287531775,0.42111959287531775,0.215674720094281,0.34952058878954406
2026-07-01 00:15:00,boiler_1,0.5147058823529429,0.26219804831227034,0.2087378640776727,0.6627033792240304,0.0,0.035623409669211625,0,1,7,2,0,0.5,1.0,0.5661764705882355,0.5661764705882355,0.5255681818181825,0.19549786636621613,0.6225243960966251,0.6225243960966251,0.5139785462311917,0.34425589451220534,0.6969486823855764,0.6625482625482633,0.5200530328140545,0.4761519449345117,0.1745932415519409,0.1745932415519409,0.1394510673690057,0.6174131382828335,0.010878661087866615,0.010878661087866615,0.0,0.03889193877924376,0.42111959287531775,0.42111959287531775,0.215674720094281,0.34952058878954406
2026-07-01 00:30:00,boiler_1,0.507352941176471,0.5699248120300755,0.5603328710124842,0.09261576971214058,0.07594142259414216,0.3791348600508915,0,1,7,2,0,0.5,1.0,0.5147058823529429,0.5661764705882355,0.5255681818181825,0.19549786636621613,0.26219804831227034,0.6225243960966251,0.5139785462311917,0.34425589451220534,0.2087378640776727,0.6625482625482633,0.5200530328140545,0.4761519449345117,0.6627033792240304,0.1745932415519409,0.1394510673690057,0.6174131382828335,0.0,0.010878661087866615,0.0,0.03889193877924376,0.035623409669211625,0.42111959287531775,0.215674720094281,0.34952058878954406
2026-07-01 00:45:00,boiler_1,0.39705882352941213,0.34333706606942993,0.22815533980582714,0.9443053817271592,0.9993723849372382,0.4363867684478375,0,1,7,2,0,0.5,1.0,0.507352941176471,0.5661764705882355,0.4602272727272725,0.5133894002611322,0.5699248120300755,0.6225243960966251,0.40927743514674386,0.27461739925353457,0.5603328710124842,0.6625482625482633,0.2959893934371891,0.3577939341151591,0.09261576971214058,0.1745932415519409,0.4804546714721374,0.8755894916356702,0.07594142259414216,0.010878661087866615,0.3856198482004407,1.0,0.3791348600508915,0.42111959287531775,0.2227460223924549,0.3600215124794305
2026-07-01 01:00:00,boiler_1,0.4485294117647056,0.014077747560390819,0.22260748959778276,0.41113892365456906,0.5897489539748952,0.5661577608142494,1,1,7,2,0,0.6294095225512604,0.9829629131445342,0.39705882352941213,0.5147058823529429,0.43465909090908994,0.4127649298032627,0.34333706606942993,0.26219804831227034,0.31622711238031354,0.5124065067231882,0.22815533980582714,0.11891891891892037,0.30261849519389905,0.3485804977111698,0.9443053817271592,0.6627033792240304,0.3690047130579428,0.8682315655104,0.9993723849372382,0.0,0.6156859544601332,0.8252931940436813,0.4363867684478375,0.035623409669211625,0.4684737772539762,0.11867347411112089
2026-07-01 01:15:00,boiler_1,0.522058823529413,0.7388257878739406,0.6816920943134548,0.7240300375469344,0.02489539748953984,0.09414758269720203,1,1,7,2,0,0.6294095225512604,0.9829629131445342,0.4485294117647056,0.507352941176471,0.44034090909090917,0.4844668060124155,0.014077747560390819,0.5699248120300755,0.3795685248734131,0.6776136971931652,0.22260748959778276,0.5104247104247115,0.3606231355651328,0.501452060136758,0.41113892365456906,0.09261576971214058,0.6487385639035192,0.5346549661400769,0.5897489539748952,0.07594142259414216,0.5957724638863962,0.8749078326198865,0.5661577608142494,0.3791348600508915,0.3364761343547418,0.4140937371357297
2026-07-01 01:30:00,boiler_1,0.5588235294117654,0.12724364101743735,0.2579750346740646,0.5250312891113893,0.8407949790794977,0.5279898218829526,1,1,7,2,0,0.6294095225512604,0.9829629131445342,0.522058823529413,0.39705882352941213,0.5028409090909092,0.42188415094008896,0.7388257878739406,0.34333706606942993,0.2985289529888888,0.7311413199323601,0.6816920943134548,0.14054054054054177,0.3748757043420614,0.4839745423944695,0.7240300375469344,0.9443053817271592,0.4629886332131976,0.30963058882833744,0.02489539748953984,0.9993723849372382,0.5339100628417537,0.7417206724605937,0.09414758269720203,0.4363867684478375,0.3789039481437797,0.4507126246482335
2026-07-01 01:45:00,boiler_1,0.5441176470588243,0.7444888817789153,0.5610263522884882,0.8642052565707132,0.6131799163179914,0.03435114503817083,1,1,7,2,0,0.6294095225512604,0.9829629131445342,0.5588235294117654,0.4485294117647056,0.5397727272727275,0.06829344006552045,0.12724364101743735,0.014077747560390819,0.572448465359602,0.6614952995235152,0.2579750346740646,0.1343629343629349,0.5366257872058338,0.40290812887292343,0.5250312891113893,0.41113892365456906,0.663709453839755,0.3344259699700025,0.8407949790794977,0.5897489539748952,0.5430506814657639,0.74757671255365,0.5279898218829526,0.5661577608142494,0.13258691809074818,0.46510722763070333
2026-07-01 02:00:00,boiler_1,0.5661764705882355,0.3695408734602461,0.25034674063800466,0.41989987484355495,0.1286610878661092,0.16030534351145143,2,1,7,2,0,0.75,0.9330127018922194,0.5441176470588243,0.522058823529413,0.5568181818181817,0.0,0.7444888817789153,0.7388257878739406,0.43395886827769914,0.5748006033003131,0.5610263522884882,0.6455598455598466,0.33046072257209147,0.3132451439679997,0.8642052565707132,0.7240300375469344,0.5289714444136413,0.4612856484316016,0.6131799163179914,0.02489539748953984,0.5835305639435244,0.6406692907278984,0.03435114503817083,0.09414758269720203,0.1632292280494969,0.43933964509479595
2026-07-01 02:15:00,boiler_1,0.632352941176471,0.44002559590465484,0.4098474341192784,0.9330413016270347,0.7163179916317994,0.1755725190839712,2,1,7,2,0,0.75,0.9330127018922194,0.5661764705882355,0.5588235294117654,0.5852272727272725,0.325727351591696,0.3695408734602461,0.12724364101743735,0.5512586690984138,0.3534396709590306,0.25034674063800466,0.17374517374517318,0.4030493868080889,0.2655659193297881,0.41989987484355495,0.5250312891113893,0.7097310784585531,0.5564374933291046,0.1286610878661092,0.8407949790794977,0.5349710275034685,0.5475401819402169,0.16030534351145143,0.5279898218829526,0.0,0.08210523134803216
2026-07-01 02:30:00,boiler_1,0.5367647058823541,0.19676851703727394,0.3654646324549251,0.47622027534418,0.28389121338912116,0.9440203562340965,2,1,7,2,0,0.75,0.9330127018922194,0.632352941176471,0.5441176470588243,0.5823863636363642,0.35426655722232014,0.44002559590465484,0.7444888817789153,0.345852031388735,0.20659960853873294,0.4098474341192784,0.5111969111969117,0.3095790520384476,0.10620538430582382,0.9330413016270347,0.8642052565707132,0.5378430828943719,0.5623748118273266,0.7163179916317994,0.6131799163179914,0.40651269076960705,0.5302922115994624,0.1755725190839712,0.03435114503817083,0.4213317619328212,0.8218239850334418
2026-07-01 02:45:00,boiler_1,0.625,0.24591265397536421,0.1969486823855764,0.9712140175219028,0.6667364016736399,0.029262086513996977,2,1,7,2,0,0.75,0.9330127018922194,0.5367647058823541,0.5661764705882355,0.6051136363636358,0.39402727468053333,0.19676851703727394,0.3695408734602461,0.29948885315927143,0.21346563976048288,0.3654646324549251,0.16525096525096572,0.28405701027510766,0.1716555786406949,0.47622027534418,0.41989987484355495,0.7820903798170225,0.5500734719214931,0.28389121338912116,0.1286610878661092,0.6164204684567052,0.40368761505162787,0.9440203562340965,0.16030534351145143,0.3606364172068339,0.9081237692839891
2026-07-01 03:00:00,boiler_1,0.7205882352941186,0.8567909134538478,0.7337031900138697,0.23091364205256593,0.4493723849372384,0.5623409669211199,3,1,7,2,0,0.8535533905932737,0.8535533905932737,0.625,0.632352941176471,0.6392045454545459,0.7578466133416868,0.24591265397536421,0.44002559590465484,0.4557845984017659,0.6871667683087,0.1969486823855764,0.3428571428571434,0.4388465362943297,0.5255292685852297,0.9712140175219028,0.9330413016270347,0.4710285555863596,0.7589080872273282,0.6667364016736399,0.7163179916317994,0.5122827062760145,0.3204211061770932,0.029262086513996977,0.1755725190839712,0.5397760754272216,0.8444301537970138
2026-07-01 03:15:00,boiler_1,0.6397058823529429,0.2118061110222369,0.45006934812760235,0.033166458072591,0.9332635983263597,0.6946564885496187,3,1,7,2,0,0.8535533905932737,0.8535533905932737,0.7205882352941186,0.5367647058823541,0.6789772727272734,0.37785797631134177,0.8567909134538478,0.19676851703727394,0.4614240119027615,0.6777311514505777,0.7337031900138697,0.29343629343629374,0.47928405701027543,0.5124842121860045,0.23091364205256593,0.47622027534418,0.2747435542001666,1.0,0.4493723849372384,0.28389121338912116,0.765608422427162,0.414338895287515,0.5623409669211199,0.9440203562340965,0.4242781378903935,0.6304284099187069
2026-07-01 03:30:00,boiler_1,0.5294117647058831,0.9786594144936815,0.7052704576976438,0.3510638297872344,0.10062761506276185,0.4109414758269718,3,1,7,2,0,0.8535533905932737,0.8535533905932737,0.6397058823529429,0.625,0.6420454545454559,0.7956739036956181,0.2118061110222369,0.24591265397536421,0.7362194331789489,0.7751277713833884,0.45006934812760235,0.10579150579150642,0.722240636393769,0.26739478585428855,0.033166458072591,0.9712140175219028,0.0,0.31405981057673943,0.9332635983263597,0.6667364016736399,0.544764547457766,0.7421968089050821,0.6946564885496187,0.029262086513996977,0.6010606953447262,0.2107577640764876
2026-07-01 03:45:00,boiler_1,0.5367647058823541,0.27643577027675637,0.18030513176144325,0.6677096370463085,0.14539748953974874,0.424936386768449,3,1,7,2,0,0.8535533905932737,0.8535533905932737,0.5294117647058831,0.7205882352941186,0.5710227272727293,0.47359144322519237,0.9786594144936815,0.8567909134538478,0.5185740682968971,0.8013277474359581,0.7052704576976438,0.7034749034749037,0.45773947630096146,0.4993805707600673,0.3510638297872344,0.23091364205256593,0.1935126143609649,0.6360192213279469,0.10062761506276185,0.4493723849372384,0.42618134334448765,0.8358125923186541,0.4109414758269718,0.5623409669211199,0.5374189746611666,0.24658628355372886
2026-07-01 04:00:00,boiler_1,0.5808823529411775,0.024796032634778697,0.307905686546464,0.041301627033793586,0.3458158995815901,0.24809160305343525,4,1,7,2,0,0.9330127018922193,0.75,0.5367647058823541,0.6397058823529429,0.5482954545454559,0.15593669289682932,0.27643577027675637,0.2118061110222369,0.4484413620983414,0.9381151633082286,0.18030513176144325,0.3876447876447884,0.3897911832946601,0.5239816108722624,0.6677096370463085,0.033166458072591,0.19711671749376247,0.6276771902810472,0.14539748953974874,0.9332635983263597,0.1970129764139399,0.20582803847099534,0.424936386768449,0.6946564885496187,0.3305833824395954,0.12363239115296404
2026-07-01 04:15:00,boiler_1,0.6176470588235299,0.2789953607422815,0.41539528432732453,0.41927409261576987,0.3864016736401674,0.4363867684478375,4,1,7,2,0,0.9330127018922193,0.75,0.5808823529411775,0.5294117647058831,0.5823863636363642,0.27481019689500424,0.024796032634778697,0.9786594144936815,0.18605265052434472,0.24794626061323538,0.307905686546464,0.6718146718146727,0.25124295657938234,0.1833713293739856,0.041301627033793586,0.3510638297872344,0.22733573606875357,0.6322329775595413,0.3458158995815901,0.10062761506276185,0.3084958785603522,0.20296445178813785,0.24809160305343525,0.4109414758269718,0.34236888626988815,0.13810504888456582
2026-07-01 04:30:00,boiler_1,0.5955882352941186,0.2569188929771249,0.2822468793342576,0.8742177722152693,0.39393305439330595,0.39058524173028175,4,1,7,2,0,0.9330127018922193,0.75,0.6176470588235299,0.5367647058823541,0.6051136363636376,0.06829344006560055,0.2789953607422815,0.27643577027675637,0.1787334117251813,0.23763030735098573,0.41539528432732453,0.08725868725868757,0.29996685449121685,0.08071569940080425,0.41927409261576987,0.6677096370463085,0.31882450790130257,0.8409580389515652,0.3864016736401674,0.14539748953974874,0.40545172610789226,0.010570522940795087,0.4363867684478375,0.424936386768449,0.3264584560989974,0.12340771400536196
2026-07-01 04:45:00,boiler_1,0.47794117647058876,0.7874260118381065,0.6414701803051326,0.6902377972465583,0.23179916317991678,0.22264631043257133,4,1,7,2,0,0.9330127018922193,0.75,0.5955882352941186,0.5808823529411775,0.5653409090909092,0.5998005166206369,0.2569188929771249,0.024796032634778697,0.46473566749058115,0.5532614272437312,0.2822468793342576,0.22934362934362973,0.4593967517401385,0.3228325439007408,0.8742177722152693,0.041301627033793586,0.6063210424175205,0.45441387924442456,0.39393305439330595,0.3458158995815901,0.36097282298212807,0.13298009686816956,0.39058524173028175,0.24809160305343525,0.3146729522687064,0.1520237949973003
2026-07-01 05:00:00,boiler_1,0.5735294117647074,0.6280915053591434,0.6858529819694876,0.8811013767209008,0.012343096234309847,0.5547073791348609,5,1,7,2,0,0.9829629131445342,0.6294095225512604,0.47794117647058876,0.6176470588235299,0.5482954545454559,0.4817668474767361,0.7874260118381065,0.2789953607422815,0.5956540519785936,0.4979659527033168,0.6414701803051326,0.3490347490347503,0.5886642359960206,0.40950309274883284,0.6902377972465583,0.41927409261576987,0.8109232048794022,0.20672811950308428,0.23179916317991678,0.3864016736401674,0.21504937566310378,0.31949521109839524,0.22264631043257133,0.4363867684478375,0.3694755450795508,0.25879690782809034
2026-07-01 05:15:00,boiler_1,0.5882352941176485,0.9613501839705645,0.8751733703190023,0.18773466833541974,0.5380753138075316,0.19974554707379255,5,1,7,2,0,0.9829629131445342,0.6294095225512604,0.5735294117647074,0.5955882352941186,0.5454545454545467,0.4568841906672458,0.6280915053591434,0.2569188929771249,0.8598305776199267,0.28886989932310364,0.6858529819694876,0.20077220077220126,0.8720583360954599,0.19739699247330428,0.8811013767209008,0.8742177722152693,0.5067923482118095,0.7200125071528222,0.012343096234309847,0.39393305439330595,0.27128050273402504,0.45480662601998717,0.5547073791348609,0.39058524173028175,0.28108426635238537,0.32390590267012837
2026-07-01 05:30:00,boiler_1,0.6176470588235299,0.9614141737322024,0.7558945908460473,0.7903629536921155,0.8556485355648538,0.5674300254452938,5,1,7,2,0,0.9829629131445342,0.6294095225512604,0.5882352941176485,0.47794117647058876,0.5994318181818183,0.10547103773506457,0.9613501839705645,0.7874260118381065,0.9250797917016609,0.33987716837285464,0.8751733703190023,0.6007722007721998,0.9267484255883343,0.1354401445843586,0.18773466833541974,0.6902377972465583,0.5511505406154695,0.7584145156195387,0.5380753138075316,0.23179916317991678,0.5146494735983032,0.7566909207471963,0.19974554707379255,0.22264631043257133,0.4407778432527998,0.34396458123472856
2026-07-01 05:45:00,boiler_1,0.7279411764705888,0.323916173412254,0.5173370319001389,0.92052565707134,0.45020920502092077,0.46437659033079015,5,1,7,2,0,0.9829629131445342,0.6294095225512604,0.6176470588235299,0.5735294117647074,0.6590909090909101,0.5861488083068139,0.9614141737322024,0.6280915053591434,0.8110076552038565,0.687844017976406,0.7558945908460473,0.6501930501930513,0.8462048392442831,0.324136270006242,0.7903629536921155,0.8811013767209008,0.5686165788744111,0.7873645531971808,0.8556485355648538,0.012343096234309847,0.6854647841344983,0.36011495326245296,0.5674300254452938,0.5547073791348609,0.39893930465527383,0.3059640341034671
2026-07-01 06:00:00,boiler_1,0.6102941176470598,0.7029275315949448,0.5776699029126231,0.424906132665833,0.7738493723849378,1.0,6,1,7,2,0,1.0,0.5,0.7279411764705888,0.5882352941176485,0.6676136363636358,0.5133894002612247,0.323916173412254,0.9613501839705645,0.7140937342516365,0.5939272554918206,0.5173370319001389,0.8610038610038604,0.7040106065628109,0.19722784970737173,0.92052565707134,0.18773466833541974,0.6736900471305791,0.5121220949671528,0.45020920502092077,0.5380753138075316,0.7774422590386045,0.3621943006416247,0.46437659033079015,0.19974554707379255,0.7695934001178539,0.4946425010797898
2026-07-01 06:15:00,boiler_1,0.6911764705882355,0.22613981762917934,0.34466019417475735,0.0406758448060085,0.8757322175732223,0.4516539440203573,6,1,7,2,0,1.0,0.5,0.6102941176470598,0.6176470588235299,0.6960227272727275,0.45970303152939945,0.7029275315949448,0.9614141737322024,0.4383504115571979,0.4575991711938703,0.5776699029126231,0.7281853281853277,0.5074577394762994,0.19045421958159875,0.424906132665833,0.7903629536921155,0.3415580815081798,0.8903512722130589,0.7738493723849378,0.8556485355648538,0.7852770750020417,0.376703700130492,1.0,0.5674300254452938,0.7159693576900388,0.5520752086920708
2026-07-01 06:30:00,boiler_1,0.8014705882352944,0.112621980483123,0.35228848821081904,0.8654568210262825,0.7334728033472806,0.935114503816795,6,1,7,2,0,1.0,0.5,0.6911764705882355,0.7279411764705888,0.7244318181818183,0.7956739036956706,0.22613981762917934,0.323916173412254,0.3591106524921406,0.579238081552491,0.34466019417475735,0.4625482625482622,0.4285714285714306,0.21543029936578567,0.0406758448060085,0.92052565707134,0.31716107568616536,0.8320448767674096,0.8757322175732223,0.45020920502092077,0.8957806251530247,0.09903580280597699,0.4516539440203573,0.46437659033079015,0.9340011785503837,0.5254086390942443
2026-07-01 06:45:00,boiler_1,0.9117647058823541,0.7714285714285714,0.7163661581137326,0.6051314142678352,0.12280334728033493,0.12595419847328415,6,1,7,2,0,1.0,0.5,0.8014705882352944,0.6102941176470598,0.8409090909090926,0.9302339923643524,0.112621980483123,0.7029275315949448,0.3847999808019953,0.6564482791607936,0.35228848821081904,0.5297297297297305,0.49486244613854957,0.3901086501730345,0.8654568210262825,0.424906132665833,0.39700582201275214,0.8503690722567935,0.7334728033472806,0.7738493723849378,0.6418020076715907,0.708381268770246,0.935114503816795,1.0,0.529169121979967,0.7399938248787099
2026-07-01 07:00:00,boiler_1,1.0,0.2231003039513677,0.2170596393897366,0.6664580725907392,0.7483263598326357,0.8893129770992374,7,1,7,2,0,0.9829629131445342,0.37059047744873974,0.9117647058823541,0.6911764705882355,0.9602272727272725,0.8285794924596552,0.7714285714285714,0.22613981762917934,0.38366009934966705,0.6576863850093312,0.7163661581137326,0.2702702702702702,0.43387470997679856,0.4900631657981293,0.6051314142678352,0.0406758448060085,0.6742445245356246,0.263893392510247,0.12280334728033493,0.8757322175732223,0.5920998939035336,0.6280368395360596,0.12595419847328415,0.4516539440203573,0.7318797878609331,0.8345745497842633
2026-07-01 07:15:00,boiler_1,0.9044117647058831,0.6731083026715732,0.595700416088766,0.3010012515644558,0.34999999999999964,0.024173027989824902,7,1,7,2,0,0.9829629131445342,0.37059047744873974,1.0,0.8014705882352944,1.0,0.39402727468088683,0.2231003039513677,0.112621980483123,0.5938542391591266,0.5378838711018251,0.2170596393897366,0.2787644787644794,0.5502154458070923,0.4950330598849086,0.6664580725907392,0.8654568210262825,0.42417521485999377,0.386339478906024,0.7483263598326357,0.7334728033472806,0.44250387660164936,0.5528778365026994,0.8893129770992374,0.935114503816795,0.30995875073659285,0.8711564448297224
2026-07-01 07:30:00,boiler_1,0.7941176470588243,0.2456566949288117,0.32454923717059714,0.6958698372966214,0.767782426778242,0.8320610687022896,7,1,7,2,0,0.9829629131445342,0.37059047744873974,0.9044117647058831,0.9117647058823541,0.954545454545455,0.8620086292890347,0.6731083026715732,0.7714285714285714,0.396678745410477,0.4609934025295169,0.595700416088766,0.6841698841698847,0.36294332117997996,0.35233820370336644,0.3010012515644558,0.6051314142678352,0.46437482672581076,0.4361863995912806,0.34999999999999964,0.12280334728033493,0.6941157267607929,0.4020840374511705,0.024173027989824902,0.12595419847328415,0.6370064820271057,0.8930219468891529
2026-07-01 07:45:00,boiler_1,0.7132352941176485,0.5329707246840512,0.5998613037447988,0.7315394242803501,0.7943514644351466,0.9643765903307902,7,1,7,2,0,0.9829629131445342,0.37059047744873974,0.7941176470588243,1.0,0.8437500000000009,0.795673903695743,0.2456566949288117,0.2231003039513677,0.512886659787382,0.39036807948802105,0.32454923717059714,0.12818532818532802,0.545906529665233,0.27081504295526754,0.6958698372966214,0.6664580725907392,0.4932076517881878,0.4751327062049024,0.767782426778242,0.7483263598326357,0.7120705133436713,0.4271514286572765,0.8320610687022896,0.8893129770992374,0.6717737183264596,0.9431963247705449
2026-07-01 08:00:00,boiler_1,0.6102941176470598,0.30062390017597185,0.3550624133148421,0.3911138923654569,0.8278242677824266,0.7328244274809155,8,1,7,2,0,0.9330127018922194,0.2500000000000001,0.7132352941176485,0.9044117647058831,0.7301136363636358,0.7596854176637493,0.5329707246840512,0.6731083026715732,0.37319718749249997,0.260788233068738,0.5998613037447988,0.5498069498069498,0.43089161418627775,0.2558733538990083,0.7315394242803501,0.3010012515644558,0.5331300249514825,0.36865438759475383,0.7943514644351466,0.34999999999999964,0.8984738431404571,0.018413980699363543,0.9643765903307902,0.024173027989824902,1.0,0.15927485959637866
2026-07-01 08:15:00,boiler_1,0.632352941176471,0.5804831227003682,0.7316227461858542,0.9142678347934918,0.4518828451882846,0.3664122137404586,8,1,7,2,0,0.9330127018922194,0.2500000000000001,0.6102941176470598,0.7941176470588243,0.6676136363636367,0.40348234036393865,0.30062390017597185,0.2456566949288117,0.4987641285306319,0.2553341956798839,0.3550624133148421,0.24787644787644858,0.6254557507457719,0.34352425648590035,0.3911138923654569,0.6958698372966214,0.6298863321319663,0.5297011962906347,0.8278242677824266,0.767782426778242,0.7752387170488868,0.3503637828637068,0.7328244274809155,0.8320610687022896,0.7843252799057172,0.529175954828604
2026-07-01 08:30:00,boiler_1,0.5294117647058831,0.1239801631738926,0.26837725381414756,0.9580725907384231,0.49121338912133883,0.43511450381679495,8,1,7,2,0,0.9330127018922194,0.2500000000000001,0.632352941176471,0.7132352941176485,0.5965909090909092,0.40348234036389724,0.5804831227003682,0.5329707246840512,0.34538408005567334,0.4147003039318313,0.7316227461858542,0.5544401544401545,0.46702021876035893,0.4639426981266724,0.9142678347934918,0.7315394242803501,0.7302467424452468,0.632276750302092,0.4518828451882846,0.7943514644351466,0.6569819636007512,0.3477016165033135,0.3664122137404586,0.9643765903307902,0.5391868002357079,0.31614614849009554
2026-07-01 08:45:00,boiler_1,0.5294117647058831,0.3362661974084151,0.2857142857142865,1.0,0.14079497907949756,0.7226463104325713,8,1,7,2,0,0.9330127018922194,0.2500000000000001,0.5294117647058831,0.6102941176470598,0.5653409090909101,0.45262923499865465,0.1239801631738926,0.30062390017597185,0.35875068992824755,0.411231856526825,0.26837725381414756,0.28185328185328196,0.43387470997679856,0.49954843034951063,0.9580725907384231,0.3911138923654569,1.0,0.07241465300541708,0.49121338912133883,0.8278242677824266,0.3889659675181596,0.3203515167641444,0.43511450381679495,0.7328244274809155,0.5344725987035943,0.3046074937109038
2026-07-01 09:00:00,boiler_1,0.632352941176471,0.8313869780835068,0.9216366158113747,0.18836045056320483,0.5451882845188281,0.6043256997455462,9,1,7,2,0,0.8535533905932737,0.14644660940672627,0.5294117647058831,0.632352941176471,0.5653409090909101,0.45262923499865465,0.3362661974084151,0.5804831227003682,0.4528449041299707,0.6778646435319373,0.2857142857142865,0.7011583011583014,0.5246934040437505,0.738827669878523,1.0,0.9142678347934918,0.6784031050734685,0.9229667732216317,0.14079497907949756,0.4518828451882846,0.4253652166816284,0.37181108336416013,0.7226463104325713,0.3664122137404586,0.6446670595167951,0.21584735871037464
2026-07-01 09:15:00,boiler_1,0.625,0.42274836026235807,0.46532593619972396,0.26032540675844906,0.8288702928870291,0.4402035623409688,9,1,7,2,0,0.8535533905932737,0.14644660940672627,0.632352941176471,0.5294117647058831,0.6022727272727284,0.433803287309584,0.8313869780835068,0.1239801631738926,0.5648892515178421,0.482591391094524,0.9216366158113747,0.18532818532818673,0.6188266489890637,0.6419158338533744,0.18836045056320483,0.9580725907384231,0.36928195176046685,0.9071331082295582,0.5451882845188281,0.49121338912133883,0.5570880600669232,0.6072638301754096,0.6043256997455462,0.43511450381679495,0.6470241602828501,0.21050733563713764
2026-07-01 09:30:00,boiler_1,0.5441176470588243,0.6137258038713815,0.43828016643550605,0.5863579474342933,0.7606694560669456,0.1793893129771007,9,1,7,2,0,0.8535533905932737,0.14644660940672627,0.625,0.5294117647058831,0.6079545454545459,0.354266557222461,0.42274836026235807,0.3362661974084151,0.6689424299872826,0.3637313654048476,0.46532593619972396,0.20463320463320578,0.6917467683128944,0.5191907692471021,0.26032540675844906,1.0,0.18602716939284836,0.4199706425769676,0.8288702928870291,0.14079497907949756,0.798906390271771,0.23848175635358154,0.4402035623409688,0.7226463104325713,0.3954036535061842,0.35511497509173007
2026-07-01 09:45:00,boiler_1,0.647058823529413,0.6824188129899218,0.6199722607489591,0.5588235294117654,0.5991631799163186,0.8129770992366403,9,1,7,2,0,0.8535533905932737,0.14644660940672627,0.5441176470588243,0.632352941176471,0.6136363636363633,0.40348234036390823,0.6137258038713815,0.8313869780835068,0.6130762400710328,0.2251992122900383,0.43828016643550605,0.9127413127413142,0.5475638051044065,0.14047695507677982,0.5863579474342933,0.18836045056320483,0.3501524812863872,0.3557383074364925,0.7606694560669456,0.5451882845188281,0.8199624581735101,0.18232872407788409,0.1793893129771007,0.6043256997455462,0.49204478491455284,0.562969657825548
2026-07-01 10:00:00,boiler_1,0.5955882352941186,0.15936650135978336,0.28432732316227494,0.183979974968711,0.08598326359832686,0.0,10,1,7,2,0,0.75,0.06698729810778065,0.647058823529413,0.625,0.6022727272727284,0.3778579763114129,0.6824188129899218,0.42274836026235807,0.5143025125386966,0.5217939943367923,0.6199722607489591,0.40463320463320507,0.4610540271793173,0.2931787056872612,0.5588235294117654,0.26032540675844906,0.31632935957859765,0.44606043370578746,0.5991631799163186,0.8288702928870291,0.5301558801926074,0.6193681754343664,0.8129770992366403,0.4402035623409688,0.28815556865055925,0.779863110868888
2026-07-01 10:15:00,boiler_1,0.5147058823529429,0.5374820028795391,0.6241331484049937,0.6420525657071341,1.0000000000000004,0.4007633587786277,10,1,7,2,0,0.75,0.06698729810778065,0.5955882352941186,0.5441176470588243,0.5909090909090917,0.5210456968293035,0.15936650135978336,0.6137258038713815,0.4857094862134339,0.49368308666607885,0.28432732316227494,0.37451737451737444,0.5498839907192572,0.3520557780051578,0.183979974968711,0.5863579474342933,0.3410036041031326,0.48555824261477804,0.08598326359832686,0.7606694560669456,0.6235207704235703,0.8168321732881267,0.0,0.1793893129771007,0.3906894519740707,0.7387298750220124
2026-07-01 10:30:00,boiler_1,0.632352941176471,0.562661974084147,0.7073509015256594,0.7765957446808516,0.7550209205020919,0.7493638676844778,10,1,7,2,0,0.75,0.06698729810778065,0.5147058823529429,0.647058823529413,0.5852272727272725,0.4597030315294009,0.5374820028795391,0.6824188129899218,0.440798156991673,0.4062534876878202,0.6241331484049937,0.5768339768339761,0.5916473317865432,0.4155715963385816,0.6420525657071341,0.5588235294117654,0.4374826725810923,0.6224764866316423,1.0000000000000004,0.5991631799163186,0.6843222068064962,0.8447385403365824,0.4007633587786277,0.8129770992366403,0.3612256923983477,0.6758261051597928
2026-07-01 10:45:00,boiler_1,0.5661764705882355,0.666453367461207,0.6754507628294046,0.8448060075093871,0.5493723849372381,0.8562340966921127,10,1,7,2,0,0.75,0.06698729810778065,0.632352941176471,0.5955882352941186,0.5738636363636358,0.4483415893684923,0.562661974084147,0.15936650135978336,0.6309663794965319,0.09405677905652392,0.7073509015256594,0.20308880308880362,0.7785880013258204,0.01818885913548042,0.7765957446808516,0.183979974968711,0.7302467424452468,0.19626659287839154,0.7550209205020919,0.08598326359832686,0.8650942626295608,0.38307552037582177,0.7493638676844778,0.0,0.7578078962875665,0.40280089867030416
2026-07-01 11:00:00,boiler_1,0.5147058823529429,0.9258998560230367,1.0,0.9236545682102628,0.44790794979079473,0.04961832061068705,11,1,7,2,0,0.6294095225512605,0.0170370868554659,0.5661764705882355,0.5147058823529429,0.5738636363636358,0.4483415893684923,0.666453367461207,0.5374820028795391,0.7766312303520424,0.3293150309406265,0.6754507628294046,0.5814671814671808,0.9582366589327158,0.31689429529817226,0.8448060075093871,0.6420525657071341,0.855004158580539,0.13551977857171832,0.5493723849372381,1.0000000000000004,0.6497184363013151,0.2541454244539021,0.8562340966921127,0.4007633587786277,0.595167943429578,0.8018337929687983
2026-07-01 11:15:00,boiler_1,0.5514705882352944,0.6843065109582467,0.48821081830790725,0.25344180225281576,0.06903765690376584,0.37659033078880455,11,1,7,2,0,0.6294095225512605,0.0170370868554659,0.5147058823529429,0.632352941176471,0.5426136363636367,0.14348146841706544,0.9258998560230367,0.562661974084147,0.8222504859494606,0.2457353441873028,1.0,0.674131274131275,0.8534968511766685,0.49159094156109956,0.9236545682102628,0.7765957446808516,0.6232326032714175,0.736747896063735,0.44790794979079473,0.7550209205020919,0.38211050355015175,0.43449161211046045,0.04961832061068705,0.7493638676844778,0.4225103123158487,0.7371468314288967
2026-07-01 11:30:00,boiler_1,0.5955882352941186,1.0,0.9819694868238553,0.886733416770964,0.6257322175732214,0.3142493638676864,11,1,7,2,0,0.6294095225512605,0.0170370868554659,0.5514705882352944,0.5661764705882355,0.5539772727272751,0.2748101968951355,0.6843065109582467,0.666453367461207,0.9473374769024012,0.28570669393446,0.48821081830790725,0.6386100386100395,1.0,0.5602579771045952,0.25344180225281576,0.8448060075093871,0.6418075963404481,0.7581669001039043,0.06903765690376584,0.5493723849372381,0.4118991267444718,0.4926230759600251,0.37659033078880455,0.8562340966921127,0.17147908073070006,0.2739016959614275
2026-07-01 11:45:00,boiler_1,0.6397058823529429,0.12327627579587297,0.10194174757281615,0.424906132665833,0.9399581589958159,0.13231552162850058,11,1,7,2,0,0.6294095225512605,0.0170370868554659,0.5955882352941186,0.5147058823529429,0.6022727272727284,0.308810974304821,1.0,0.9258998560230367,0.6463367809747789,0.8384410586052986,0.9819694868238553,1.0,0.5707656612529028,0.8890579160812917,0.886733416770964,0.9236545682102628,0.42084835042972024,0.6571345418162705,0.6257322175732214,0.44790794979079473,0.6038521178486915,0.784923357260411,0.3142493638676864,0.04961832061068705,0.20978196817913997,0.18073735752775705
2026-07-01 12:00:00,boiler_1,0.5735294117647074,0.1150855863061917,0.16088765603328703,0.5550688360450566,0.1060669456066945,0.8117048346055995,12,1,7,2,0,0.5000000000000001,0.0,0.6397058823529429,0.5514705882352944,0.610795454545455,0.21094207547026583,0.12327627579587297,0.6843065109582467,0.4328669818338886,0.9662648106130237,0.10194174757281615,0.430115830115831,0.4143188597944949,1.0,0.424906132665833,0.25344180225281576,0.5544774050457439,0.4734618994642292,0.9399581589958159,0.06903765690376584,0.6182975597812792,0.747792673567277,0.13231552162850058,0.37659033078880455,0.41131408367707856,0.6293422721527204
2026-07-01 12:15:00,boiler_1,0.6397058823529429,0.5246200607902738,0.6206657420249666,0.20337922403003805,0.13012552301255242,0.3486005089058537,12,1,7,2,0,0.5000000000000001,0.0,0.5735294117647074,0.5955882352941186,0.627840909090911,0.25330770902247185,0.1150855863061917,1.0,0.2545895226896402,0.42248366827737044,0.16088765603328703,0.979922779922779,0.2416307590321498,0.5462629655157214,0.5550688360450566,0.886733416770964,0.251732741890768,0.34957727311196907,0.1060669456066945,0.6257322175732214,0.424957153350201,0.8476017304105721,0.8117048346055995,0.3142493638676864,0.4272245138479658,0.6201468313545847
2026-07-01 12:30:00,boiler_1,0.5147058823529429,0.24200927851543774,0.44798890429958504,0.25344180225281576,0.1462343096234311,0.7773536895674305,12,1,7,2,0,0.5000000000000001,0.0,0.6397058823529429,0.6397058823529429,0.5795454545454568,0.48176684747686244,0.5246200607902738,0.12327627579587297,0.29911689184324697,0.37398890425338366,0.6206657420249666,0.0,0.4070268478621131,0.4333405170764411,0.20337922403003805,0.424906132665833,0.17576933739950018,0.37512496440068155,0.13012552301255242,0.9399581589958159,0.11531869746184586,0.0,0.3486005089058537,0.13231552162850058,0.725987035945785,0.442403676165659
2026-07-01 12:45:00,boiler_1,0.6176470588235299,0.8853943369060948,0.7510402219140087,0.6583229036295375,0.24853556485355632,0.7073791348600516,12,1,7,2,0,0.5000000000000001,0.0,0.5147058823529429,0.5735294117647074,0.5965909090909092,0.5210456968293082,0.24200927851543774,0.1150855863061917,0.5879988481197964,0.597574340294337,0.44798890429958504,0.06563706563706617,0.6890951276102086,0.2582750167651087,0.25344180225281576,0.5550688360450566,0.22151372331577424,0.4967566797893464,0.1462343096234311,0.1060669456066945,0.17089692320248062,0.08207909105462302,0.7773536895674305,0.8117048346055995,0.6776664702416024,0.3864964083914288
2026-07-01 13:00:00,boiler_1,0.5735294117647074,0.014877619580867751,0.201803051317615,0.6389236545682113,0.27092050209205,0.7251908396946565,13,1,7,2,0,0.37059047744873963,0.01703708685546579,0.6176470588235299,0.6397058823529429,0.5710227272727275,0.37949916614123574,0.8853943369060948,0.5246200607902738,0.3968347291881642,0.8532903159847808,0.7510402219140087,0.577606177606178,0.4888962545575044,0.5268568339846196,0.6583229036295375,0.20337922403003805,0.41447186027169547,0.4534088014399405,0.24853556485355632,0.13012552301255242,0.22582224761282976,0.08628261298216425,0.7073791348600516,0.3486005089058537,0.8520919269298766,0.0
2026-07-01 13:15:00,boiler_1,0.48529411764705976,0.6301071828507441,0.5686546463245499,0.48560700876095186,0.9847280334728032,0.6424936386768465,13,1,7,2,0,0.37059047744873963,0.01703708685546579,0.5735294117647074,0.5147058823529429,0.5596590909090908,0.5273551886752296,0.014877619580867751,0.24200927851543774,0.5423795925223773,0.8452627509456213,0.201803051317615,0.385328185328186,0.5465694398409031,0.5369484992977849,0.6389236545682113,0.25344180225281576,0.5173274189076791,0.17869856813030682,0.27092050209205,0.1462343096234311,0.552925814086346,0.7432908633597275,0.7251908396946565,0.7773536895674305,0.7896287566293445,0.014288021305494128
2026-07-01 13:30:00,boiler_1,0.4558823529411775,0.5886098224284115,0.5478502080443839,0.8072590738423031,0.43138075313807533,0.536895674300256,13,1,7,2,0,0.37059047744873963,0.01703708685546579,0.48529411764705976,0.6176470588235299,0.4971590909090917,0.46946014803401476,0.6301071828507441,0.8853943369060948,0.4310791677665513,0.6399119248801235,0.5686546463245499,0.7227799227799228,0.4494530991050709,0.37619250500708556,0.48560700876095186,0.6583229036295375,0.5833102301081237,0.3148097404501065,0.9847280334728032,0.24853556485355632,0.6242552844201423,0.6607812961804331,0.6424936386768465,0.7073791348600516,0.7106658809664115,0.11578609108849841
2026-07-01 13:45:00,boiler_1,0.5808823529411775,0.6051191809310517,0.434119278779475,0.8848560700876096,0.9499999999999997,0.263358778625955,13,1,7,2,0,0.37059047744873963,0.01703708685546579,0.4558823529411775,0.5735294117647074,0.5,0.5082321400326287,0.5886098224284115,0.014877619580867751,0.6524321470567065,0.0,0.5478502080443839,0.11119691119691133,0.5604905535299967,0.08459589378356025,0.8072590738423031,0.6389236545682113,0.6922650401996124,0.4191652571163697,0.43138075313807533,0.27092050209205,0.8891699991838742,0.5403774615064787,0.536895674300256,0.7251908396946565,0.4967589864466717,0.3179416561600122
2026-07-01 14:00:00,boiler_1,0.6617647058823541,0.2481522956326998,0.17337031900138733,0.5644555694618285,0.6066945606694563,0.6335877862595432,14,1,7,2,0,0.2500000000000001,0.06698729810778059,0.5808823529411775,0.48529411764705976,0.5681818181818201,0.8685567897598457,0.6051191809310517,0.6301071828507441,0.5091910441314109,0.357854066100849,0.434119278779475,0.5196911196911209,0.371561153463702,0.3454937757337517,0.8848560700876096,0.48560700876095186,0.7271971167174947,0.32767525259629493,0.9499999999999997,0.9847280334728032,0.7416959112054204,0.45433495694273,0.263358778625955,0.6424936386768465,0.49263406010606836,0.3106699094048858
2026-07-01 14:15:00,boiler_1,0.7794117647058831,0.12906734922412522,0.13037447988904383,0.04755944931164002,0.7491631799163181,0.838422391857506,14,1,7,2,0,0.2500000000000001,0.06698729810778059,0.6617647058823541,0.4558823529411775,0.6931818181818183,0.8319760510500531,0.2481522956326998,0.5886098224284115,0.336852967291402,0.44946551092925496,0.17337031900138733,0.49652509652509735,0.1720251905866732,0.28522294672870874,0.5644555694618285,0.8072590738423031,0.39062933185472737,0.8520969535487108,0.6066945606694563,0.43138075313807533,0.8656655512935618,0.2839947756421848,0.6335877862595432,0.536895674300256,0.6322922804949904,0.509143427463779
2026-07-01 14:30:00,boiler_1,0.8088235294117654,0.847608382658775,0.8779472954230236,0.31914893617021356,0.3307531380753139,0.6603053435114514,14,1,7,2,0,0.2500000000000001,0.06698729810778059,0.7794117647058831,0.5808823529411775,0.7812500000000018,0.6252537466014684,0.12906734922412522,0.6051191809310517,0.42779150968299273,0.7216522741717368,0.13037447988904383,0.3698841698841715,0.3841564468014571,0.8424595002491633,0.04755944931164002,0.8848560700876096,0.14000554477405025,0.5154277634173933,0.7491631799163181,0.9499999999999997,0.6240920590875723,0.3590595850441955,0.838422391857506,0.263358778625955,0.8161461402474952,0.14966219598507052
2026-07-01 14:45:00,boiler_1,0.8161764705882355,0.5880979043353065,0.7038834951456323,0.4424280350438057,0.6610878661087862,0.9045801526717572,14,1,7,2,0,0.2500000000000001,0.06698729810778059,0.8088235294117654,0.6617647058823541,0.8409090909090917,0.07721015834975085,0.847608382658775,0.2481522956326998,0.5552782510618908,0.6795554787337234,0.8779472954230236,0.07953667953668031,0.6377195889956901,0.7800944225780986,0.31914893617021356,0.5644555694618285,0.08594399778209016,0.39930566792777794,0.3307531380753139,0.6066945606694563,0.6453113523218814,0.37372150377319874,0.6603053435114514,0.6335877862595432,0.9416617560400731,0.17957658740014193
2026-07-01 15:00:00,boiler_1,0.897058823529413,0.882418812989922,0.7919556171983366,0.42866082603254174,0.8326359832635988,0.33587786259542085,15,1,7,2,0,0.14644660940672644,0.14644660940672605,0.8161764705882355,0.7794117647058831,0.8863636363636367,0.3542665572226171,0.5880979043353065,0.12906734922412522,0.8378008687096532,0.2772576846175604,0.7038834951456323,0.03166023166023102,0.9539277427908512,0.11648460487852125,0.4424280350438057,0.04755944931164002,0.25478236761851925,0.12311213796520276,0.6610878661087862,0.7491631799163181,0.6778748061699185,0.43808607080721146,0.9045801526717572,0.838422391857506,0.7088980553918667,0.4968132510232316
2026-07-01 15:15:00,boiler_1,0.8161764705882355,0.9324588065909456,0.8744798890429966,0.42991239048811103,0.5573221757322178,0.5572519083969478,15,1,7,2,0,0.14644660940672644,0.14644660940672605,0.897058823529413,0.8088235294117654,0.8892045454545459,0.3330363194130965,0.882418812989922,0.847608382658775,0.8696215593578263,0.32726748979931924,0.7919556171983366,0.8640926640926629,0.952270467351676,0.11273001028167182,0.42866082603254174,0.31914893617021356,0.3038536179650677,0.0,0.8326359832635988,0.3307531380753139,0.7662613237574485,0.22162941426998023,0.33587786259542085,0.6603053435114514,0.6611667648791979,0.49955830684256064
2026-07-01 15:30:00,boiler_1,0.7794117647058831,0.9357542793153097,0.7975034674063792,0.0826032540675854,0.4121338912133887,0.3269720101781175,15,1,7,2,0,0.14644660940672644,0.14644660940672605,0.8161764705882355,0.8161764705882355,0.8750000000000009,0.45970303152953956,0.9324588065909456,0.5880979043353065,1.0,0.017822467798283344,0.8744798890429966,0.6702702702702705,0.9970169042094792,0.027227913614081445,0.42991239048811103,0.4424280350438057,0.14444136401441732,0.39547650294222175,0.5573221757322178,0.6610878661087862,0.6691422508773366,0.3606575462812755,0.5572519083969478,0.9045801526717572,0.393635827931643,0.18779142831772716
2026-07-01 15:45:00,boiler_1,0.7205882352941186,0.6885298352263636,0.5755894590846058,0.3829787234042561,0.9924686192468619,0.20356234096692205,15,1,7,2,0,0.14644660940672644,0.14644660940672605,0.7794117647058831,0.897058823529413,0.8068181818181834,0.347300433210956,0.9357542793153097,0.882418812989922,0.9272875620935421,0.23955416188786705,0.7975034674063792,0.7683397683397697,0.8936029168047703,0.265202116133088,0.0826032540675854,0.42866082603254174,0.12420293873024679,0.37140161178557773,0.4121338912133887,0.8326359832635988,0.7314943279196937,0.525572149042411,0.3269720101781175,0.33587786259542085,0.332351208014142,0.285703502019814
2026-07-01 16:00:00,boiler_1,0.6397058823529429,0.7472084466485365,0.5381414701803067,0.5531914893617023,0.9899581589958157,0.3409669211195947,16,1,7,2,0,0.06698729810778076,0.24999999999999978,0.7205882352941186,0.8161764705882355,0.7386363636363651,0.5531953818093729,0.6885298352263636,0.9324588065909456,0.8578147872621242,0.21454633760012976,0.5755894590846058,0.8602316602316602,0.7328471992045067,0.2324657166424851,0.3829787234042561,0.42991239048811103,0.1788189631272532,0.4737657999043411,0.9924686192468619,0.5573221757322178,0.9002693217987439,0.5858820157126484,0.20356234096692205,0.5572519083969478,0.23217442545668732,0.07833564715032298
2026-07-01 16:15:00,boiler_1,0.5882352941176485,0.2593505039193733,0.4119278779472957,0.06508135168961271,0.6677824267782433,0.7989821882951649,16,1,7,2,0,0.06698729810778076,0.24999999999999978,0.6397058823529429,0.7794117647058831,0.6647727272727293,0.5210456968293276,0.7472084466485365,0.9357542793153097,0.6041491684864759,0.48634554003537067,0.5381414701803067,0.7745173745173748,0.5485581703679152,0.11368082174450878,0.5531914893617023,0.0826032540675854,0.17105627945661261,0.4932275044360816,0.9899581589958157,0.4121338912133887,1.0,0.3105908895042734,0.3409669211195947,0.3269720101781175,0.4507955215085442,0.5496499998064965
2026-07-01 16:30:00,boiler_1,0.6102941176470598,0.7879379299312106,0.8723994452149793,0.42928660826032594,0.010669456066945582,0.9910941475826966,16,1,7,2,0,0.06698729810778076,0.24999999999999978,0.5882352941176485,0.7205882352941186,0.6221590909090917,0.1370140642033183,0.2593505039193733,0.6885298352263636,0.6414292913536981,0.5413923676909681,0.4119278779472957,0.5274131274131282,0.6904209479615524,0.4457556855820431,0.06508135168961271,0.3829787234042561,0.19157194344330541,0.5054922336061165,0.6677824267782433,0.9924686192468619,0.6169917571207053,0.893194894761281,0.7989821882951649,0.20356234096692205,0.8155568650559797,0.5940353651144183
2026-07-01 16:45:00,boiler_1,0.4926470588235299,0.321804511278196,0.37517337031900233,0.20713391739674591,0.24937238493723868,0.011450381679390276,16,1,7,2,0,0.06698729810778076,0.24999999999999978,0.6102941176470598,0.6397058823529429,0.5653409090909101,0.4817668474768632,0.7879379299312106,0.7472084466485365,0.48189388303616365,0.5309221192735898,0.8723994452149793,0.48571428571428754,0.6125290023201835,0.5311440301505341,0.42928660826032594,0.5531914893617023,0.03825894094815574,0.3613936952929745,0.010669456066945582,0.9899581589958157,0.3280829184689473,0.5826977002248082,0.9910941475826966,0.3409669211195947,0.6629345904537427,0.963464878560207
2026-07-01 17:00:00,boiler_1,0.4485294117647056,0.22645976643736976,0.4438280166435522,0.8886107634543183,0.7043933054393308,0.8842239185750635,17,1,7,2,0,0.01703708685546579,0.37059047744873974,0.4926470588235299,0.5882352941176485,0.5113636363636367,0.6797647087360118,0.321804511278196,0.2593505039193733,0.4695591658467517,0.5539222662245945,0.37517337031900233,0.34517374517374577,0.6277759363606226,0.5145101835709915,0.20713391739674591,0.06508135168961271,0.40310507346825464,0.6982063211687459,0.24937238493723868,0.6677824267782433,0.34236513506896404,0.6196489590001522,0.011450381679390276,0.7989821882951649,0.7024160282852101,1.0
2026-07-01 17:15:00,boiler_1,0.3676470588235299,0.5951367781155019,0.5284327323162277,0.41051314142678397,0.39225941422594124,0.9007633587786277,17,1,7,2,0,0.01703708685546579,0.37059047744873974,0.4485294117647056,0.6102941176470598,0.4176136363636367,0.48982998762970004,0.22645976643736976,0.7879379299312106,0.3972546855127055,0.33777639452887875,0.4438280166435522,0.8579150579150578,0.46337421279416446,0.09408438796644997,0.8886107634543183,0.42928660826032594,0.3947879123925704,0.7029234542816616,0.7043933054393308,0.010669456066945582,0.49122663837427627,0.39631373950816035,0.8842239185750635,0.9910941475826966,0.6605774896876841,0.9427751849207356
2026-07-01 17:30:00,boiler_1,0.24264705882352988,0.5737961926091835,0.5090152565880732,0.9286608260325409,0.13933054393305433,0.4491094147582704,17,1,7,2,0,0.01703708685546579,0.37059047744873974,0.3676470588235299,0.4926470588235299,0.3210227272727275,0.868556789759812,0.5951367781155019,0.321804511278196,0.49175685728684115,0.36869688149012575,0.5284327323162277,0.30424710424710355,0.5273450447464345,0.023279376458264833,0.41051314142678397,0.20713391739674591,0.7144441364014407,0.5764875124416953,0.39225941422594124,0.24937238493723868,0.4482983759079415,0.4902252614013918,0.9007633587786277,0.011450381679390276,0.8632881555686502,0.43859599493198187
2026-07-01 17:45:00,boiler_1,0.3161764705882364,0.9034714445688694,0.8030513176144254,0.08510638297872397,0.6104602510460251,0.08142493638676918,17,1,7,2,0,0.01703708685546579,0.37059047744873974,0.24264705882352988,0.4485294117647056,0.2698863636363642,0.484466806012486,0.5737961926091835,0.22645976643736976,0.7456504523529546,0.3241466853113311,0.5090152565880732,0.3806949806949813,0.6990387802452762,0.2853888956368353,0.9286608260325409,0.8886107634543183,0.3584696423620741,0.8581718294073772,0.13933054393305433,0.7043933054393308,0.4116542887456127,0.4020598025159503,0.4491094147582704,0.8842239185750635,0.4914555097230391,0.7464811345100655
2026-07-01 18:00:00,boiler_1,0.3308823529411775,0.764037753959367,0.5638002773925095,0.5801001251564459,0.9543933054393308,0.721374045801527,18,1,7,2,0,0.0,0.4999999999999999,0.3161764705882364,0.3676470588235299,0.25568181818181834,0.33843907789527383,0.9034714445688694,0.5951367781155019,0.808991864846055,0.2865046954439947,0.8030513176144254,0.47490347490347595,0.7159429897248923,0.2677618433977755,0.08510638297872397,0.41051314142678397,0.43360133074577245,0.8550065586075439,0.6104602510460251,0.39225941422594124,0.6309475230555792,0.7254854297664877,0.08142493638676918,0.9007633587786277,0.4083677077195027,0.5683977399043117
2026-07-01 18:15:00,boiler_1,0.21323529411764763,0.0,0.17059639389736603,0.12077596996245354,0.6828451882845195,0.1017811704834628,18,1,7,2,0,0.0,0.4999999999999999,0.3308823529411775,0.24264705882352988,0.24431818181818254,0.49646677046758586,0.764037753959367,0.5737961926091835,0.593806244150608,0.9223432537037056,0.5638002773925095,0.4532818532818528,0.5541929068611218,0.6233571023300637,0.5801001251564459,0.9286608260325409,0.07568616578874376,0.5513821953557064,0.9543933054393308,0.13933054393305433,0.8429772300661069,0.300492380194596,0.721374045801527,0.4491094147582704,0.24749558043606257,0.6533859512789659
2026-07-01 18:30:00,boiler_1,0.16176470588235414,0.8826427771556551,0.766296809986132,0.7972465581977479,0.8529288702928874,0.9452926208651409,18,1,7,2,0,0.0,0.4999999999999999,0.21323529411764763,0.3161764705882364,0.18465909090909172,0.70858111020647,0.0,0.9034714445688694,0.5859950565141228,0.9077793858636489,0.17059639389736603,0.7806949806949817,0.5366257872058338,0.5874858355606813,0.12077596996245354,0.08510638297872397,0.3911838092597728,0.6937613925523983,0.6828451882845195,0.6104602510460251,0.9375663102913583,0.21821769955382397,0.1017811704834628,0.08142493638676918,0.6476134354743657,0.7994968933572049
2026-07-01 18:45:00,boiler_1,0.10294117647058876,0.1625019996800523,0.3626907073509038,0.0919899874843555,0.44999999999999973,0.4821882951653951,18,1,7,2,0,0.0,0.4999999999999999,0.16176470588235414,0.3308823529411775,0.09659090909091006,0.41276492980329443,0.8826427771556551,0.764037753959367,0.3604065177221569,0.8893982365693317,0.766296809986132,0.5142857142857142,0.44050381173351205,0.5899927499081585,0.7972465581977479,0.5801001251564459,0.17493762129193158,0.8041504187140335,0.8529288702928874,0.9543933054393308,0.7407981718762766,0.339575933293881,0.9452926208651409,0.721374045801527,0.5368296994696529,0.7705211134334853
2026-07-01 19:00:00,boiler_1,0.0,0.7041433370660695,0.5062413314840501,0.6051314142678352,0.04623430962343145,0.586513994910943,19,1,7,2,0,0.01703708685546579,0.6294095225512601,0.10294117647058876,0.21323529411764763,0.014204545454546746,0.6634038365303413,0.1625019996800523,0.0,0.6244750545943223,0.7016719994388146,0.3626907073509038,0.07644787644787776,0.6009280742459424,0.37297958109679197,0.0919899874843555,0.12077596996245354,0.3895203770446356,0.7332330952710336,0.44999999999999973,0.6828451882845195,0.4924508283685629,0.7146025272596352,0.4821882951653951,0.1017811704834628,0.7613435474366543,0.4122553547930037
2026-07-01 19:15:00,boiler_1,0.125,0.6505839065749486,0.6816920943134548,0.7096370463078854,0.5667364016736403,0.17048346055979735,19,1,7,2,0,0.01703708685546579,0.6294095225512601,0.0,0.16176470588235414,0.0,0.5210456968291819,0.7041433370660695,0.8826427771556551,0.537448105397039,0.5499738490600355,0.5062413314840501,0.7397683397683394,0.5604905535299967,0.27518385130821055,0.6051314142678352,0.7972465581977479,0.35070695869143353,0.6633661622680751,0.04623430962343145,0.8529288702928874,0.38080470088957874,0.47171359966014403,0.586513994910943,0.9452926208651409,0.4024749558043599,0.35943487431187965
2026-07-01 19:30:00,boiler_1,0.22794117647058876,0.6234202527595585,0.7226074895977828,0.6145181476846062,0.7746861924686193,0.10050890585241845,19,1,7,2,0,0.01703708685546579,0.6294095225512601,0.125,0.10294117647058876,0.04829545454545503,0.9664266836687173,0.6505839065749486,0.1625019996800523,0.7103021285786273,0.03998876949868624,0.6816920943134548,0.2903474903474912,0.7325157441166716,0.17738105595143366,0.7096370463078854,0.0919899874843555,0.5822012752980319,0.10311675247149979,0.5667364016736403,0.44999999999999973,0.5074675589651534,0.6621685632294271,0.17048346055979735,0.4821882951653951,0.2256923983500272,0.45179578238958307
2026-07-01 19:45:00,boiler_1,0.17647058823529438,0.6722764357702768,0.5478502080443839,0.26282853566958764,0.7341004184100419,0.755725190839696,19,1,7,2,0,0.01703708685546579,0.6294095225512601,0.22794117647058876,0.0,0.11647727272727249,0.37785797631129764,0.6234202527595585,0.7041433370660695,0.6983513714573677,0.00710643277432383,0.7226074895977828,0.4501930501930502,0.7524030493868104,0.1260192066300724,0.6145181476846062,0.6051314142678352,0.4305517050180212,0.4677813628881257,0.7746861924686193,0.04623430962343145,0.7758100057128869,0.16788906335014314,0.10050890585241845,0.586513994910943,0.30406599882144647,0.645509740271713
2026-07-01 20:00:00,boiler_1,0.20588235294117752,0.6747400415933456,0.6331484049930651,0.4330413016270338,0.334100418410042,0.5139949109414772,20,1,7,2,0,0.0669872981077807,0.75,0.17647058823529438,0.125,0.14772727272727337,0.1370140642031098,0.6722764357702768,0.6505839065749486,0.7074104293153507,0.015954304005789337,0.5478502080443839,0.6455598455598466,0.7292011932383158,0.11725467157464092,0.26282853566958764,0.7096370463078854,0.30801219850291073,0.34559906785154904,0.7341004184100419,0.5667364016736403,0.68505672080307,0.41646846463625453,0.755725190839696,0.17048346055979735,0.4631703005303489,0.5887169817146497
2026-07-01 20:15:00,boiler_1,0.09558823529411775,0.8005439129739242,0.6948682385575591,0.3979974968710893,0.5658995815899588,0.7277353689567434,20,1,7,2,0,0.0669872981077807,0.75,0.20588235294117752,0.22794117647058876,0.09659090909090828,0.4308483372597636,0.6747400415933456,0.6234202527595585,0.7738355211058039,0.10394853433580752,0.6331484049930651,0.6911196911196917,0.7159429897248923,0.08765976399487635,0.4330413016270338,0.6145181476846062,0.21208760742999822,0.1689723380068419,0.334100418410042,0.7746861924686193,0.6036072798498342,0.3368965107446728,0.5139949109414772,0.10050890585241845,0.7536829699469667,0.19132105188539378
2026-07-01 20:30:00,boiler_1,0.16911764705882426,0.7282994720844664,0.6872399445214974,0.7809762202753445,0.5349372384937241,0.031806615776082126,20,1,7,2,0,0.0669872981077807,0.75,0.09558823529411775,0.17647058823529438,0.09375,0.42188415094011805,0.8005439129739242,0.6722764357702768,0.7948453360850465,0.08369525510722288,0.6948682385575591,0.49652509652509735,0.7825654623798481,0.0,0.3979974968710893,0.26282853566958764,0.4416412531189353,0.4192285778293011,0.5658995815899588,0.7341004184100419,0.5259120215457456,0.19702143544803105,0.7277353689567434,0.755725190839696,0.41838538597525243,0.6389128566768557
2026-07-01 20:45:00,boiler_1,0.17647058823529438,0.8307790753479445,0.8127600554785026,0.8460575719649572,0.3284518828451879,0.729007633587786,20,1,7,2,0,0.0669872981077807,0.75,0.16911764705882426,0.20588235294117752,0.0823863636363642,0.31452547890023846,0.7282994720844664,0.6747400415933456,0.8533632502219755,0.06293509819784679,0.6872399445214974,0.5915057915057904,0.868412330129269,0.08012533749388315,0.7809762202753445,0.4330413016270338,0.6246187967840306,0.4816153115429827,0.5349372384937241,0.334100418410042,0.523708479556027,0.20305901296026455,0.031806615776082126,0.5139949109414772,0.5179728933411898,0.7300688457117701
2026-07-01 21:00:00,boiler_1,0.139705882352942,0.6553191489361705,0.48127600554784955,0.0,0.005857740585774263,0.8269720101781157,21,1,7,2,0,0.14644660940672616,0.8535533905932737,0.17647058823529438,0.09558823529411775,0.09943181818182012,0.07721015834908525,0.8307790753479445,0.8005439129739242,0.7989009143049115,0.13324937582553076,0.8127600554785026,0.6602316602316609,0.7663241630759039,0.29175507162201975,0.8460575719649572,0.3979974968710893,0.44829498197948414,0.9513769620681504,0.3284518828451879,0.5658995815899588,0.3052313719089206,0.4596494500580464,0.729007633587786,0.7277353689567434,0.5639363582793173,0.7927824260893452
2026-07-01 21:15:00,boiler_1,0.264705882352942,0.6747080467125262,0.65742024965326,0.6145181476846062,0.18514644351464415,0.1755725190839712,21,1,7,2,0,0.14644660940672616,0.8535533905932737,0.139705882352942,0.16911764705882426,0.13636363636363757,0.49778536527488143,0.6553191489361705,0.7282994720844664,0.7788030044875329,0.14920408912252953,0.48127600554784955,0.6517374517374517,0.7520715942989717,0.2884599869732479,0.0,0.7809762202753445,0.37454948710839986,0.8824197305460103,0.005857740585774263,0.5349372384937241,0.16877499387905015,0.2637643511733904,0.8269720101781157,0.031806615776082126,0.6305244549204474,0.6284322949907031
2026-07-01 21:30:00,boiler_1,0.18382352941176539,0.5752679571268606,0.7149791955617193,0.31289111389236535,0.38723849372384933,0.8167938931297698,21,1,7,2,0,0.14644660940672616,0.8535533905932737,0.264705882352942,0.17647058823529438,0.13920454545454586,0.48982998762966273,0.6747080467125262,0.8307790753479445,0.6829809699791216,0.06305093602183749,0.65742024965326,0.7915057915057915,0.7053364269141529,0.1922615114670017,0.6145181476846062,0.8460575719649572,0.13834211255891216,0.6154890772383977,0.18514644351464415,0.3284518828451879,0.19170815310536238,0.31817608720332446,0.1755725190839712,0.729007633587786,0.6711844431349423,0.6722292309650623
2026-07-01 21:45:00,boiler_1,0.3014705882352944,0.8262997920332742,0.7510402219140087,0.35481852315394313,0.5870292887029289,0.7646310432569976,21,1,7,2,0,0.14644660940672616,0.8535533905932737,0.18382352941176539,0.139705882352942,0.20170454545454586,0.45970303152937114,0.5752679571268606,0.6553191489361705,0.7471023013606581,0.2090844490610046,0.7149791955617193,0.42239382239382195,0.8342724560822017,0.02961107025534264,0.31289111389236535,0.0,0.29553645688938257,0.31995901251538417,0.38723849372384933,0.005857740585774263,0.418428140047336,0.33708607168849414,0.8167938931297698,0.8269720101781157,0.6423099587507366,0.6381512268123646
2026-07-01 22:00:00,boiler_1,0.3308823529411775,0.1195008798592232,0.33703190013869744,0.21088861076345466,0.18598326359832695,0.8486005089058519,22,1,7,2,0,0.24999999999999978,0.9330127018922192,0.3014705882352944,0.264705882352942,0.22727272727272751,0.6252537466013731,0.8262997920332742,0.6747080467125262,0.538887955652612,0.6685574909639983,0.7510402219140087,0.6185328185328203,0.6811402055021567,0.4269644455943458,0.35481852315394313,0.6145181476846062,0.11671749376212759,0.1364060991827066,0.5870292887029289,0.18514644351464415,0.4187545907124788,0.3363044549552246,0.7646310432569976,0.1755725190839712,0.9540365350618742,0.012031995634434883
2026-07-01 22:15:00,boiler_1,0.3161764705882364,0.44719244920812695,0.4098474341192784,0.6264080100125158,0.17803347280334725,0.549618320610687,22,1,7,2,0,0.24999999999999978,0.9330127018922192,0.3308823529411775,0.18382352941176539,0.2784090909090917,0.03262296627865298,0.1195008798592232,0.5752679571268606,0.4908569508771077,0.6594500699684622,0.33703190013869744,0.6826254826254825,0.5352999668544918,0.4088523231917213,0.21088861076345466,0.31289111389236535,0.25561408372608874,0.41774953107163487,0.18598326359832695,0.38723849372384933,0.3371419244266711,0.39850600639980166,0.8486005089058519,0.8167938931297698,0.8302887448438412,0.23518418073657765
2026-07-01 22:30:00,boiler_1,0.23529411764705976,0.23772196448568295,0.4389736477115136,0.3316645807259073,0.5658995815899588,0.706106870229009,22,1,7,2,0,0.24999999999999978,0.9330127018922192,0.3161764705882364,0.3014705882352944,0.25284090909091006,0.3778579763113825,0.44719244920812695,0.8262997920332742,0.27012790669770315,0.287417863557409,0.4098474341192784,0.7227799227799228,0.3861451773284692,0.04115028036651881,0.6264080100125158,0.35481852315394313,0.24535625173274234,0.4233781452144721,0.17803347280334725,0.5870292887029289,0.3288990451318039,0.37575599214106287,0.549618320610687,0.7646310432569976,0.8031820860341767,0.22588862469455284
2026-07-01 22:45:00,boiler_1,0.264705882352942,0.01698928171492664,0.24618585298197004,0.14518147684605864,0.1370292887029292,0.8715012722646307,22,1,7,2,0,0.24999999999999978,0.9330127018922192,0.23529411764705976,0.3308823529411775,0.22727272727272751,0.2789663993977605,0.23772196448568295,0.1195008798592232,0.23168390487389257,0.384856556891276,0.4389736477115136,0.2617760617760627,0.34272456082200975,0.15333696089754012,0.3316645807259073,0.21088861076345466,0.21624618796783945,0.4827187640252397,0.5658995815899588,0.18598326359832695,0.3098016812209252,0.40370698909669006,0.706106870229009,0.8486005089058519,0.8137890394814384,0.24867369265626926
2026-07-01 23:00:00,boiler_1,0.389705882352942,0.05752679571268615,0.13176144244105537,0.6958698372966214,0.2736401673640172,0.4796437659033099,23,1,7,2,0,0.37059047744873924,0.982962913144534,0.264705882352942,0.3161764705882364,0.25568181818181834,0.664436576921055,0.01698928171492664,0.44719244920812695,0.0855511026853204,0.19141765577814307,0.24618585298197004,0.3428571428571434,0.2098110705999332,0.2653575968784447,0.14518147684605864,0.6264080100125158,0.24701968394787865,0.5596359401493045,0.1370292887029292,0.17803347280334725,0.34709866971353964,0.37093766920532806,0.8715012722646307,0.549618320610687,0.7813789039481449,0.3200410908263542
2026-07-01 23:15:00,boiler_1,0.5,0.009598464245721416,0.0,0.6351689612015026,0.08451882845188274,0.7722646310432566,23,1,7,2,0,0.37059047744873924,0.982962913144534,0.389705882352942,0.23529411764705976,0.35795454545454586,1.0,0.05752679571268615,0.23772196448568295,0.0,0.009731362337874666,0.13176144244105537,0.3752895752895764,0.0,0.19538580874043482,0.6958698372966214,0.3316645807259073,0.38148045467147274,0.6045419805164853,0.2736401673640172,0.5658995815899588,0.15930792458989718,0.14438749021769245,0.4796437659033099,0.706106870229009,0.8120212139068936,0.3340245866248215
2026-07-01 23:30:00,boiler_1,0.48529411764705976,0.9429531274996004,0.67128987517337,0.971839799749687,0.19100418410041842,0.0954198473282446,23,1,7,2,0,0.37059047744873924,0.982962913144534,0.5,0.264705882352942,0.44318181818181834,0.45688419066749225,0.009598464245721416,0.01698928171492664,0.3472558853879182,0.9999999999999999,0.0,0.160617760617761,0.20318196884321793,0.7026768662862237,0.6351689612015026,0.14518147684605864,0.7477127807041875,0.3529206543676127,0.08451882845188274,0.1370292887029292,0.18036399249163537,0.13913423752038545,0.7722646310432566,0.8715012722646307,0.452563347083089,0.604913327851537
2026-07-01 23:45:00,boiler_1,0.47794117647058876,0.2255639097744364,0.41539528432732453,0.3485607008760958,0.3228033472803351,0.36132315521628655,23,1,7,2,0,0.37059047744873924,0.982962913144534,0.48529411764705976,0.389705882352942,0.4772727272727284,1.3077594562815875e-12,0.9429531274996004,0.05752679571268615,0.4102733315735154,0.9267406928087448,0.67128987517337,0.03320463320463318,0.33874709976798023,0.6658033409736253,0.971839799749687,0.6958698372966214,0.5938453008039923,0.6251388378269243,0.19100418410041842,0.2736401673640172,0.19954296906879954,0.18493346168219174,0.0954198473282446,0.4796437659033099,0.39776075427224455,0.608004044633851
