timestamp,system_id,air_flow_m3_min,air_pressure_bar,power_kw,motor_temperature_c,vibration_mm_s,efficiency_percent,status,hour,day,month,day_of_week,is_weekend,hour_sin,hour_cos,air_flow_m3_min_lag1,air_flow_m3_min_lag3,air_flow_m3_min_rolling_mean3,air_flow_m3_min_rolling_std3,air_pressure_bar_lag1,air_pressure_bar_lag3,air_pressure_bar_rolling_mean3,air_pressure_bar_rolling_std3,power_kw_lag1,power_kw_lag3,power_kw_rolling_mean3,power_kw_rolling_std3,motor_temperature_c_lag1,motor_temperature_c_lag3,motor_temperature_c_rolling_mean3,motor_temperature_c_rolling_std3,vibration_mm_s_lag1,vibration_mm_s_lag3,vibration_mm_s_rolling_mean3,vibration_mm_s_rolling_std3,efficiency_percent_lag1,efficiency_percent_lag3,efficiency_percent_rolling_mean3,efficiency_percent_rolling_std3
2026-07-01 00:00:00,compressor,0.11140274132400119,0.05271828665568373,0.06587272050614071,0.23183828174352472,0.12707377338510412,0.12378640776699079,running,0,1,7,2,0,0.5,1.0,0.11140274132400119,0.10294406280667323,0.06359004101246946,0.1284999548824883,0.05271828665568373,0.05271828665568373,0.03967761934283931,0.060467546672621095,0.06587272050614071,0.06587272050614071,0.05285661629192778,0.05619473238821422,0.23183828174352472,0.23183828174352472,0.14693772516726744,0.5293933071713801,0.12707377338510412,0.12429178470254956,0.11290322580645162,0.16018451116289079,0.12378640776699079,0.12378640776699079,0.5764331210191092,0.6050498825354693
2026-07-01 00:15:00,compressor,0.14192670360649368,0.09555189456342672,0.07312988462969858,0.2861655085281112,0.23932227320861277,0.6618122977346292,running,0,1,7,2,0,0.5,1.0,0.11140274132400119,0.10294406280667323,0.06359004101246946,0.1284999548824883,0.05271828665568373,0.05271828665568373,0.03967761934283931,0.060467546672621095,0.06587272050614071,0.06587272050614071,0.05285661629192778,0.05619473238821422,0.23183828174352472,0.23183828174352472,0.14693772516726744,0.5293933071713801,0.12707377338510412,0.12429178470254956,0.11290322580645162,0.16018451116289079,0.12378640776699079,0.12378640776699079,0.5764331210191092,0.6050498825354693
2026-07-01 00:30:00,compressor,0.0623116554875085,0.0823723228995058,0.030703386676590977,0.015161086544535518,0.11895517119661135,0.7289644012944994,running,0,1,7,2,0,0.5,1.0,0.14192670360649368,0.10294406280667323,0.06359004101246946,0.1284999548824883,0.09555189456342672,0.05271828665568373,0.03967761934283931,0.060467546672621095,0.07312988462969858,0.06587272050614071,0.05285661629192778,0.05619473238821422,0.2861655085281112,0.23183828174352472,0.14693772516726744,0.5293933071713801,0.23932227320861277,0.12429178470254956,0.11290322580645162,0.16018451116289079,0.6618122977346292,0.12378640776699079,0.5764331210191092,0.6050498825354693
2026-07-01 00:45:00,compressor,0.1538835423349859,0.05107084019769359,0.15779679940454036,0.19709412507896396,0.23896929050476529,0.067152103559871,running,0,1,7,2,0,0.5,1.0,0.0623116554875085,0.10294406280667323,0.08169352500103572,0.1702526835318646,0.0823723228995058,0.05271828665568373,0.039057656540607444,0.064773242058211,0.030703386676590977,0.06587272050614071,0.08927386656837444,0.24415146456459105,0.015161086544535518,0.23183828174352472,0.13278435409161116,0.5071985398867385,0.11895517119661135,0.12429178470254956,0.15623291416074359,0.1670108977138235,0.7289644012944994,0.12378640776699079,0.5516631280962478,0.6766348222568261
2026-07-01 01:00:00,compressor,0.1501895596383785,0.07413509060955525,0.02586527726088575,0.04990524320909673,0.06953759265795977,0.3252427184466029,running,1,1,7,2,0,0.6294095225512604,0.9829629131445342,0.1538835423349859,0.1337585868498528,0.08521479763039064,0.17919268302556776,0.05107084019769359,0.09555189456342672,0.030998140111593186,0.03340699825671281,0.15779679940454036,0.07312988462969858,0.07054920751935129,0.28936739086330154,0.19709412507896396,0.2861655085281112,0.036541430777148776,0.3315615861259981,0.23896929050476529,0.23689801699716712,0.09048660470202297,0.22415129665470343,0.067152103559871,0.6618122977346292,0.404458598726114,0.6091142195392298
2026-07-01 01:15:00,compressor,0.11674929522698552,0.0,0.010420543356903594,0.0,0.22520296505471232,0.3802588996763756,running,1,1,7,2,0,0.6294095225512604,0.9829629131445342,0.1501895596383785,0.05338567222767415,0.10841377024731752,0.04287399576685095,0.07413509060955525,0.0823723228995058,0.0,0.1362563988053622,0.02586527726088575,0.030703386676590977,0.0625138223368964,0.3170369881667826,0.04990524320909673,0.015161086544535518,0.0303654143077714,0.35644611738970844,0.06953759265795977,0.11614730878186968,0.1316293056314926,0.24659112620146087,0.3252427184466029,0.7289644012944994,0.25194621372965287,0.24311271732687695
2026-07-01 01:30:00,compressor,0.06299212598425197,0.11861614497528833,0.0,0.12255211623499696,0.2562654429932933,0.266990291262136,running,1,1,7,2,0,0.6294095225512604,0.9829629131445342,0.11674929522698552,0.14582924435721295,0.06967977132441278,0.14511545177208385,0.0,0.05107084019769359,0.025418474891506393,0.24038547740152932,0.010420543356903594,0.15779679940454036,0.0,0.012897413812754409,0.0,0.19709412507896396,0.0,0.18376938652735936,0.22520296505471232,0.23654390934844188,0.13832695462001093,0.26576756076395586,0.3802588996763756,0.067152103559871,0.3393489030431702,0.0
2026-07-01 01:45:00,compressor,0.00942937688344514,0.13344316309719934,0.15128395980647566,0.22425773847125718,0.25485351217790325,1.0,idle,1,1,7,2,0,0.6294095225512604,0.9829629131445342,0.06299212598425197,0.14210009813542684,0.009693856414930202,0.1871182843749883,0.11861614497528833,0.07413509060955525,0.04773713577185362,0.302991048144164,0.0,0.02586527726088575,0.04968669369701434,0.3326872005964039,0.12255211623499696,0.04990524320909673,0.07102418939783872,0.3979615084369042,0.2562654429932933,0.06657223796033993,0.2100874794969929,0.0,0.266990291262136,0.3252427184466029,0.6344656758669487,0.7433430719771459
2026-07-01 02:00:00,compressor,0.17215903567609603,0.10049423393739704,0.07257164123557872,0.09475679090334799,0.168372749735263,0.4385113268608416,running,2,1,7,2,0,0.75,0.9330127018922194,0.00942937688344514,0.10834151128557407,0.033307096400016556,0.31428832601574314,0.13344316309719934,0.0,0.08555486670799745,0.03471636637066092,0.15128395980647566,0.010420543356903594,0.0743088831551788,0.29316808214903567,0.22425773847125718,0.0,0.10962429233144588,0.21145441631774053,0.25485351217790325,0.2227337110481586,0.18808091853471842,0.10565192847729246,1.0,0.3802588996763756,0.6599433828733208,0.7187368201734341
2026-07-01 02:15:00,compressor,0.04753572470107903,0.17298187808896215,0.23167100855973208,0.22362602653190145,0.14048711613130954,0.8454692556634313,running,2,1,7,2,0,0.75,0.9330127018922194,0.17215903567609603,0.054072620215897926,0.02672024524628197,0.3237530478800065,0.10049423393739704,0.11861614497528833,0.10601363918164891,0.12846327980587505,0.07257164123557872,0.0,0.16608920014743822,0.3105634933938137,0.09475679090334799,0.12255211623499696,0.1507977354606278,0.23855660612408575,0.168372749735263,0.2538951841359773,0.1432476763258611,0.13557520890218183,0.4385113268608416,0.266990291262136,0.912951167728238,0.5133914269080555
2026-07-01 02:30:00,compressor,0.18625449596578203,0.1630971993410214,0.08764421287681426,0.23120656980416898,0.185668902223791,0.17637540453074507,running,2,1,7,2,0,0.75,0.9330127018922194,0.04753572470107903,0.0,0.1020754795144787,0.28567380343276744,0.17298187808896215,0.13344316309719934,0.11717296962182261,0.14274677903155775,0.23167100855973208,0.15128395980647566,0.1408772576483598,0.3475954072651305,0.22362602653190145,0.22425773847125718,0.15362840967575986,0.2474306885890727,0.14048711613130954,0.2524787535410764,0.11645708037178787,0.01692994405492864,0.8454692556634313,1.0,0.5527246992215158,0.6169953248192475
2026-07-01 02:45:00,compressor,0.11247205210459804,0.228995057660626,0.25995534052847047,0.3158559696778269,0.14048711613130954,0.5064724919093857,running,2,1,7,2,0,0.75,0.9330127018922194,0.18625449596578203,0.16427870461236505,0.07663946310949088,0.25552488475062224,0.1630971993410214,0.10049423393739704,0.16553006819590804,0.12488390115789352,0.08764421287681426,0.07257164123557872,0.21511242167342431,0.3680783343462871,0.23120656980416898,0.09475679090334799,0.24369531652084442,0.1396927628875158,0.185668902223791,0.16572237960339942,0.10565882996172771,0.027523377794565936,0.17637540453074507,0.4385113268608416,0.5824486907289472,0.6112936315951147
2026-07-01 03:00:00,compressor,0.18119957227568778,0.20757825370675453,0.23762560476367703,0.28869235628553414,0.0031768443346276015,0.7289644012944994,running,3,1,7,2,0,0.8535533905932737,0.8535533905932737,0.11247205210459804,0.03846908734052995,0.13360122623140963,0.1330610403889608,0.228995057660626,0.17298187808896215,0.17854928704277734,0.11577471679171203,0.25995534052847047,0.23167100855973208,0.21747143383708084,0.37388461594250855,0.3158559696778269,0.22362602653190145,0.27020072053525457,0.10595206360551988,0.14048711613130954,0.1377478753541076,0.0524876981957354,0.24962950849132584,0.5064724919093857,0.8454692556634313,0.5314932767162048,0.48697024746321405
2026-07-01 03:15:00,compressor,0.07776805677068144,0.11037891268533773,0.17063639746929662,0.3506001263423877,0.07024355806565478,0.2661812297734638,running,3,1,7,2,0,0.8535533905932737,0.8535533905932737,0.18119957227568778,0.17850834151128553,0.08736898794481956,0.1826878657009098,0.20757825370675453,0.1630971993410214,0.15871047737135752,0.255976076541435,0.23762560476367703,0.08764421287681426,0.25035016586804276,0.162627958474107,0.28869235628553414,0.23120656980416898,0.3188368502316008,0.054419211357477834,0.0031768443346276015,0.18307365439093481,0.007791142700929454,0.16465625179907883,0.7289644012944994,0.17637540453074507,0.5707714083510265,0.38449978267314167
2026-07-01 03:30:00,compressor,0.19616992320404392,0.2981878088962109,0.20692221808708597,0.4042956411876184,0.2372043769855277,0.4902912621359228,running,3,1,7,2,0,0.8535533905932737,0.8535533905932737,0.07776805677068144,0.10402355250245338,0.12303740834334481,0.23409623083744938,0.11037891268533773,0.228995057660626,0.184748915065096,0.4014365291996413,0.17063639746929662,0.25995534052847047,0.22934021378547736,0.104695350662313,0.3506001263423877,0.3158559696778269,0.354863612969635,0.1678033623085748,0.07024355806565478,0.1377478753541076,0.04524330235101151,0.33167255464886014,0.2661812297734638,0.5064724919093857,0.563694267515924,0.3844583089422491
2026-07-01 03:45:00,compressor,0.33673568581705066,0.2948929159802306,0.20078154075176782,0.20151610865445369,0.3628662195552418,0.09466019417475735,running,3,1,7,2,0,0.8535533905932737,0.8535533905932737,0.19616992320404392,0.17340529931305204,0.1893201872488504,0.5172038887867236,0.2981878088962109,0.20757825370675453,0.21760694358338478,0.46570945124550184,0.20692221808708597,0.23762560476367703,0.21474382602285297,0.04156236360781518,0.4042956411876184,0.28869235628553414,0.31935151827071584,0.36740456726351006,0.2372043769855277,0.0,0.18452706396938218,0.4163236341041545,0.4902912621359228,0.7289644012944994,0.28627034677989904,0.3118007988147284
2026-07-01 04:00:00,compressor,0.1348303684261689,0.3393739703459637,0.2573502046892445,0.27100442198357566,0.4073420402400283,0.2467637540453076,running,4,1,7,2,0,0.9330127018922193,0.75,0.33673568581705066,0.06898920510304218,0.21363768175980774,0.4036841629896835,0.2948929159802306,0.11037891268533773,0.30378177309361415,0.0739496220615429,0.20078154075176782,0.17063639746929662,0.24909694065610016,0.09353871643113035,0.20151610865445369,0.3506001263423877,0.2869274318064856,0.3588924157598993,0.3628662195552418,0.06728045325779036,0.3150628758884637,0.22771203905147416,0.09466019417475735,0.2661812297734638,0.2777777777777768,0.31437673929710236
2026-07-01 04:15:00,compressor,0.32857003985612904,0.27347611202635913,0.19482694454782287,0.3708149084017687,0.2467349099894105,0.8220064724919105,running,4,1,7,2,0,0.9330127018922193,0.75,0.1348303684261689,0.18851815505397446,0.2700608973031195,0.45049337668889644,0.3393739703459637,0.2981878088962109,0.29448233106013627,0.1157747167917153,0.2573502046892445,0.20692221808708597,0.24430519719867322,0.10905363343913849,0.27100442198357566,0.4042956411876184,0.2732887287699435,0.2830114978003022,0.4073420402400283,0.23477337110481583,0.3187534171678513,0.21059843065804454,0.2467637540453076,0.4902912621359228,0.42285916489738185,0.7192530158156288
2026-07-01 04:30:00,compressor,0.2687858462136677,0.23558484349258657,0.3466691477484184,0.2874289324068222,0.21284857042004945,0.10113268608414305,running,4,1,7,2,0,0.9330127018922193,0.75,0.32857003985612904,0.33042198233562314,0.2411036082687767,0.3849909154074488,0.27347611202635913,0.2948929159802306,0.272163670179789,0.20532423870537467,0.19482694454782287,0.20078154075176782,0.30210099520825656,0.29608218274183007,0.3708149084017687,0.20151610865445369,0.30828615542974847,0.1494881916877565,0.2467349099894105,0.3608356940509915,0.26066156369600885,0.2781561950983794,0.8220064724919105,0.09466019417475735,0.4256900212314232,0.7138363119224279
2026-07-01 04:45:00,compressor,0.2961018761543696,0.2948929159802306,0.20822478600669894,0.4036639292482631,0.14684080480056477,0.718446601941749,running,4,1,7,2,0,0.9330127018922193,0.75,0.2687858462136677,0.12659470068694795,0.3098305646464227,0.08402474646831323,0.23558484349258657,0.3393739703459637,0.2554246745195287,0.09880832710978923,0.3466691477484184,0.2573502046892445,0.2826391448580908,0.3307607061362223,0.2874289324068222,0.27100442198357566,0.3623262995367984,0.17655622092484102,0.21284857042004945,0.4054532577903682,0.1597867687260799,0.10712796297560259,0.10113268608414305,0.2467637540453076,0.6319886765746663,0.7327090780608922
2026-07-01 05:00:00,compressor,0.2440944881889764,0.2306425041186161,0.46017863788611846,0.4984207201516111,0.4228732792093187,0.09223300970873805,running,5,1,7,2,0,0.9829629131445342,0.6294095225512604,0.2961018761543696,0.3221786064769381,0.2738307303533702,0.06701977106301313,0.2948929159802306,0.27347611202635913,0.2393056416615002,0.12590573942467348,0.20822478600669894,0.19482694454782287,0.3877626244010321,0.5191759741267182,0.4036639292482631,0.3708149084017687,0.4143077714873913,0.3700064147643414,0.14684080480056477,0.24433427762039656,0.22799343903772556,0.40777416568647445,0.718446601941749,0.8220064724919105,0.3128096249115373,0.6650649451558464
2026-07-01 05:15:00,compressor,0.29765723728978316,0.30313014827018125,0.27614439895794574,0.3986102337334172,0.25944228732792096,0.4304207119741106,running,5,1,7,2,0,0.9829629131445342,0.6294095225512604,0.2440944881889764,0.2618253189401374,0.2861344711877046,0.0864415519607058,0.2306425041186161,0.23558484349258657,0.2647241165530066,0.14453688786248264,0.46017863788611846,0.3466691477484184,0.3598230740877258,0.5378652626324306,0.4984207201516111,0.2874289324068222,0.4595985589294904,0.16092613320892296,0.4228732792093187,0.21033994334277617,0.24603608529250964,0.3905490614399168,0.09223300970873805,0.10113268608414305,0.45682944090587263,0.56484894133183
2026-07-01 05:30:00,compressor,0.4298629337999417,0.32289950576606263,0.19501302567919612,0.21351863550221095,0.13448641016590185,0.29611650485437035,running,5,1,7,2,0,0.9829629131445342,0.6294095225512604,0.29765723728978316,0.2894013738959764,0.34313766104643945,0.36939686775208647,0.30313014827018125,0.2948929159802306,0.2752634841909483,0.1866310543242918,0.27614439895794574,0.20822478600669894,0.35458901584961305,0.5625143733740453,0.3986102337334172,0.4036639292482631,0.38214101904271747,0.5344010244597969,0.25944228732792096,0.14412181303116145,0.24125205030071084,0.40931589999680035,0.4304207119741106,0.718446601941749,0.2721160651096959,0.24996072823311505
2026-07-01 05:45:00,compressor,0.5585690677554194,0.5172981878088962,0.39821362113881664,0.5420088439671509,0.35545358277444405,0.35760517799352787,running,5,1,7,2,0,0.9829629131445342,0.6294095225512604,0.4298629337999417,0.23689892051030426,0.47715315464600866,0.5207576453716019,0.32289950576606263,0.2306425041186161,0.3831370117792932,0.5171663132298663,0.19501302567919612,0.46017863788611846,0.33004054552156276,0.4122683348527817,0.21351863550221095,0.4984207201516111,0.3998970663921777,0.6194750039554038,0.13448641016590185,0.4210339943342776,0.21514488791689446,0.3003792797588384,0.29611650485437035,0.09223300970873805,0.3881811748053803,0.023292708422491204
2026-07-01 06:00:00,compressor,0.3934091571886848,0.5387149917627677,0.5347971715668032,0.5142135186355024,0.38616307800917754,0.717637540453075,running,6,1,7,2,0,1.0,0.5,0.5585690677554194,0.2909715407262021,0.5179584904097108,0.3309477622530907,0.5172981878088962,0.30313014827018125,0.47179169249845004,0.5197490926745802,0.39821362113881664,0.27614439895794574,0.43251013638039076,0.7195719248978346,0.5420088439671509,0.3986102337334172,0.44698919197117837,0.6933569344584932,0.35545358277444405,0.25708215297450426,0.2642154182613451,0.385742674022676,0.35760517799352787,0.4304207119741106,0.5138004246284495,0.37625472872900945
2026-07-01 06:15:00,compressor,0.2372897832215417,0.3937397034596376,0.3185708969110532,0.4523057485786479,0.4380515354747617,0.47977346278317246,running,6,1,7,2,0,1.0,0.5,0.3934091571886848,0.42443572129538765,0.43589212477733147,0.6519590527627924,0.5387149917627677,0.32289950576606263,0.49845009299442017,0.3272200074389968,0.5347971715668032,0.19501302567919612,0.4814596387762626,0.4438983651067836,0.5142135186355024,0.21351863550221095,0.5442614513638704,0.11736480601494682,0.38616307800917754,0.131728045325779,0.3817659923455441,0.07797393910136233,0.717637540453075,0.29611650485437035,0.5941259731068644,0.27812750624684973
2026-07-01 06:30:00,compressor,0.3053368328958879,0.5535420098846787,0.4151470040937849,0.5508528111181303,0.4380515354747617,0.47734627831715315,running,6,1,7,2,0,1.0,0.5,0.2372897832215417,0.5543670264965652,0.3279754753718051,0.29404583074786317,0.3937397034596376,0.5172981878088962,0.5120892746435213,0.37476816022688303,0.3185708969110532,0.39821362113881664,0.48816807961666037,0.4392572688472506,0.4523057485786479,0.5420088439671509,0.5478641276376739,0.13381357359217194,0.4380515354747617,0.35339943342776203,0.41375068343357024,0.039995138467828255,0.47977346278317246,0.35760517799352787,0.6464968152866248,0.17903392337641016
2026-07-01 06:45:00,compressor,0.6841644794400701,0.6227347611202635,0.42203200595459633,0.4017687934301959,0.6007765619484645,0.10194174757281615,running,6,1,7,2,0,1.0,0.5,0.3053368328958879,0.38763493621197254,0.4518828451882844,0.9999999999999999,0.5535420098846787,0.5387149917627677,0.5437073775573464,0.5128593580637009,0.4151470040937849,0.5347971715668032,0.44349428676741615,0.21347220841226686,0.5508528111181303,0.5142135186355024,0.5020586721564593,0.24377259343260915,0.4380515354747617,0.3842067988668555,0.4968562055768181,0.24610739380495164,0.47734627831715315,0.717637540453075,0.3772116065109703,0.35369550709357955
2026-07-01 07:00:00,compressor,0.4115874404588315,0.6721581548599671,0.6295124674358021,0.7473152242577386,0.34698199788210377,0.6512944983818771,running,7,1,7,2,0,0.9829629131445342,0.37059047744873974,0.6841644794400701,0.23002944062806668,0.5261609842992667,0.8028955193849522,0.6227347611202635,0.3937397034596376,0.6484810911345318,0.23877186081517793,0.42203200595459633,0.3185708969110532,0.5666789531883523,0.4996827801621352,0.4017687934301959,0.4523057485786479,0.6222336592897584,0.6559528541514643,0.6007765619484645,0.4362606232294617,0.46159103335155827,0.3576250467665334,0.10194174757281615,0.47977346278317246,0.4522292993630579,0.49297540867192213
2026-07-01 07:15:00,compressor,0.4058520462719937,0.6655683690280065,0.33029400818756993,0.2994314592545799,0.3893399223438051,0.4563106796116507,running,7,1,7,2,0,0.9829629131445342,0.37059047744873974,0.4115874404588315,0.2987242394504416,0.5689962301669496,0.6449782695102491,0.6721581548599671,0.5535420098846787,0.6906385616862987,0.08366230819182663,0.6295124674358021,0.4151470040937849,0.5330630298562478,0.640467500129657,0.7473152242577386,0.5508528111181303,0.5198147195059186,0.9154339332947643,0.34698199788210377,0.4362606232294617,0.4427282668124659,0.38142200123038283,0.6512944983818771,0.47734627831715315,0.4430290162774213,0.4879998964084914
2026-07-01 07:30:00,compressor,0.6138815981335666,0.457990115321252,0.6810569408262004,0.6961465571699303,0.7620896576067773,0.7305825242718456,running,7,1,7,2,0,0.9829629131445342,0.37059047744873974,0.4058520462719937,0.6811579980372914,0.5390446994490246,0.46873557393826587,0.6655683690280065,0.6227347611202635,0.6286422814631121,0.533440048429656,0.33029400818756993,0.42203200595459633,0.6356800589753042,0.8019685366988737,0.2994314592545799,0.4017687934301959,0.6397323726196604,0.959672086677928,0.3893399223438051,0.5995042492917846,0.5051940951339531,0.6792242468909434,0.4563106796116507,0.10194174757281615,0.7179759377211585,0.1858689499430708
2026-07-01 07:45:00,compressor,0.5036453776611256,0.6029654036243821,0.3703014514328248,0.4807327858496526,0.4246381927285563,0.5493527508090628,running,7,1,7,2,0,0.9829629131445342,0.37059047744873974,0.6138815981335666,0.4059862610402355,0.5782758192137205,0.40614251462023493,0.457990115321252,0.6721581548599671,0.6026038437693737,0.4609029544357089,0.6810569408262004,0.6295124674358021,0.5329893107261336,0.8136609543059344,0.6961465571699303,0.7473152242577386,0.5311374163664437,0.7628644415024917,0.7620896576067773,0.34490084985835695,0.5352651722252597,0.6062923366368249,0.7305825242718456,0.6512944983818771,0.6733899504600132,0.1822056206794529
2026-07-01 08:00:00,compressor,0.7687372411781861,0.5090609555189457,0.4464086341644957,0.41124447252053065,0.1288386869043417,0.14967637540453183,running,8,1,7,2,0,0.9330127018922194,0.2500000000000001,0.5036453776611256,0.40019627085377807,0.7329218277476284,0.5325327258039336,0.6029654036243821,0.6655683690280065,0.5437073775573464,0.30486085928005213,0.3703014514328248,0.33029400818756993,0.5789900479174348,0.6793131195815622,0.4807327858496526,0.2994314592545799,0.5766855378281015,0.5512542970005916,0.4246381927285563,0.38739376770538236,0.43439037725533103,0.9640669012288889,0.5493527508090628,0.4563106796116507,0.5392781316348199,0.5291680606357744
2026-07-01 08:15:00,compressor,0.5826771653543308,0.6342668863261944,0.32694454782285076,0.4036639292482631,0.6957289092834451,0.27750809061488724,running,8,1,7,2,0,0.9330127018922194,0.2500000000000001,0.7687372411781861,0.6102060843964671,0.7196238452297115,0.5452569284727288,0.5090609555189457,0.457990115321252,0.6100433973961561,0.2651891993745213,0.4464086341644957,0.6810569408262004,0.43870254330998887,0.22522592104985842,0.41124447252053065,0.6961465571699303,0.4575398867730325,0.10280870504586857,0.1288386869043417,0.7613314447592068,0.4086932750136687,0.856749156438376,0.14967637540453183,0.7305825242718456,0.3411181882519472,0.324381151058779
2026-07-01 08:30:00,compressor,0.5864683581219015,0.8056013179571664,0.5442873092668404,0.4693619709412511,0.6981997882103778,0.4417475728155349,running,8,1,7,2,0,0.9330127018922194,0.2500000000000001,0.5826771653543308,0.4989205103042197,0.7549194249968929,0.4159932793102891,0.6342668863261944,0.6029654036243821,0.6862988220706756,0.6616834553389048,0.32694454782285076,0.3703014514328248,0.5076299299668263,0.441636123482667,0.4036639292482631,0.4807327858496526,0.4529078744209989,0.07518473620080653,0.6957289092834451,0.4228045325779036,0.5146254784034993,1.0,0.27750809061488724,0.5493527508090628,0.29405520169851407,0.1974584536982435
2026-07-01 08:45:00,compressor,0.5320307183824244,0.7792421746293245,0.42333457387420925,0.38471257106759316,0.8641016590187081,0.03883495145631155,running,8,1,7,2,0,0.9330127018922194,0.2500000000000001,0.5864683581219015,0.7665358194308146,0.6540453208500767,0.08604595019653946,0.8056013179571664,0.5090609555189457,0.7879727216367016,0.39354189111573407,0.5442873092668404,0.4464086341644957,0.4984887578326576,0.44187135499938424,0.4693619709412511,0.41124447252053065,0.44209984559958837,0.11104038728216058,0.6981997882103778,0.12606232294617564,0.7993439037725533,0.2543379715515219,0.4417475728155349,0.14967637540453183,0.24557678697806118,0.3210428760442517
2026-07-01 09:00:00,compressor,0.8133566637503644,0.5337726523887973,0.4557126907331597,0.6266582438408084,0.2777973879279916,0.4393203883495156,running,9,1,7,2,0,0.8535533905932737,0.14644660940672627,0.5320307183824244,0.5787046123650638,0.7523509673143045,0.602223931287298,0.7792421746293245,0.6342668863261944,0.7501549907005578,0.6666316013108766,0.42333457387420925,0.32694454782285076,0.5495023958717287,0.2347941194512667,0.38471257106759316,0.4036639292482631,0.5329387545033457,0.4422973611131844,0.8641016590187081,0.6947592067988668,0.6375068343357024,0.9169262949367999,0.03883495145631155,0.27750809061488724,0.31634819532908764,0.38554587694359677
2026-07-01 09:15:00,compressor,0.5297948867502673,0.556836902800659,0.680870859694827,0.6449778900821226,0.36569008118602186,0.8131067961165055,running,9,1,7,2,0,0.8535533905932737,0.14644660940672627,0.8133566637503644,0.582531894013739,0.7281991797506111,0.6624375700430126,0.5337726523887973,0.8056013179571664,0.656540607563546,0.5986305956752127,0.4557126907331597,0.5442873092668404,0.6036122373755988,0.5822401916753633,0.6266582438408084,0.4693619709412511,0.6044776119402981,0.5373697963221897,0.2777973879279916,0.6972379603399433,0.5087479496992893,0.9619590507324611,0.4393203883495156,0.4417475728155349,0.4787685774946926,0.727113967724596
2026-07-01 09:30:00,compressor,0.8007193545251288,0.9242174629324547,0.5178637886118348,0.5565382185723307,0.4207553829862336,0.14805825242718473,running,9,1,7,2,0,0.8535533905932737,0.14644660940672627,0.5297948867502673,0.527576054955839,0.8427026803098718,0.6499181903737989,0.556836902800659,0.7792421746293245,0.7110973341599502,0.9942065473302364,0.680870859694827,0.42333457387420925,0.6410615554736454,0.4748889089713222,0.6449778900821226,0.38471257106759316,0.6744724652599072,0.12057751660049669,0.36569008118602186,0.8636685552407931,0.3370694368507381,0.17574649260449524,0.8131067961165055,0.03883495145631155,0.5265392781316347,0.6086975706697042
2026-07-01 09:45:00,compressor,0.5290172061825604,0.556836902800659,0.5161890584294753,0.5186355022109921,0.18990469466996118,0.6820388349514577,running,9,1,7,2,0,0.8535533905932737,0.14644660940672627,0.8007193545251288,0.8115799803729146,0.7215294751232444,0.6345057404189006,0.9242174629324547,0.5337726523887973,0.7197768133911964,0.9612308300691268,0.5178637886118348,0.4557126907331597,0.6650202727607815,0.37788398950140756,0.5565382185723307,0.6266582438408084,0.6304683479155941,0.19732837494235883,0.4207553829862336,0.2754957507082153,0.303034445051941,0.3318551084009043,0.14805825242718473,0.4393203883495156,0.6326963906581753,0.6502752637045403
2026-07-01 10:00:00,compressor,0.6410032079323418,0.5667215815485996,0.5945292147376257,0.5887555274794694,0.44969996470172957,0.8834951456310689,running,10,1,7,2,0,0.75,0.06698729810778065,0.5290172061825604,0.5253189401373894,0.7689216620406811,0.5472064078135993,0.556836902800659,0.556836902800659,0.7234965902045876,0.9479914017369886,0.5161890584294753,0.680870859694827,0.6308145963877627,0.1548931745303614,0.5186355022109921,0.6449778900821226,0.6075656201749875,0.0716145497925934,0.18990469466996118,0.36366855524079317,0.33556588299617274,0.4020822765678555,0.6820388349514577,0.8131067961165055,0.6634819532908693,0.7113396105615943
2026-07-01 10:15:00,compressor,0.4861475648877223,0.6985172981878087,0.8831410494975812,0.810486418193304,0.43946346629015176,0.030744336569580533,running,10,1,7,2,0,0.75,0.06698729810778065,0.6410032079323418,0.7988223748773305,0.6348647417042959,0.3013605961796435,0.5667215815485996,0.9242174629324547,0.6385616862988217,0.33122321695487034,0.5945292147376257,0.5178637886118348,0.7755252488020641,0.8192415045153217,0.5887555274794694,0.5565382185723307,0.7110138960370569,0.5673126999695283,0.44969996470172957,0.4189093484419263,0.34281027884089665,0.41738863268184434,0.8834951456310689,0.14805825242718473,0.6121726822363733,0.8557867166048101
2026-07-01 10:30:00,compressor,0.5799552833673569,0.9967051070840196,0.4871604019352439,0.46051800379027164,0.3190963642781504,0.776699029126215,running,10,1,7,2,0,0.75,0.06698729810778065,0.4861475648877223,0.5245338567222766,0.656572351795849,0.2928718641713549,0.6985172981878087,0.556836902800659,0.8040917544947301,1.0,0.8831410494975812,0.5161890584294753,0.7640250645042388,0.8708250566966512,0.810486418193304,0.5186355022109921,0.687339166237777,0.6717630802373188,0.43946346629015176,0.18732294617563738,0.39283761618370694,0.17743789703918225,0.030744336569580533,0.6820388349514577,0.6535739561217273,0.8973010258533205
2026-07-01 10:45:00,compressor,0.7084669971809079,0.7891268533772653,0.4702270189802754,0.5666456096020216,0.278856336039534,0.8713592233009724,running,10,1,7,2,0,0.75,0.06698729810778065,0.5799552833673569,0.6375858684985279,0.6853225071461122,0.43886993458562745,0.9967051070840196,0.5667215815485996,0.8877867327960318,0.6806429202429924,0.4871604019352439,0.5945292147376257,0.7147806855879102,1.0,0.46051800379027164,0.5887555274794694,0.6783324755532685,0.6818669759258305,0.3190963642781504,0.4479461756373937,0.32668124658283204,0.21267138483203937,0.776699029126215,0.8834951456310689,0.6482661004954018,0.8881877722213081
2026-07-01 11:00:00,compressor,0.7911927675707202,0.8550247116968699,0.8546706363974695,0.9450410612760582,0.33074479350511826,0.17233009708737956,running,11,1,7,2,0,0.6294095225512605,0.0170370868554659,0.7084669971809079,0.4812561334641805,0.815319607274535,0.41642003550468515,0.7891268533772653,0.6985172981878087,0.9466831990080593,0.4589674807097493,0.4702270189802754,0.8831410494975812,0.7035016586804279,0.9265165547353634,0.5666456096020216,0.810486418193304,0.7331446217189912,1.0,0.278856336039534,0.4376770538243626,0.28458173865500275,0.03119445004649584,0.8713592233009724,0.030744336569580533,0.7101910828025471,0.7095419142871694
2026-07-01 11:15:00,compressor,1.0,0.8616144975288302,0.7703758838853741,0.8199620972836388,0.38686904341687256,0.0,running,11,1,7,2,0,0.6294095225512605,0.0170370868554659,0.7911927675707202,0.5759568204121688,0.9943245370562164,0.6066957047500109,0.8550247116968699,0.9967051070840196,0.8958462492250463,0.14641704591515292,0.8546706363974695,0.4871604019352439,0.8157021747143385,0.8586680625391679,0.9450410612760582,0.46051800379027164,0.8795676788471436,0.7382737878277659,0.33074479350511826,0.31692634560906513,0.3108255877528704,0.11749839321622846,0.17233009708737956,0.776699029126215,0.3704883227176232,0.8904003048260389
2026-07-01 11:30:00,compressor,0.5862739379799746,0.6606260296540363,0.6509117975437292,0.7694251421351863,0.7391457818566889,0.024271844660193942,running,11,1,7,2,0,0.6294095225512605,0.0170370868554659,1.0,0.7056918547595682,0.9422511288785782,0.8526871506747195,0.8616144975288302,0.7891268533772653,0.8474891506509608,0.49741185155158246,0.7703758838853741,0.4702270189802754,0.8872834500552895,0.41271008843804,0.8199620972836388,0.5666456096020216,0.9621718991250647,0.30544147427905266,0.38686904341687256,0.2765580736543909,0.48906506287588836,0.6565352223298148,0.0,0.8713592233009724,0.0,0.08059003033645842
2026-07-01 11:45:00,compressor,0.9053173908816952,0.9901153212520593,0.9095645701525866,0.8578648136449778,0.4528768090363572,0.8665048543689329,running,11,1,7,2,0,0.6294095225512605,0.0170370868554659,0.5862739379799746,0.7892051030421982,0.9908861179004931,0.8956914058142713,0.6606260296540363,0.8550247116968699,0.8983261004339738,0.7431601447402081,0.6509117975437292,0.8546706363974695,0.9090305934389975,0.5338016007541405,0.7694251421351863,0.9450410612760582,0.9266598044261452,0.11081238223497829,0.7391457818566889,0.32861189801699714,0.536358665937671,0.5466660358049162,0.024271844660193942,0.17233009708737956,0.3036093418259025,0.9607234158615814
2026-07-01 12:00:00,compressor,0.4701079031787692,1.0,1.0,1.0,0.8898693963995763,0.9474110032362466,running,12,1,7,2,0,0.5000000000000001,0.0,0.9053173908816952,1.0,0.7650689755167988,0.9329780396439042,0.9901153212520593,0.8616144975288302,0.9504029758214503,0.8714247243719395,0.9095645701525866,0.7703758838853741,1.0,0.7651863255144757,0.8578648136449778,0.8199620972836388,1.0,0.4150185682132161,0.4528768090363572,0.3849150141643059,0.7311372334609078,0.6584602813824003,0.8665048543689329,0.0,0.7179759377211585,0.9998817181463127
2026-07-01 12:15:00,compressor,0.5983279867794304,0.7116968698517296,0.612020841086714,0.5634870499052429,1.0,0.35517799352750856,running,12,1,7,2,0,0.5000000000000001,0.0,0.4701079031787692,0.5823356231599607,0.7702058908819753,0.9255593873976269,1.0,0.6606260296540363,0.9696218226906383,0.7318149056256997,1.0,0.6509117975437292,0.9845927018061191,0.8628038533145915,1.0,0.7694251421351863,0.9161091096242933,0.8644801736320615,0.8898693963995763,0.7383144475920679,0.832148715144888,0.8755670466400393,0.9474110032362466,0.024271844660193942,0.8627034677990082,0.5817570352854786
2026-07-01 12:30:00,compressor,0.46446971906289486,0.8550247116968699,0.8314104949758095,0.8035375868603918,0.8863395693611013,0.9247572815533989,running,12,1,7,2,0,0.5000000000000001,0.0,0.5983279867794304,0.9044160942100098,0.5823356394216828,0.2829008703517272,0.7116968698517296,0.9901153212520593,0.9187848729076253,0.6393520721222588,0.612020841086714,0.9095645701525866,0.9536306671581278,0.8249986244267624,0.5634870499052429,0.8578648136449778,0.8939783839423567,0.847491304811666,1.0,0.4511331444759207,1.0,0.15166221243009548,0.35517799352750856,0.8665048543689329,0.8881811748053767,0.613538835096753
2026-07-01 12:45:00,compressor,0.6697773889374938,0.8550247116968699,0.9389653889095647,0.9279848389134555,0.4729968231556654,0.9733009708737868,running,12,1,7,2,0,0.5000000000000001,0.0,0.46446971906289486,0.46506378802747783,0.6674261568416258,0.40677666500029797,0.8550247116968699,1.0,0.8642281463112211,0.3485122803016777,0.8314104949758095,1.0,0.9294507924806488,0.7001232673906833,0.8035375868603918,1.0,0.864642305712815,0.7065392904768989,0.8863395693611013,0.8895184135977336,0.8385729907053036,0.8367944571389074,0.9247572815533989,0.9474110032362466,0.8995046001415403,0.6314447420087186
2026-07-01 13:00:00,compressor,0.5650821425099641,0.9571663920922568,0.7832154819501304,0.7984838913455468,0.7105541828450406,0.30258899676375517,running,13,1,7,2,0,0.37059047744873963,0.01703708685546579,0.6697773889374938,0.59450441609421,0.6532582128505737,0.39999025559207363,0.8550247116968699,0.7116968698517296,0.9566026038437692,0.23588019394735682,0.9389653889095647,0.612020841086714,0.9972723921857722,0.3113991801276783,0.9279848389134555,0.5634870499052429,0.9603705609881628,0.2333410558599544,0.4729968231556654,1.0,0.7264898851831604,0.6116504906601326,0.9733009708737868,0.35517799352750856,0.8765038924274577,0.698075549129867
2026-07-01 13:15:00,compressor,0.5307669874599008,0.742998352553542,0.4864160774097508,0.6424510423246996,0.8288033886339569,0.4417475728155349,running,13,1,7,2,0,0.37059047744873963,0.01703708685546579,0.5650821425099641,0.4593719332679096,0.6815112473590454,0.26858976431417986,0.9571663920922568,0.8550247116968699,0.9144451332920023,0.4639523557631236,0.7832154819501304,0.8314104949758095,0.8605971249539257,0.9832136625803273,0.7984838913455468,0.8035375868603918,0.8947503860010295,0.5276768270814056,0.7105541828450406,0.8859773371104815,0.7042099507927829,0.5271565283763355,0.30258899676375517,0.9247572815533989,0.6652512384996481,0.6539944464432484
2026-07-01 13:30:00,compressor,0.6585982307767084,0.8912685337726522,0.4851135094901379,0.6291850915982313,0.6724320508295094,0.27993527508090743,running,13,1,7,2,0,0.37059047744873963,0.01703708685546579,0.5307669874599008,0.6666339548577036,0.6767471726252123,0.24142578906803072,0.742998352553542,0.8550247116968699,0.9280843149411031,0.4761272542084501,0.4864160774097508,0.9389653889095647,0.6807961666052342,0.7229605755145064,0.6424510423246996,0.9279848389134555,0.7730313947503857,0.32126549839519125,0.8288033886339569,0.4713172804532577,0.7814379442318208,0.2061230870860619,0.4417475728155349,0.9733009708737868,0.3619957537154992,0.0681340056584028
2026-07-01 13:45:00,compressor,0.9440069991251092,0.9373970345963756,0.7469296613323411,0.843335439039798,0.5192375573596894,0.9571197411003238,running,13,1,7,2,0,0.37059047744873963,0.01703708685546579,0.6585982307767084,0.5609421000981354,0.8382285927337503,0.8731139045873249,0.8912685337726522,0.9571663920922568,0.9206447613143207,0.4376696439562025,0.4851135094901379,0.7832154819501304,0.6664209362329527,0.629239769267367,0.6291850915982313,0.7984838913455468,0.791302110138961,0.4305296399383295,0.6724320508295094,0.7096317280453257,0.7073537452159651,0.4420568774625949,0.27993527508090743,0.30258899676375517,0.6482661004954018,0.6532700824214284
2026-07-01 14:00:00,compressor,0.9103723145717895,0.9538714991762769,0.43542984741347235,0.5950726468730259,0.5810095305330039,0.8122977346278324,running,14,1,7,2,0,0.2500000000000001,0.06698729810778059,0.9440069991251092,0.5263002944062807,1.0,0.6316267265773817,0.9373970345963756,0.742998352553542,0.9999999999999998,0.11026137672476141,0.7469296613323411,0.4864160774097508,0.646221894581644,0.7033730291346716,0.843335439039798,0.6424510423246996,0.7720020586721565,0.49216482956926244,0.5192375573596894,0.8282577903682719,0.6113996719518864,0.1917530940830735,0.9571197411003238,0.4417475728155349,0.8103326256192478,0.6597693139597316
2026-07-01 14:15:00,compressor,0.5265869544084767,0.5831960461285008,0.8018235950874583,0.7624763108022745,0.27497352629721145,0.09304207119741204,running,14,1,7,2,0,0.2500000000000001,0.06698729810778059,0.9103723145717895,0.6553483807654562,0.9437424914039523,0.9614355837370429,0.9538714991762769,0.8912685337726522,0.8840669559826408,0.9484826284804508,0.43542984741347235,0.4851135094901379,0.7716918540361226,0.8387030946509177,0.5950726468730259,0.6291850915982313,0.8262995367987651,0.45854637281638877,0.5810095305330039,0.6713881019830028,0.4574904319300165,0.46475464936271105,0.8122977346278324,0.27993527508090743,0.7285916489738131,0.8933062244434524
2026-07-01 14:30:00,compressor,0.5102556624866337,0.7957166392092256,0.5104205433569037,0.6336070751737211,0.41899046946699614,0.17475728155339887,running,14,1,7,2,0,0.2500000000000001,0.06698729810778059,0.5265869544084767,0.9434739941118743,0.7588963917312235,0.9377228831549835,0.5831960461285008,0.9373970345963756,0.8307501549907006,0.8375745937667913,0.8018235950874583,0.7469296613323411,0.6779948396608919,0.8205830719172602,0.7624763108022745,0.843335439039798,0.7408646423057128,0.293873530026098,0.27497352629721145,0.5177053824362606,0.41867140513942047,0.43664761421830234,0.09304207119741204,0.9571197411003238,0.3864118895966051,0.7416002198578191
2026-07-01 14:45:00,compressor,0.857976086322543,0.7166392092257001,0.7845180498697434,0.7062539481996213,0.4751147193787505,0.24110032362459588,running,14,1,7,2,0,0.2500000000000001,0.06698729810778059,0.5102556624866337,0.9095191364082432,0.7365673805874311,0.8064030726385881,0.7957166392092256,0.9538714991762769,0.7414755114693117,0.46533059201045796,0.5104205433569037,0.43542984741347235,0.8162919277552527,0.6860109696323455,0.6336070751737211,0.5950726468730259,0.7861554297478133,0.1963769124598,0.41899046946699614,0.5796742209631728,0.3776653909240023,0.27602241190035953,0.17475728155339887,0.8122977346278324,0.13658881811748103,0.038536503910253844
2026-07-01 15:00:00,compressor,0.5991056673471371,0.8072487644151565,0.8639746929661335,0.8919772583701833,0.30780091775503005,0.7459546925566345,running,15,1,7,2,0,0.14644660940672644,0.14644660940672605,0.857976086322543,0.522080471050049,0.7674717262521231,0.7388197878327412,0.7166392092257001,0.5831960461285008,0.8257904525728454,0.19017665523356905,0.7845180498697434,0.8018235950874583,0.8409141172134169,0.784506413774414,0.7062539481996213,0.7624763108022745,0.8389089037570772,0.4865540625048512,0.4751147193787505,0.2726628895184136,0.39037725533078194,0.21777738167755276,0.24110032362459588,0.09304207119741204,0.42215145081387107,0.5625483469620888
2026-07-01 15:15:00,compressor,0.7755419461456206,0.601317957166392,0.47897283215481956,0.39671509791535087,0.2400282386163078,0.718446601941749,running,15,1,7,2,0,0.14644660940672644,0.14644660940672605,0.5991056673471371,0.505593719332679,0.8805252910228263,0.5285309946365382,0.8072487644151565,0.7957166392092256,0.752634841909485,0.44543296583842495,0.8639746929661335,0.5104205433569037,0.8284555842241064,0.8640133353708562,0.8919772583701833,0.6336070751737211,0.7424086464230575,0.9809965141143164,0.30780091775503005,0.41713881019830024,0.321077091306725,0.3332505567097013,0.7459546925566345,0.17475728155339887,0.6599433828733208,0.49980504589102137
2026-07-01 15:30:00,compressor,0.39681150967240203,0.7775947281713345,0.6190919240788985,0.6885660138976628,0.14542887398517473,0.2524271844660202,running,15,1,7,2,0,0.14644660940672644,0.14644660940672605,0.7755419461456206,0.8566241413150145,0.6839968515680019,0.7772975534242675,0.601317957166392,0.7166392092257001,0.7755734655920643,0.48386328225854885,0.47897283215481956,0.7845180498697434,0.7629192775525251,0.8264256703921078,0.39671509791535087,0.7062539481996213,0.7352032938754505,0.9756965949302085,0.2400282386163078,0.473441926345609,0.19341170038272287,0.2061846049087783,0.718446601941749,0.24110032362459588,0.6648973814578891,0.4854380900015026
2026-07-01 15:45:00,compressor,0.7508505881209293,0.5980230642504119,0.4558987718645331,0.4737839545167404,0.2763854571126015,0.47977346278317246,running,15,1,7,2,0,0.14644660940672644,0.14644660940672605,0.39681150967240203,0.5952894995093229,0.7486639877376862,0.8745224227290951,0.7775947281713345,0.8072487644151565,0.6968381897086173,0.44318580219762266,0.6190919240788985,0.8639746929661335,0.6012532252119425,0.34977227836626423,0.6885660138976628,0.8919772583701833,0.5648481729284613,0.5626464896699765,0.14542887398517473,0.30559490084985835,0.18124658283214878,0.1612457624246346,0.2524271844660202,0.7459546925566345,0.5484784147204547,0.38798395303780575
2026-07-01 16:00:00,compressor,0.7550306211723534,0.5535420098846787,0.492556754745069,0.6058117498420721,0.45428873985174734,0.017799352750809128,running,16,1,7,2,0,0.06698729810778076,0.24999999999999978,0.7508505881209293,0.7734052993130519,0.7399229462695223,0.8472818973463234,0.5980230642504119,0.601317957166392,0.6788592684438932,0.5184140317266557,0.4558987718645331,0.47897283215481956,0.6066347217102839,0.3377232899948619,0.4737839545167404,0.39671509791535087,0.6500257334019555,0.38121411375544706,0.2763854571126015,0.23760623229461753,0.2642154182613451,0.44282287334435677,0.47977346278317246,0.718446601941749,0.24203821656051083,0.383505556438664
2026-07-01 16:15:00,compressor,0.5376689024982988,0.6902800658978583,0.5264235206550056,0.5502210991787746,0.4426403106247794,0.48058252427184467,running,16,1,7,2,0,0.06698729810778076,0.24999999999999978,0.7550306211723534,0.3910696761530913,0.7999502879158211,0.4940183060576692,0.5535420098846787,0.7775947281713345,0.6460012399256041,0.2869161805760519,0.492556754745069,0.6190919240788985,0.5699225949133802,0.11247160972515471,0.6058117498420721,0.6885660138976628,0.5936695831188885,0.20347444344676907,0.45428873985174734,0.14270538243626057,0.37930563149261887,0.26405161459539384,0.017799352750809128,0.2524271844660202,0.3418259023354562,0.4625980386696156
2026-07-01 16:30:00,compressor,0.723437348109264,0.542009884678748,0.6311871976181617,0.5862286797220468,0.21884927638545715,0.5889967637540456,running,16,1,7,2,0,0.06698729810778076,0.24999999999999978,0.5376689024982988,0.7484789008832188,0.7882679481337254,0.4641998201073841,0.6902800658978583,0.5980230642504119,0.6249225046497207,0.34721551349543656,0.5264235206550056,0.4558987718645331,0.6393660154810175,0.2780058976178298,0.5502210991787746,0.4737839545167404,0.6394750386001031,0.042436427575533175,0.4426403106247794,0.27407932011331443,0.35702569710224163,0.3709086819014779,0.48058252427184467,0.47977346278317246,0.3895966029723983,0.5426889364501942
2026-07-01 16:45:00,compressor,0.34266550014581515,0.4398682042833608,0.7201339784145888,0.6285533796588756,0.17402047299682316,0.9870550161812304,running,16,1,7,2,0,0.06698729810778076,0.24999999999999978,0.723437348109264,0.7526987242394504,0.6125357305605037,0.7811739724918042,0.542009884678748,0.5535420098846787,0.5821450712957221,0.5529541409459824,0.6311871976181617,0.492556754745069,0.7295245116107631,0.3884573013756104,0.5862286797220468,0.6058117498420721,0.648739063304169,0.08899125428706235,0.21884927638545715,0.4525495750708215,0.24849644614543476,0.4070050938538834,0.5889967637540456,0.017799352750809128,0.8135173389950463,0.46199996418571576
2026-07-01 17:00:00,compressor,0.47856517935258086,0.6622734761120264,0.6700781540751769,0.7005685407454201,0.5605365337098482,0.07200647249190961,running,17,1,7,2,0,0.01703708685546579,0.37059047744873974,0.34266550014581515,0.5332679097154072,0.5873482745764116,0.7923071442145433,0.4398682042833608,0.6902800658978583,0.5716057036577804,0.48386328225854963,0.7201339784145888,0.5264235206550056,0.7864356800589756,0.15415919417833335,0.6285533796588756,0.5502210991787746,0.7099845599588259,0.16762831802618428,0.17402047299682316,0.4408640226628895,0.2941498086386004,0.6244265022572207,0.9870550161812304,0.48058252427184467,0.6348195329087059,0.8845989283764315
2026-07-01 17:15:00,compressor,0.668124817731117,0.35749588138385513,0.5954596203944922,0.6216045483259633,0.1669608189198729,0.5242718446601948,running,17,1,7,2,0,0.01703708685546579,0.37059047744873974,0.47856517935258086,0.7208047105004906,0.5637764613281413,0.6641422123156334,0.6622734761120264,0.542009884678748,0.5021698698078114,0.7033296836384091,0.6700781540751769,0.6311871976181617,0.7722816070770364,0.23535226744216795,0.7005685407454201,0.5862286797220468,0.72439526505404,0.10807367853551862,0.5605365337098482,0.2163597733711048,0.27405686167304544,0.668923539530821,0.07200647249190961,0.5889967637540456,0.6065109695682942,0.8817916478335353
2026-07-01 17:30:00,compressor,0.496840672693691,0.5980230642504119,0.3515072571641237,0.40492735312697414,0.5315919519943523,0.6739482200647249,running,17,1,7,2,0,0.01703708685546579,0.37059047744873974,0.668124817731117,0.3364082433758586,0.6294792659182236,0.4082706608211995,0.35749588138385513,0.4398682042833608,0.5616862988220703,0.7175455412528668,0.5954596203944922,0.7201339784145888,0.6262440103206783,0.7000684165015049,0.6216045483259633,0.6285533796588756,0.6332990221307258,0.570380323928828,0.1669608189198729,0.1713881019830028,0.41252050300710774,0.6500251899265179,0.5242718446601948,0.9870550161812304,0.469568294409056,0.5647363911046847
2026-07-01 17:45:00,compressor,0.6463497618353262,0.4102141680395387,0.5476367696315595,0.6380290587492108,0.12283798093893399,0.9255663430420711,running,17,1,7,2,0,0.01703708685546579,0.37059047744873974,0.496840672693691,0.47360157016683013,0.7009818136625376,0.35907700601791065,0.5980230642504119,0.6622734761120264,0.466831990080595,0.5553995332942072,0.3515072571641237,0.6700781540751769,0.577736822705492,0.5329951081975242,0.40492735312697414,0.7005685407454201,0.6078229541945448,0.4732541407582671,0.5315919519943523,0.5591359773371104,0.24302897758337905,0.6661008869724717,0.6739482200647249,0.07200647249190961,0.8428874734607206,0.3214714369910027
2026-07-01 18:00:00,compressor,0.24633031982113346,0.5749588138385502,0.3775586155563827,0.3897662665824382,0.23543946346629013,0.3139158576051795,running,18,1,7,2,0,0.0,0.4999999999999999,0.6463497618353262,0.6649656526005887,0.5212312026181698,0.832085011454172,0.4102141680395387,0.35749588138385513,0.5486670799752011,0.441702829633304,0.5476367696315595,0.5954596203944922,0.49141172134168826,0.4311884365561236,0.6380290587492108,0.6216045483259633,0.5133813690169835,0.5115792044528104,0.12283798093893399,0.1643059490084986,0.2695462001093493,0.6235508098166507,0.9255663430420711,0.5242718446601948,0.7508846426043867,0.5516096443093765
2026-07-01 18:15:00,compressor,0.5441819772528433,0.4909390444810543,0.2802381838481579,0.3442830069488312,0.1846099541122485,0.8964401294498385,running,18,1,7,2,0,0.0,0.4999999999999999,0.24633031982113346,0.49205103042198217,0.5414060234475331,0.8568913607110077,0.5749588138385502,0.5980230642504119,0.5083694978301299,0.34674762244413837,0.3775586155563827,0.3515072571641237,0.46317729450792483,0.560139455644943,0.3897662665824382,0.40492735312697414,0.4886773031394749,0.5916693895041956,0.23543946346629013,0.530099150141643,0.13518316019682886,0.1251290734606766,0.3139158576051795,0.6739482200647249,0.8481953290870479,0.6343434809226562
2026-07-01 18:30:00,compressor,0.32545931758530183,0.4942339373970347,0.3943059173799778,0.5439039797852181,0.45146487822096715,0.9360841423948232,running,18,1,7,2,0,0.0,0.4999999999999999,0.5441819772528433,0.6429833169774288,0.40465636521811194,0.6242452836115201,0.4909390444810543,0.4102141680395387,0.5399876007439552,0.1819519104776754,0.2802381838481579,0.5476367696315595,0.4024327312937706,0.2302308283551688,0.3442830069488312,0.6380290587492108,0.45033453422542413,0.3655459491626423,0.1846099541122485,0.12004249291784702,0.2624384909786769,0.3998878032868726,0.8964401294498385,0.9255663430420711,0.8527954706298662,0.6415871262500095
2026-07-01 18:45:00,compressor,0.2677165354330709,0.3953871499176277,0.2564197990323782,0.2703727100442199,0.11542534415813625,0.6504854368932049,running,18,1,7,2,0,0.0,0.4999999999999999,0.32545931758530183,0.23915603532875362,0.41377024731761874,0.5875512965670933,0.4942339373970347,0.5749588138385502,0.472411655300682,0.22247886002174738,0.3943059173799778,0.3775586155563827,0.3544415775893844,0.28439350382251494,0.5439039797852181,0.3897662665824382,0.4016984045290788,0.5214455925165415,0.45146487822096715,0.23300283286118978,0.21596500820120296,0.5150415231441671,0.9360841423948232,0.3139158576051795,1.0,0.2157323594114572
2026-07-01 19:00:00,compressor,0.3122387479342859,0.3476112026359143,0.47339039821362117,0.49968414403032213,0.47264384045181784,0.7516181229773471,running,19,1,7,2,0,0.01703708685546579,0.6294095225512601,0.2677165354330709,0.5398429833169773,0.31492605327478346,0.08542928335050146,0.3953871499176277,0.4909390444810543,0.41847489150650946,0.31075501364574226,0.2564197990323782,0.2802381838481579,0.43096203464799104,0.44591019268765586,0.2703727100442199,0.3442830069488312,0.4650025733401959,0.5439966667425439,0.11542534415813625,0.18201133144475917,0.3275013668671406,0.5889979633842355,0.6504854368932049,0.8964401294498385,0.936659589525835,0.1939350741904719
2026-07-01 19:15:00,compressor,0.4588315349470205,0.33278418451400327,0.15891328619278008,0.2931143398610234,0.09671726085421813,0.6035598705501632,running,19,1,7,2,0,0.01703708685546579,0.6294095225512601,0.3122387479342859,0.31903827281648667,0.37176353618625474,0.38841963083099557,0.3476112026359143,0.4942339373970347,0.3577185368877867,0.11151079466139677,0.47339039821362117,0.3943059173799778,0.33770733505344636,0.6748307602547801,0.49968414403032213,0.5439039797852181,0.3628409675759139,0.45736365114034594,0.47264384045181784,0.44971671388101986,0.1901312192454893,0.6258487631401928,0.7516181229773471,0.9360841423948232,0.7912243453644763,0.04184225286077628
2026-07-01 19:30:00,compressor,0.13006707494896474,0.2767710049423394,0.16468180126535173,0.21730890713834494,0.32792093187433813,0.6828478964401299,running,19,1,7,2,0,0.01703708685546579,0.6294095225512601,0.4588315349470205,0.2607458292443572,0.3131032768548821,0.6695183354157453,0.33278418451400327,0.3953871499176277,0.31308121512709214,0.1335248334290173,0.15891328619278008,0.2564197990323782,0.30136380390711376,0.7595858633317208,0.2931143398610234,0.2703727100442199,0.3412249099330933,0.5410982200287024,0.09671726085421813,0.11260623229461755,0.27241662110442866,0.5542364021799149,0.6035598705501632,0.6504854368932049,0.8053786270346794,0.038381116193278136
2026-07-01 19:45:00,compressor,0.25916204918829583,0.314662273476112,0.4023074060290287,0.5603284902084651,0.053653370984821744,0.9069579288025897,running,19,1,7,2,0,0.01703708685546579,0.6294095225512601,0.13006707494896474,0.30569185475956817,0.2904842785533784,0.6735895002213884,0.2767710049423394,0.3476112026359143,0.3006819590824548,0.09193620017862558,0.16468180126535173,0.47339039821362117,0.27320309620346456,0.5760182663055688,0.21730890713834494,0.49968414403032213,0.3659289758106019,0.6850272929664604,0.32792093187433813,0.4709631728045325,0.11016949152542371,0.41858095478618806,0.6828478964401299,0.7516181229773471,0.8733191790516628,0.22152398650805816
2026-07-01 20:00:00,compressor,0.2181393992417614,0.33278418451400327,0.12727949385932272,0.27542640555906495,0.4062830921284857,0.6359223300970873,running,20,1,7,2,0,0.0669872981077807,0.75,0.25916204918829583,0.45368007850834147,0.18791167819710847,0.24055712865560389,0.314662273476112,0.33278418451400327,0.3006819590824548,0.09193620017862558,0.4023074060290287,0.15891328619278008,0.26067084408403945,0.6220024472770205,0.5603284902084651,0.2931143398610234,0.3587236232629949,0.6993552269900963,0.053653370984821744,0.09383852691218128,0.23004373974849646,0.5398988558100183,0.9069579288025897,0.6035598705501632,0.8874734607218677,0.1940179181091241
2026-07-01 20:15:00,compressor,0.10576455720812677,0.23723228995057655,0.13546706363974695,0.10802274162981718,0.39675255912460294,0.059061488673139984,running,20,1,7,2,0,0.0669872981077807,0.75,0.2181393992417614,0.12178606476938175,0.1775549939931233,0.299010977656578,0.33278418451400327,0.2767710049423394,0.28580285182889015,0.19694231886071015,0.12727949385932272,0.16468180126535173,0.24909694065610016,0.6547058187750043,0.27542640555906495,0.21730890713834494,0.31420483787956766,0.8900369778049037,0.4062830921284857,0.32577903682719545,0.2566976489885184,0.5905756895207274,0.6359223300970873,0.6828478964401299,0.6146496815286628,0.8279210191831142
2026-07-01 20:30:00,compressor,0.09925148245358223,0.15650741350906094,0.22962411611462605,0.37839545167403665,0.19696434874691138,0.7022653721682861,running,20,1,7,2,0,0.0669872981077807,0.75,0.10576455720812677,0.2521099116781158,0.10940801193090016,0.24437230563009446,0.23723228995057655,0.314662273476112,0.22628642281463102,0.374525420906158,0.13546706363974695,0.4023074060290287,0.1806855879100625,0.2091076404258473,0.10802274162981718,0.5603284902084651,0.24009264024704047,0.5001450174380202,0.39675255912460294,0.050637393767705374,0.31219245489338443,0.32420132598014545,0.059061488673139984,0.9069579288025897,0.5251238499646131,0.6535346755337209
2026-07-01 20:45:00,compressor,0.08505881209293281,0.1466227347611203,0.23613695571269075,0.39229311433986114,0.007412636780797746,0.6545307443365704,running,20,1,7,2,0,0.0669872981077807,0.75,0.09925148245358223,0.21069676153091266,0.05269480922987696,0.0,0.15650741350906094,0.33278418451400327,0.15623062616243016,0.1919940950126897,0.22962411611462605,0.12727949385932272,0.22381127902690717,0.20670623352228693,0.37839545167403665,0.27542640555906495,0.28769943386515706,0.6007752372341943,0.19696434874691138,0.40439093484419264,0.15773646801530894,0.5705937682176084,0.7022653721682861,0.6359223300970873,0.5332625619249836,0.663672058360827
2026-07-01 21:00:00,compressor,0.15252260134149898,0.19110378912685344,0.21287681429103092,0.4144030322173089,0.17049064595834806,0.4943365695792883,running,21,1,7,2,0,0.14644660940672616,0.8535533905932737,0.08505881209293281,0.09725220804710505,0.07262106963834458,0.10852290226455197,0.1466227347611203,0.23723228995057655,0.13887166769993792,0.06718462301771513,0.23613695571269075,0.13546706363974695,0.25447843715444124,0.008360030543038174,0.39229311433986114,0.10802274162981718,0.41250643335048887,0.0,0.007412636780797746,0.3948300283286119,0.07012028430836525,0.2741394948043173,0.6545307443365704,0.059061488673139984,0.7236376503892412,0.11497871002731147
2026-07-01 21:15:00,compressor,0.18878195781082924,0.09390444810543663,0.04261257908448088,0.23815540113708122,0.27603247440875395,0.4449838187702273,running,21,1,7,2,0,0.14644660940672616,0.8535533905932737,0.15252260134149898,0.09067713444553488,0.11077509424582638,0.1826787670346141,0.19110378912685344,0.15650741350906094,0.1153130812151269,0.1870277035816573,0.21287681429103092,0.22962411611462605,0.18039071138960538,0.42736008010973614,0.4144030322173089,0.37839545167403665,0.35537828100874913,0.329143867198369,0.17049064595834806,0.19440509915014165,0.10073810825587759,0.3794013110132019,0.4943365695792883,0.7022653721682861,0.6111111111111107,0.116375895222944
2026-07-01 21:30:00,compressor,0.23670652279576165,0.18451400329489298,0.06159285448455529,0.2779532533164879,0.052241440169431705,0.7880258899676384,running,21,1,7,2,0,0.14644660940672616,0.8535533905932737,0.18878195781082924,0.0763493621197252,0.1754008036786942,0.1374478785082037,0.09390444810543663,0.1466227347611203,0.12957222566645993,0.21382757995183022,0.04261257908448088,0.23613695571269075,0.11124216734242509,0.37210179578101277,0.23815540113708122,0.39229311433986114,0.3088008234688626,0.3140197307091454,0.27603247440875395,0.004249291784702541,0.1180973209404046,0.30410441314755987,0.4449838187702273,0.6545307443365704,0.6694975230007056,0.2833390422427293
2026-07-01 21:45:00,compressor,0.12549820161368713,0.12685337726523888,0.058243394119836284,0.1838281743524952,0.11189551711966113,0.03802588996763756,running,21,1,7,2,0,0.14644660940672616,0.8535533905932737,0.23670652279576165,0.14445534838076546,0.1638841708438626,0.1963310330263728,0.18451400329489298,0.19110378912685344,0.10539367637941716,0.1737895208452634,0.06159285448455529,0.21287681429103092,0.04998157021747113,0.0,0.2779532533164879,0.4144030322173089,0.21487390633041725,0.12298438447213349,0.052241440169431705,0.1678470254957507,0.09540732640787314,0.31677448387345425,0.7880258899676384,0.4943365695792883,0.4699221514508132,0.7012492084293683
2026-07-01 22:00:00,compressor,0.030037911927675742,0.11367380560131796,0.1172311127651656,0.1560328490208467,0.20896576067772682,0.1893203883495156,idle,22,1,7,2,0,0.24999999999999978,0.9330127018922192,0.12549820161368713,0.18105986261040236,0.09623430962343094,0.40335122568347376,0.12685337726523888,0.09390444810543663,0.11283323000619944,0.1350096214860757,0.058243394119836284,0.04261257908448088,0.07954294139329127,0.10289995652097242,0.1838281743524952,0.23815540113708122,0.18142048378795694,0.19336604308424576,0.11189551711966113,0.2737252124645892,0.06943685073810824,0.1982885260604166,0.03802588996763756,0.4449838187702273,0.3581033262561917,0.7478032586336707
2026-07-01 22:15:00,compressor,0.11237484203363474,0.1466227347611203,0.18459248232229256,0.22362602653190145,0.2174373455700671,0.9894822006472497,running,22,1,7,2,0,0.24999999999999978,0.9330127018922192,0.030037911927675742,0.2294406280667321,0.04324951323584242,0.178791983326236,0.11367380560131796,0.18451400329489298,0.09857408555486663,0.035104920943647394,0.1172311127651656,0.06159285448455529,0.1282712863988203,0.23750688222989244,0.1560328490208467,0.2779532533164879,0.15928975810602175,0.06685971892587884,0.20896576067772682,0.04922096317280453,0.13340623291416076,0.13238569801677758,0.1893203883495156,0.7880258899676384,0.44621372965322337,1.0
2026-07-01 22:30:00,compressor,0.05696510158452417,0.008237232289950658,0.1319315221436547,0.20088439671509795,0.14719378750441225,0.6399676375404546,running,22,1,7,2,0,0.24999999999999978,0.9330127018922192,0.11237484203363474,0.11717369970559371,0.014043663780604065,0.1363837997416172,0.1466227347611203,0.12685337726523888,0.05393676379417228,0.2989541623057736,0.18459248232229256,0.058243394119836284,0.15746406192406903,0.11312901099793427,0.22362602653190145,0.1838281743524952,0.16623777663407102,0.06863647475279595,0.2174373455700671,0.10906515580736542,0.14707490431930015,0.06700735382495099,0.9894822006472497,0.03802588996763756,0.7094833687190363,0.7577584922162137
2026-07-01 22:45:00,compressor,0.16720132205696508,0.13344316309719934,0.16282098995161895,0.2507896399241947,0.03459230497705611,0.3600323624595472,running,22,1,7,2,0,0.24999999999999978,0.9330127018922192,0.05696510158452417,0.02080471050049071,0.07249678942789678,0.1934538784287389,0.008237232289950658,0.11367380560131796,0.06137631742095456,0.31832435639579,0.1319315221436547,0.1172311127651656,0.17552524880206394,0.07305924345828466,0.20088439671509795,0.1560328490208467,0.20483787956767907,0.028858767779489577,0.14719378750441225,0.20644475920679883,0.07955166757791143,0.24059083618281593,0.6399676375404546,0.1893203883495156,0.7841472045293667,0.5690803611112449
2026-07-01 23:00:00,compressor,0.009818217167298526,0.12685337726523888,0.007815407517677703,0.02716361339229323,0.012001411930815373,0.3818770226537218,idle,23,1,7,2,0,0.37059047744873924,0.982962913144534,0.16720132205696508,0.1039254170755643,0.028791582087078937,0.30489842944642065,0.13344316309719934,0.1466227347611203,0.05393676379417228,0.2903086887453096,0.16282098995161895,0.18459248232229256,0.1054920751935125,0.32170834539211346,0.2507896399241947,0.22362602653190145,0.12480699948533269,0.4195086722021406,0.03459230497705611,0.21494334277620397,0.0,0.17675726543010872,0.3600323624595472,0.9894822006472497,0.5184005661712661,0.21788140590848404
2026-07-01 23:15:00,compressor,0.15660542432195973,0.08072487644151571,0.11927800521027168,0.16298168035375848,0.25379456406636075,0.9134304207119754,running,23,1,7,2,0,0.37059047744873924,0.982962913144534,0.009818217167298526,0.04798822374877332,0.07125398732341853,0.33615331301504403,0.12685337726523888,0.008237232289950658,0.08121512709237427,0.09260919644053642,0.007815407517677703,0.1319315221436547,0.10047917434574238,0.3123227036814201,0.02716361339229323,0.20088439671509795,0.10936695831188858,0.39956144178122954,0.012001411930815373,0.14447592067988668,0.04127938764352104,0.37367906395351197,0.3818770226537218,0.6399676375404546,0.6380042462845008,0.5647333282566436
2026-07-01 23:30:00,compressor,0.0,0.09225700164744649,0.14160774097506515,0.28553379658875544,0.0,0.40614886731391664,idle,23,1,7,2,0,0.37059047744873924,0.982962913144534,0.15660542432195973,0.15927379784102058,0.0,0.3350815449278637,0.08072487644151571,0.13344316309719934,0.06571605703657762,0.07026083332029862,0.11927800521027168,0.16282098995161895,0.09207519351271626,0.27532346949412534,0.16298168035375848,0.2507896399241947,0.12352032938754531,0.4696284583409248,0.25379456406636075,0.0315155807365439,0.027884089666484396,0.40470699993937265,0.9134304207119754,0.3600323624595472,0.6581740976645456,0.5355722363591437
2026-07-01 23:45:00,compressor,0.12024885778166616,0.09884678747940695,0.084108671380722,0.1648768161718257,0.08648076244264032,0.8195792880258912,running,23,1,7,2,0,0.37059047744873924,0.982962913144534,0.0,0.00039254170755642637,0.0470607730229089,0.3100709267151618,0.09225700164744649,0.12685337726523888,0.055176689398636014,0.0,0.14160774097506515,0.007815407517677703,0.12230003685956475,0.08435864564089521,0.28553379658875544,0.02716361339229323,0.17961914565105497,0.2200775656113974,0.0,0.008852691218130287,0.05672498633132861,0.3590832673920051,0.40614886731391664,0.3818770226537218,0.8496107572540677,0.4690704183677945
