timestamp,system_id,grid_import_kw,grid_export_kw,frequency_hz,voltage_v,power_factor,tariff_inr_kwh,hour,day,month,day_of_week,is_weekend,hour_sin,hour_cos,grid_import_kw_lag1,grid_import_kw_lag3,grid_import_kw_rolling_mean3,grid_import_kw_rolling_std3,grid_export_kw_lag1,grid_export_kw_lag3,grid_export_kw_rolling_mean3,grid_export_kw_rolling_std3,frequency_hz_lag1,frequency_hz_lag3,frequency_hz_rolling_mean3,frequency_hz_rolling_std3,voltage_v_lag1,voltage_v_lag3,voltage_v_rolling_mean3,voltage_v_rolling_std3,power_factor_lag1,power_factor_lag3,power_factor_rolling_mean3,power_factor_rolling_std3,tariff_inr_kwh_lag1,tariff_inr_kwh_lag3,tariff_inr_kwh_rolling_mean3,tariff_inr_kwh_rolling_std3
2026-07-01 00:00:00,grid_connection_1,0.07071905114899912,0.0,0.5092592592592666,0.6067498165810719,0.3211009174311936,0.0,0,1,7,2,0,0.5,1.0,0.07071905114899912,0.07071905114899912,0.01816977505324968,0.47152493422456687,0.0,0.0,0.001736362320937636,0.003568217828863759,0.5092592592592666,0.5092592592592666,0.59065420560745,0.6589804691643515,0.6067498165810719,0.6067498165810719,0.40647682858738676,0.5612416416546292,0.3211009174311936,0.3211009174311936,0.2274368231046946,0.3677860611771211,0.0,0.0,0.11250000000000027,0.5517241379310341
2026-07-01 00:15:00,grid_connection_1,0.05156412157153434,0.000667779632721202,1.0,0.057960381511371395,0.4678899082568808,0.5517241379310343,0,1,7,2,0,0.5,1.0,0.07071905114899912,0.07071905114899912,0.01816977505324968,0.47152493422456687,0.0,0.0,0.001736362320937636,0.003568217828863759,0.5092592592592666,0.5092592592592666,0.59065420560745,0.6589804691643515,0.6067498165810719,0.6067498165810719,0.40647682858738676,0.5612416416546292,0.3211009174311936,0.3211009174311936,0.2274368231046946,0.3677860611771211,0.0,0.0,0.11250000000000027,0.5517241379310341
2026-07-01 00:30:00,grid_connection_1,0.3303780578206079,0.00333889816360601,0.26388888888891415,0.5818048422597215,0.05504587155963314,0.0,0,1,7,2,0,0.5,1.0,0.05156412157153434,0.07071905114899912,0.01816977505324968,0.47152493422456687,0.000667779632721202,0.0,0.001736362320937636,0.003568217828863759,1.0,0.5092592592592666,0.59065420560745,0.6589804691643515,0.057960381511371395,0.6067498165810719,0.40647682858738676,0.5612416416546292,0.4678899082568808,0.3211009174311936,0.2274368231046946,0.3677860611771211,0.5517241379310343,0.0,0.11250000000000027,0.5517241379310341
2026-07-01 00:45:00,grid_connection_1,0.31994069681245363,0.004340567612687813,0.04629629629630472,0.1335289801907571,0.44036697247706513,1.0,0,1,7,2,0,0.5,1.0,0.3303780578206079,0.07071905114899912,0.1273312899371395,0.4789921014386471,0.00333889816360601,0.0,0.0036174215019534072,0.0038344014743712175,0.26388888888891415,0.5092592592592666,0.40373831775701774,0.9030953602989542,0.5818048422597215,0.6067498165810719,0.22640982691233802,0.509878696567926,0.05504587155963314,0.3211009174311936,0.27436823104693175,0.4127638300766603,0.0,0.0,0.4750000000000001,0.8675686638213187
2026-07-01 01:00:00,grid_connection_1,0.4011860637509266,0.010684474123539232,0.5925925925926094,0.7109317681584741,0.8899082568807337,0.5517241379310343,1,1,7,2,0,0.6294095225512604,0.9829629131445342,0.31994069681245363,0.05156412157153434,0.280469115278716,0.11066329743392658,0.004340567612687813,0.000667779632721202,0.007958327304297496,0.008044992681411076,0.04629629629630472,1.0,0.23925233644854416,0.4640834418772958,0.1335289801907571,0.057960381511371395,0.4748743718592934,0.5480842793663981,0.44036697247706513,0.4678899082568808,0.44043321299638905,0.8031490049767104,1.0,0.5517241379310343,0.4750000000000001,0.8675686638213187
2026-07-01 01:15:00,grid_connection_1,0.19338769458858407,0.01001669449081803,0.7083333333333428,0.7307410124724854,0.8256880733944953,0.0,1,1,7,2,0,0.6294095225512604,0.9829629131445342,0.4011860637509266,0.3303780578206079,0.22046599823367452,0.306456867725655,0.010684474123539232,0.00333889816360601,0.010852264505860226,0.007040209650110136,0.5925925925926094,0.26388888888891415,0.4186915887850091,0.617522805848136,0.7109317681584741,0.5818048422597215,0.5315466219988778,0.6175964497494677,0.8899082568807337,0.05504587155963314,0.7436823104693158,0.43846504789008145,0.5517241379310343,0.0,0.4750000000000001,0.8675686638213187
2026-07-01 01:30:00,grid_connection_1,0.0,0.004674457429048414,0.5925925925926094,0.8253851797505511,0.9174311926605512,0.0,1,1,7,2,0,0.6294095225512604,0.9829629131445342,0.19338769458858407,0.31994069681245363,0.08032884825185715,0.6167868313826903,0.01001669449081803,0.004340567612687813,0.01099696136593836,0.00665277968620975,0.7083333333333428,0.04629629629630472,0.6392523364485783,0.05742757399245707,0.7307410124724854,0.1335289801907571,0.7948073701842517,0.08338659642567131,0.8256880733944953,0.44036697247706513,0.9314079422382697,0.02922427692077094,0.0,1.0,0.11250000000000027,0.5517241379310341
2026-07-01 01:45:00,grid_connection_1,0.35964418087472216,0.05242070116861436,0.15277777777779988,0.5429200293470267,0.17431192660550465,0.5517241379310343,1,1,7,2,0,0.6294095225512604,0.9829629131445342,0.0,0.4011860637509266,0.062133097823263705,0.5499965263944199,0.004674457429048414,0.010684474123539232,0.029084068875705405,0.052834932861441204,0.5925925925926094,0.5925925925926094,0.4616822429906051,0.4994035536121145,0.8253851797505511,0.7109317681584741,0.7308766052484614,0.24208405723712545,0.9174311926605512,0.8899082568807337,0.6498194945848397,0.7766781332226069,0.0,0.5517241379310343,0.11250000000000027,0.5517241379310341
2026-07-01 02:00:00,grid_connection_1,0.2426389918458116,0.04774624373956594,0.7777777777777715,0.1856199559794547,0.9541284403669721,0.5517241379310343,2,1,7,2,0,0.75,0.9330127018922194,0.35964418087472216,0.19338769458858407,0.0837056470466,0.5611597894719645,0.05242070116861436,0.01001669449081803,0.04543481406453481,0.05315812029700434,0.15277777777779988,0.7083333333333428,0.48971962616820974,0.5539365716448371,0.5429200293470267,0.7307410124724854,0.5234505862646586,0.5818321202021992,0.17431192660550465,0.8256880733944953,0.700361010830326,0.8494340778571251,0.5517241379310343,0.0,0.3125,0.5517241379310341
2026-07-01 02:15:00,grid_connection_1,0.03555226093402508,0.018697829716193656,0.45833333333337123,0.9757887013939808,0.7155963302752291,0.0,2,1,7,2,0,0.75,0.9330127018922194,0.2426389918458116,0.0,0.09927788456543207,0.4986398438095483,0.04774624373956594,0.004674457429048414,0.05151208218781652,0.03689966434773284,0.7777777777777715,0.5925925925926094,0.43551401869154915,0.5373291965870107,0.1856199559794547,0.8253851797505511,0.5806811836962638,0.7260672431025905,0.9541284403669721,0.9174311926605512,0.6209386281588447,0.765034481143369,0.5517241379310343,0.0,0.3125,0.5517241379310341
2026-07-01 02:30:00,grid_connection_1,0.41550778354336537,0.09181969949916527,0.46296296296299033,0.057960381511371395,0.5412844036697244,0.5517241379310343,2,1,7,2,0,0.75,0.9330127018922194,0.03555226093402508,0.35964418087472216,0.12374668813964385,0.5831329093554345,0.018697829716193656,0.05242070116861436,0.06858631167703663,0.07435689949446896,0.45833333333337123,0.15277777777779988,0.5607476635514104,0.2845561049619497,0.9757887013939808,0.5429200293470267,0.3961474036850916,0.9210409906660741,0.7155963302752291,0.17431192660550465,0.7653429602888071,0.36356806713363365,0.0,0.5517241379310343,0.3125,0.5517241379310341
2026-07-01 02:45:00,grid_connection_1,0.172216456634544,0.0,0.9675925925926094,0.5597945707997063,0.29357798165137616,1.0,2,1,7,2,0,0.75,0.9330127018922194,0.41550778354336537,0.2426389918458116,0.09290092991843735,0.5903180564797356,0.09181969949916527,0.04774624373956594,0.04789466068586313,0.097999244427671,0.46296296296299033,0.7777777777777715,0.6373831775700864,0.4985936348207225,0.057960381511371395,0.1856199559794547,0.538525963149084,0.8488262453146753,0.5412844036697244,0.9541284403669721,0.5054151624548737,0.3736237367936893,0.5517241379310343,0.5517241379310343,0.4750000000000001,0.8675686638213187
2026-07-01 03:00:00,grid_connection_1,0.1722461082283172,0.004340567612687813,0.004629629629619103,1.0,0.13761467889908374,0.5517241379310343,3,1,7,2,0,0.8535533905932737,0.8535533905932737,0.172216456634544,0.03555226093402508,0.15277417008675753,0.4220790470322958,0.0,0.018697829716193656,0.04167269570250327,0.10462547702740324,0.9675925925926094,0.45833333333337123,0.454205607476581,0.8676923424306522,0.5597945707997063,0.9757887013939808,0.5477386934673376,0.8714446835799751,0.29357798165137616,0.7155963302752291,0.2779783393501791,0.3558701774886601,1.0,0.0,0.6749999999999998,0.4482758620689656
2026-07-01 03:15:00,grid_connection_1,0.27706449221645657,0.14557595993322203,0.027777777777799884,0.1548055759354341,0.0733944954128436,0.0,3,1,7,2,0,0.8535533905932737,0.8535533905932737,0.1722461082283172,0.41550778354336537,0.09213465634578433,0.16347253254500377,0.004340567612687813,0.09181969949916527,0.06496889017508323,0.1672723025846597,0.004629629629619103,0.46296296296299033,0.27850467289721337,1.0,1.0,0.057960381511371395,0.5845896147403664,0.7780040511098781,0.13761467889908374,0.5412844036697244,0.09386281588447787,0.1673118692135407,0.5517241379310343,0.5517241379310343,0.4750000000000001,0.8675686638213187
2026-07-01 03:30:00,grid_connection_1,0.38858413639733147,0.0,0.2777777777777999,0.5451210564930307,0.9908256880733948,0.2413793103448274,3,1,7,2,0,0.8535533905932737,0.8535533905932737,0.27706449221645657,0.172216456634544,0.18690581328900202,0.31767444257580624,0.14557595993322203,0.0,0.06496889017508323,0.1672723025846597,0.027777777777799884,0.9675925925926094,0.0,0.22274425954520796,0.1548055759354341,0.5597945707997063,0.5790061418202157,0.7785583852790419,0.0733944954128436,0.29357798165137616,0.36823104693140785,0.9999999999999999,0.0,1.0,0.20000000000000018,0.47904979273964815
2026-07-01 03:45:00,grid_connection_1,0.4158932542624165,0.0,0.5601851851851904,0.754952311078501,0.44036697247706513,0.5517241379310343,3,1,7,2,0,0.8535533905932737,0.8535533905932737,0.38858413639733147,0.1722461082283172,0.2936256428905397,0.20560558000693052,0.0,0.004340567612687813,0.06308783099406745,0.16974547470072845,0.2777777777777999,0.004629629629619103,0.22429906542049594,0.4471749595783072,0.5451210564930307,1.0,0.4857621440536022,0.5509998133489576,0.9908256880733948,0.13761467889908374,0.48736462093862976,0.8948286355551264,0.2413793103448274,0.5517241379310343,0.19999999999999973,0.47904979273964815
2026-07-01 04:00:00,grid_connection_1,0.43107487027427727,0.08347245409015025,0.6620370370370381,0.011005135730005833,0.3394495412844041,0.5517241379310343,4,1,7,2,0,0.9330127018922193,0.75,0.4158932542624165,0.27706449221645657,0.3610836926593588,0.037312578757662564,0.0,0.14557595993322203,0.036174215019534085,0.09733112081463788,0.5601851851851904,0.027777777777799884,0.480373831775637,0.31573776620721883,0.754952311078501,0.1548055759354341,0.4310441094360655,0.7027939309806244,0.44036697247706513,0.0733944954128436,0.5920577617328533,0.6627671313078973,0.5517241379310343,0.0,0.3999999999999999,0.3103448275862064
2026-07-01 04:15:00,grid_connection_1,0.195522609340252,0.22003338898163605,0.4444444444444571,0.15994130594277323,0.036697247706422687,1.0,4,1,7,2,0,0.9330127018922193,0.75,0.43107487027427727,0.38858413639733147,0.27652085822640116,0.3941787890213085,0.08347245409015025,0.0,0.13152944581102594,0.22433706440082046,0.6620370370370381,0.2777777777777999,0.547663551401854,0.13955330512978545,0.011005135730005833,0.5451210564930307,0.2844779452819637,0.7221209690834622,0.3394495412844041,0.9908256880733948,0.21660649819494715,0.3694618986035715,0.5517241379310343,0.2413793103448274,0.6749999999999998,0.4482758620689656
2026-07-01 04:30:00,grid_connection_1,0.19973313565604156,0.1375626043405676,0.6759259259259522,0.007336757153336038,0.385321100917432,0.5517241379310343,4,1,7,2,0,0.9330127018922193,0.75,0.195522609340252,0.4158932542624165,0.1818406150968881,0.4037711196315756,0.22003338898163605,0.0,0.1911445521632181,0.13888956549474107,0.4444444444444571,0.5601851851851904,0.5943925233644336,0.18047678987851248,0.15994130594277323,0.754952311078501,0.0,0.13314250396584137,0.036697247706422687,0.44036697247706513,0.19494584837545403,0.3263644949258103,1.0,0.5517241379310343,0.6749999999999998,0.4482758620689656
2026-07-01 04:45:00,grid_connection_1,0.21455893254262415,0.23272120200333887,0.7546296296296475,0.5994130594277323,0.3486238532110093,0.0,4,1,7,2,0,0.9330127018922193,0.75,0.19973313565604156,0.43107487027427727,0.08700451971530976,0.0,0.1375626043405676,0.08347245409015025,0.25582404861814506,0.10434985621921643,0.6759259259259522,0.6620370370370381,0.6317757009345542,0.24184382626865672,0.007336757153336038,0.011005135730005833,0.2238972640982695,0.5564553301779331,0.385321100917432,0.3394495412844041,0.1985559566787014,0.330822144709481,0.5517241379310343,0.5517241379310343,0.4750000000000001,0.8675686638213187
2026-07-01 05:00:00,grid_connection_1,0.4526315789473683,0.28046744574290483,0.4027777777777999,0.6720469552457793,0.009174311926605228,0.0,5,1,7,2,0,0.9829629131445342,0.6294095225512604,0.21455893254262415,0.195522609340252,0.19962075951997527,0.42683222552519456,0.23272120200333887,0.22003338898163605,0.28201418029228775,0.14693015217413644,0.7546296296296475,0.4444444444444571,0.6149532710280141,0.2875915571842176,0.5994130594277323,0.15994130594277323,0.4187604690117297,0.6663750526842013,0.3486238532110093,0.036697247706422687,0.18772563176895396,0.36385054536001815,0.0,1.0,0.11249999999999982,0.5517241379310341
2026-07-01 05:15:00,grid_connection_1,0.15232023721275012,0.4070116861435726,0.10185185185184764,0.4680851063829792,0.8256880733944953,1.0,5,1,7,2,0,0.9829629131445342,0.6294095225512604,0.4526315789473683,0.19973313565604156,0.1788534469323082,0.48046902391246404,0.28046744574290483,0.1375626043405676,0.3987845463753437,0.181897048413261,0.4027777777777999,0.6759259259259522,0.3831775700934372,0.5650527845112904,0.6720469552457793,0.007336757153336038,0.5940815187046411,0.16448184584228526,0.009174311926605228,0.385321100917432,0.3610108303249113,0.7871648108226225,0.0,0.5517241379310343,0.2749999999999999,0.9999999999999998
2026-07-01 05:30:00,grid_connection_1,0.4824017790956263,0.20701168614357263,0.9722222222222285,0.019075568598680093,0.22018348623853257,0.2413793103448274,5,1,7,2,0,0.9829629131445342,0.6294095225512604,0.15232023721275012,0.21455893254262415,0.2961712296742689,0.5583889404242794,0.4070116861435726,0.23272120200333887,0.38764288814932724,0.20431969952423173,0.10185185185184764,0.7546296296296475,0.4710280373831779,0.7902834548883186,0.4680851063829792,0.5994130594277323,0.3732551647124467,0.6076725285684469,0.8256880733944953,0.3486238532110093,0.31046931407942147,0.8156732047436552,1.0,0.0,0.3624999999999998,0.9038167187642175
2026-07-01 05:45:00,grid_connection_1,0.5238250555967383,0.4043405676126878,0.6527777777777715,0.7373440939104903,0.6055045871559628,0.0,5,1,7,2,0,0.9829629131445342,0.6294095225512604,0.4824017790956263,0.4526315789473683,0.3273546677749495,0.6263333669488628,0.20701168614357263,0.28046744574290483,0.4413254232383158,0.23166377085128087,0.9722222222222285,0.4027777777777999,0.5719626168224181,0.7868672739067466,0.019075568598680093,0.6720469552457793,0.3981016192071465,0.6630078635403405,0.22018348623853257,0.009174311926605228,0.5451263537906144,0.5706979475800662,0.2413793103448274,0.0,0.3624999999999998,0.9038167187642175
2026-07-01 06:00:00,grid_connection_1,0.46200148257968876,0.4911519198664441,0.5740740740741046,0.22964049889948512,0.5045871559633035,0.0,6,1,7,2,0,1.0,0.5,0.5238250555967383,0.15232023721275012,0.46299807782222446,0.06956955205550006,0.4043405676126878,0.4070116861435726,0.47778903197800615,0.2940729954502841,0.6527777777777715,0.10185185185184764,0.7626168224298908,0.3387495639611596,0.7373440939104903,0.4680851063829792,0.3073701842546015,0.6752502632925971,0.6055045871559628,0.8256880733944953,0.41877256317689415,0.34803023412017386,0.0,1.0,0.0,0.24137931034482718
2026-07-01 06:15:00,grid_connection_1,0.42292068198665667,0.11819699499165275,0.5,0.9170946441672783,0.5321100917431192,0.2413793103448274,6,1,7,2,0,1.0,0.5,0.46200148257968876,0.4824017790956263,0.436944776352018,0.13225762125219964,0.4911519198664441,0.20701168614357263,0.4392996671972219,0.39413580903119416,0.5740740740741046,0.9722222222222285,0.5719626168224181,0.07613440708256763,0.22964049889948512,0.019075568598680093,0.6490787269681775,0.6508328538240197,0.5045871559633035,0.22018348623853257,0.541516245487367,0.039845770115491244,0.0,0.2413793103448274,0.0,0.24137931034482754
2026-07-01 06:30:00,grid_connection_1,0.2359080800593032,0.3729549248747913,0.5462962962963047,0.7857666911225216,0.7798165137614674,0.0,6,1,7,2,0,1.0,0.5,0.42292068198665667,0.5238250555967383,0.3108343290560549,0.3586262895387646,0.11819699499165275,0.4043405676126878,0.4256981623498772,0.38493679379246154,0.5,0.6527777777777715,0.5289719626168221,0.0,0.9170946441672783,0.7373440939104903,0.6675041876046919,0.6670100907101009,0.5321100917431192,0.6055045871559628,0.6101083032490973,0.24736714459832224,0.2413793103448274,0.0,0.0,0.24137931034482754
2026-07-01 06:45:00,grid_connection_1,0.5913120830244627,0.0,0.38888888888891415,0.1342626559060882,0.4954128440366983,1.0,6,1,7,2,0,1.0,0.5,0.2359080800593032,0.46200148257968876,0.36747363499402574,0.5428486010947788,0.3729549248747913,0.4911519198664441,0.21284908117493856,0.3849367937924615,0.5462962962963047,0.5740740740741046,0.454205607476581,0.08491706724213594,0.7857666911225216,0.22964049889948512,0.6312116136236696,0.7713029611826301,0.7798165137614674,0.5045871559633035,0.6064981949458463,0.25386818060555516,0.0,0.0,0.36250000000000027,0.9038167187642177
2026-07-01 07:00:00,grid_connection_1,0.2593921423276502,0.132220367278798,0.6435185185185333,0.08070432868671773,0.10091743119266106,1.0,7,1,7,2,0,0.9829629131445342,0.37059047744873974,0.5913120830244627,0.42292068198665667,0.2958465374824666,0.6107182195879689,0.0,0.11819699499165275,0.2189263492982203,0.38189001095236896,0.38888888888891415,0.5,0.5121495327102821,0.17788379702692006,0.1342626559060882,0.9170946441672783,0.3129536571747522,0.7199872961447676,0.4954128440366983,0.5321100917431192,0.4368231046931417,0.6426114765948929,1.0,0.2413793103448274,0.6374999999999993,0.9999999999999999
2026-07-01 07:15:00,grid_connection_1,0.5975389177168273,0.071118530884808,0.22685185185184764,0.4380044020542897,0.06422018348623837,0.5517241379310343,7,1,7,2,0,0.9829629131445342,0.37059047744873974,0.2593921423276502,0.2359080800593032,0.45424437633123804,0.5935582365986486,0.132220367278798,0.3729549248747913,0.08812038778758502,0.1336449505070556,0.6435185185185333,0.5462962962963047,0.3831775700934372,0.33715816517599606,0.08070432868671773,0.7857666911225216,0.1806253489670553,0.3360796470036866,0.10091743119266106,0.7798165137614674,0.15523465703971162,0.4299634022765302,1.0,0.0,0.8374999999999999,0.4482758620689656
2026-07-01 07:30:00,grid_connection_1,0.6466419570051889,0.6023372287145241,0.14814814814818078,0.9449743213499637,0.16513761467889942,0.2413793103448274,7,1,7,2,0,0.9829629131445342,0.37059047744873974,0.5975389177168273,0.5913120830244627,0.4784794015273519,0.6497948859865617,0.071118530884808,0.0,0.349153523368543,0.5870436163119903,0.22685185185184764,0.38888888888891415,0.28598130841118063,0.44686053694739747,0.4380044020542897,0.1342626559060882,0.4891122278056912,0.8002326581092106,0.06422018348623837,0.4954128440366983,0.02527075812274404,0.03757691588143197,0.5517241379310343,1.0,0.5624999999999996,0.6605946227816558
2026-07-01 07:45:00,grid_connection_1,0.4641363973313566,0.06310517529215358,0.8564814814814952,0.7659574468085104,0.37614678899082676,0.0,7,1,7,2,0,0.9829629131445342,0.37059047744873974,0.6466419570051889,0.2593921423276502,0.5681593849031117,0.27320571386428866,0.6023372287145241,0.132220367278798,0.31920127333236875,0.624139604900656,0.14814814814818078,0.6435185185185333,0.37196261682237264,0.6852052625335393,0.9449743213499637,0.08070432868671773,0.7498604131769895,0.4598234392676856,0.16513761467889942,0.10091743119266106,0.13357400722021673,0.26319752477105574,0.2413793103448274,1.0,0.19999999999999973,0.47904979273964937
2026-07-01 08:00:00,grid_connection_1,0.6490437361008154,0.763939899833055,0.04629629629630472,0.47395451210564943,0.036697247706422687,1.0,8,1,7,2,0,0.9330127018922194,0.2500000000000001,0.4641363973313566,0.5975389177168273,0.5907189983895267,0.31082657094332494,0.06310517529215358,0.071118530884808,0.6194472579945016,0.7411639015101158,0.8564814814814952,0.22685185185184764,0.29906542056073704,0.7888616915591381,0.7659574468085104,0.4380044020542897,0.7635399218313808,0.42265261792130226,0.37614678899082676,0.06422018348623837,0.12274368231046928,0.2887093289558622,0.0,0.5517241379310343,0.36250000000000027,0.9038167187642179
2026-07-01 08:15:00,grid_connection_1,0.40008895478131956,0.0674457429048414,0.9537037037037237,0.2589875275128364,0.4311926605504599,0.2413793103448274,8,1,7,2,0,0.9330127018922194,0.2500000000000001,0.6490437361008154,0.6466419570051889,0.4827263753961242,0.3859030003234912,0.763939899833055,0.6023372287145241,0.38764288814932724,0.8146732725019447,0.04629629629630472,0.14814814814818078,0.62429906542053,0.8999912477347873,0.47395451210564943,0.9449743213499637,0.5025125628140685,0.4547385660358972,0.036697247706422687,0.16513761467889942,0.2274368231046946,0.3769252445140293,1.0,0.2413793103448274,0.36250000000000027,0.9038167187642179
2026-07-01 08:30:00,grid_connection_1,0.7364269829503336,0.78330550918197,0.3240740740740762,0.28686720469552185,0.5045871559633035,0.0,8,1,7,2,0,0.9330127018922194,0.2500000000000001,0.40008895478131956,0.4641363973313566,0.6019923112888981,0.5322816001630523,0.0674457429048414,0.06310517529215358,0.6997540153378674,0.8236534634642474,0.9537037037037237,0.8564814814814952,0.4093457943924932,0.8350100780323224,0.2589875275128364,0.7659574468085104,0.3202121719709581,0.1904534795150209,0.4311926605504599,0.37614678899082676,0.2779783393501791,0.45621970922761057,0.2413793103448274,0.0,0.36250000000000027,0.9038167187642178
2026-07-01 08:45:00,grid_connection_1,0.45865085248332105,0.08681135225375626,0.2916666666666856,0.2538517975055008,0.6972477064220186,1.0,8,1,7,2,0,0.9330127018922194,0.2500000000000001,0.7364269829503336,0.6490437361008154,0.5185983687464282,0.5489896250629922,0.78330550918197,0.763939899833055,0.4063087830994068,0.8236534634642476,0.3240740740740762,0.04629629629630472,0.5084112149532416,0.655883759360555,0.28686720469552185,0.47395451210564943,0.23646007816861925,0.0,0.5045871559633035,0.036697247706422687,0.5379061371841161,0.21778092397076212,0.0,1.0,0.3624999999999998,0.9038167187642178
2026-07-01 09:00:00,grid_connection_1,0.5536249073387693,0.4340567612687813,0.8842592592592666,0.9148936170212743,0.8899082568807337,0.0,9,1,7,2,0,0.8535533905932737,0.14644660940672627,0.45865085248332105,0.40008895478131956,0.585848615512494,0.42443276536202584,0.08681135225375626,0.0674457429048414,0.5651859354652006,0.7033269362094724,0.2916666666666856,0.9537037037037237,0.480373831775637,0.5776561513380539,0.2538517975055008,0.2589875275128364,0.486041317699609,0.6814983860815291,0.6972477064220186,0.4311926605504599,0.71841155234657,0.33310843798493617,1.0,0.2413793103448274,0.2749999999999999,1.0
2026-07-01 09:15:00,grid_connection_1,0.7395404002965158,0.0,0.7962962962963047,0.927366104181953,1.0,0.5517241379310343,9,1,7,2,0,0.8535533905932737,0.14644660940672627,0.5536249073387693,0.7364269829503336,0.5872123227180635,0.4299138002176973,0.4340567612687813,0.78330550918197,0.2257271017218927,0.46386831775228904,0.8842592592592666,0.3240740740740762,0.6710280373831665,0.55149761902242,0.9148936170212743,0.28686720469552185,0.729759910664427,0.7061201609254787,0.8899082568807337,0.5045871559633035,0.9133574007220222,0.2508253285608608,0.0,0.0,0.4750000000000001,0.867568663821319
2026-07-01 09:30:00,grid_connection_1,0.5699925871015568,0.39732888146911516,0.7129629629629903,0.9640498899486438,0.623853211009175,0.5517241379310343,9,1,7,2,0,0.8535533905932737,0.14644660940672627,0.7395404002965158,0.45865085248332105,0.6359810899267493,0.30069808716763674,0.0,0.08681135225375626,0.3602951815945594,0.4861258344243202,0.7962962962963047,0.2916666666666856,0.8411214953270587,0.09421693460590325,0.927366104181953,0.2538517975055008,1.0,0.014960715633900078,1.0,0.6972477064220186,0.8844765342960308,0.33462543970635517,0.5517241379310343,1.0,0.31249999999999956,0.5517241379310346
2026-07-01 09:45:00,grid_connection_1,0.48400296515937735,0.4590984974958264,0.9212962962963047,0.013939838591344511,0.8990825688073389,0.2413793103448274,9,1,7,2,0,0.8535533905932737,0.14644660940672627,0.5699925871015568,0.5536249073387693,0.6054859992726891,0.38833355318792784,0.39732888146911516,0.4340567612687813,0.37114744610041966,0.5031896574747732,0.7129629629629903,0.8842592592592666,0.8560747663550501,0.1317184444152658,0.9640498899486438,0.9148936170212743,0.6571747627024038,1.0,0.623853211009175,0.8899082568807337,0.8880866425992799,0.33734177283520217,0.5517241379310343,0.0,0.39999999999999947,0.31034482758620663
2026-07-01 10:00:00,grid_connection_1,0.6029651593773164,0.12621035058430716,0.407407407407419,0.883345561261919,0.29357798165137616,0.0,10,1,7,2,0,0.75,0.06698729810778065,0.48400296515937735,0.7395404002965158,0.5456647098550573,0.1663618707867904,0.4590984974958264,0.0,0.4258428592099553,0.35762563797291097,0.9212962962963047,0.7962962962963047,0.6990654205607143,0.43175391201527147,0.013939838591344511,0.927366104181953,0.6404243439419304,0.977958872059703,0.8990825688073389,1.0,0.6101083032490973,0.5637815796549661,0.2413793103448274,0.5517241379310343,0.19999999999999973,0.47904979273964826
2026-07-01 10:15:00,grid_connection_1,0.40340993328391406,0.5719532554257094,0.12037037037040932,0.33675715333822254,0.0,0.5517241379310343,10,1,7,2,0,0.75,0.06698729810778065,0.6029651593773164,0.5699925871015568,0.4726998805132734,0.292451901757697,0.12621035058430716,0.39732888146911516,0.5015193170308205,0.4680384712248429,0.407407407407419,0.7129629629629903,0.4598130841121133,0.7194755355872774,0.883345561261919,0.9640498899486438,0.4017308766052423,0.8101974241072415,0.29357798165137616,0.623853211009175,0.3646209386281587,0.887955538499037,0.0,0.5517241379310343,0.19999999999999973,0.47904979273964826
2026-07-01 10:30:00,grid_connection_1,1.0,0.0,0.6990740740741046,0.33895818048422655,0.11009174311926628,1.0,10,1,7,2,0,0.75,0.06698729810778065,0.40340993328391406,0.48400296515937735,0.698711621382929,0.950218875067274,0.5719532554257094,0.4590984974958264,0.30256113442338306,0.6068642135893545,0.12037037037040932,0.9212962962963047,0.37009345794393766,0.4920725018043228,0.33675715333822254,0.013939838591344511,0.5254048017867063,0.5709354732481049,0.0,0.8990825688073389,0.05415162454873723,0.24053233363885104,0.5517241379310343,0.2413793103448274,0.47499999999999964,0.8675686638213188
2026-07-01 10:45:00,grid_connection_1,0.8979095626389919,0.0,0.6018518518518761,0.5913426265590616,0.4587155963302756,0.5517241379310343,10,1,7,2,0,0.75,0.06698729810778065,1.0,0.6029651593773164,0.8279001506571766,0.9999999999999999,0.0,0.12621035058430716,0.24786572131384754,0.6669128398218988,0.6990740740741046,0.407407407407419,0.4485981308411624,0.5321725929317712,0.33895818048422655,0.883345561261919,0.4142936906755992,0.24704585119132505,0.11009174311926628,0.29357798165137616,0.11913357400722013,0.4308200736243306,1.0,0.0,0.6749999999999994,0.4482758620689657
2026-07-01 11:00:00,grid_connection_1,0.7747664936990364,0.0,0.5,0.23330887747615847,0.44954128440367036,0.0,11,1,7,2,0,0.6294095225512605,0.0170370868554659,0.8979095626389919,0.40340993328391406,0.9905579510623925,0.33253886697428536,0.0,0.5719532554257094,0.0,0.0,0.6018518518518761,0.12037037037040932,0.6018691588785146,0.12134158672031181,0.5913426265590616,0.33675715333822254,0.37493020658850185,0.319295716846748,0.4587155963302756,0.0,0.29602888086642665,0.3456788269424531,0.5517241379310343,0.5517241379310343,0.4749999999999992,0.8675686638213188
2026-07-01 11:15:00,grid_connection_1,0.8736545589325428,0.0,0.055555555555571345,0.20249449743213432,0.6972477064220186,0.0,11,1,7,2,0,0.6294095225512605,0.0170370868554659,0.7747664936990364,1.0,0.9352174138916307,0.17870036241967058,0.0,0.0,0.0,0.0,0.5,0.6990740740741046,0.34205607476633304,0.4943105858517104,0.23330887747615847,0.33895818048422655,0.32300390843104765,0.3811510869368018,0.44954128440367036,0.11009174311926628,0.5270758122743686,0.2241041278722223,0.0,1.0,0.11249999999999938,0.5517241379310343
2026-07-01 11:30:00,grid_connection_1,0.8626538176426983,0.0,0.8333333333333428,0.41232575201760824,0.045871559633027914,0.5517241379310343,11,1,7,2,0,0.6294095225512605,0.0170370868554659,0.8736545589325428,0.8979095626389919,0.9197750532495192,0.14299813611912385,0.0,0.0,0.0,0.0,0.055555555555571345,0.6018518518518761,0.43551401869154915,0.6890593682790644,0.20249449743213432,0.5913426265590616,0.25488553880513365,0.18354866248464308,0.6972477064220186,0.4587155963302756,0.3646209386281587,0.6172524611926601,0.0,0.5517241379310343,0.11249999999999938,0.5517241379310341
2026-07-01 11:45:00,grid_connection_1,0.9579243884358786,0.0,0.2916666666666856,0.49082905355832906,0.6697247706422012,1.0,11,1,7,2,0,0.6294095225512605,0.0170370868554659,0.8626538176426983,0.7747664936990364,0.9999999999999998,0.13627708576742248,0.0,0.0,0.0,0.0,0.8333333333333428,0.5,0.35140186915884897,0.7057734046533735,0.41232575201760824,0.23330887747615847,0.3528754885538774,0.25226172789334356,0.045871559633027914,0.44954128440367036,0.4512635379061365,0.6999102870125836,0.5517241379310343,0.0,0.4749999999999992,0.8675686638213187
2026-07-01 12:00:00,grid_connection_1,0.8671905114899925,0.0,0.9861111111111143,0.0814380044020524,0.2018348623853221,0.5517241379310343,12,1,7,2,0,0.5000000000000001,0.0,0.9579243884358786,0.8736545589325428,0.9971686840874849,0.14152766901851813,0.0,0.0,0.0,0.0,0.2916666666666856,0.055555555555571345,0.7271028037382621,0.6396634180098222,0.49082905355832906,0.20249449743213432,0.30681183696259495,0.3833008433632149,0.6697247706422012,0.6972477064220186,0.2563176895306878,0.6086487290009657,1.0,0.0,0.6749999999999994,0.4482758620689656
2026-07-01 12:15:00,grid_connection_1,0.47893254262416596,0.2093489148580968,0.5,0.5730007336757161,0.6513761467889907,0.5517241379310343,12,1,7,2,0,0.5000000000000001,0.0,0.8671905114899925,0.8626538176426983,0.829095017923009,0.7908339538847231,0.0,0.0,0.09072493126899148,0.2441064510031118,0.9861111111111143,0.8333333333333428,0.5925233644859986,0.6229477820513283,0.0814380044020524,0.41232575201760824,0.3679508654382957,0.47174052278419615,0.2018348623853221,0.045871559633027914,0.4945848375451263,0.4841050598643416,0.5517241379310343,0.5517241379310343,0.6749999999999994,0.4482758620689656
2026-07-01 12:30:00,grid_connection_1,0.9583098591549297,0.9429048414023371,0.5231481481481524,0.3440939104915621,0.30275229357798317,0.0,12,1,7,2,0,0.5000000000000001,0.0,0.47893254262416596,0.9579243884358786,0.829263857862746,0.7912995779974326,0.2093489148580968,0.0,0.49934886412964846,0.9999999999999999,0.5,0.2916666666666856,0.6859813084111579,0.4625082253633477,0.5730007336757161,0.49082905355832906,0.31211613623673884,0.438438585734224,0.6513761467889907,0.6697247706422012,0.3501805054151639,0.42330469583376806,0.5517241379310343,1.0,0.31249999999999956,0.5517241379310341
2026-07-01 12:45:00,grid_connection_1,0.7577464788732395,0.36460767946577627,0.0,0.3448275862068968,0.9449541284403669,0.2413793103448274,12,1,7,2,0,0.5000000000000001,0.0,0.9583098591549297,0.8671905114899925,0.7813263026650732,0.7465735682217062,0.9429048414023371,0.0,0.6573578353349734,0.7807318891470094,0.5231481481481524,0.9861111111111143,0.2878504672897293,0.504239206384631,0.3440939104915621,0.0814380044020524,0.4123394751535443,0.21936955518699097,0.30275229357798317,0.2018348623853221,0.6425992779783396,0.6020324810525849,0.0,0.5517241379310343,0.1999999999999993,0.47904979273964815
2026-07-01 13:00:00,grid_connection_1,0.7509266123054115,0.9999999999999999,0.7546296296296475,0.23330887747615847,0.5412844036697244,1.0,13,1,7,2,0,0.37059047744873963,0.01703708685546579,0.7577464788732395,0.47893254262416596,0.9004623616811263,0.3488219590043012,0.36460767946577627,0.2093489148580968,1.0,0.7099422423949097,0.0,0.5,0.39065420560746134,0.6819995364453896,0.3448275862068968,0.5730007336757161,0.28308207705192956,0.08916199589876787,0.9449541284403669,0.6513761467889907,0.5992779783393498,0.6085585318861032,0.2413793103448274,0.5517241379310343,0.3624999999999994,0.9038167187642177
2026-07-01 13:15:00,grid_connection_1,0.5050555967383246,0.8504173622704507,0.5555555555555429,0.6837857666911233,0.13761467889908374,0.2413793103448274,13,1,7,2,0,0.37059047744873963,0.01703708685546579,0.7509266123054115,0.9583098591549297,0.7019325679256063,0.4334257895707905,0.9999999999999999,0.9429048414023371,0.9599189697583564,0.670900980021807,0.7546296296296475,0.5231481481481524,0.40373831775701774,0.6907918317897739,0.23330887747615847,0.3440939104915621,0.4123394751535443,0.41661019816730205,0.5412844036697244,0.30275229357798317,0.5342960288808669,0.7735647119942332,1.0,0.0,0.44999999999999973,0.7586206896551723
2026-07-01 13:30:00,grid_connection_1,0.7743217197924388,0.42303839732888143,0.7592592592592666,0.18635363169478936,0.5963302752293576,0.5517241379310343,13,1,7,2,0,0.37059047744873963,0.01703708685546579,0.5050555967383246,0.7577464788732395,0.7091926853343029,0.450262284078478,0.8504173622704507,0.36460767946577627,0.9852409202720303,0.6047130447468797,0.5555555555555429,0.0,0.7102803738317789,0.15405531354890273,0.6837857666911233,0.3448275862068968,0.3520379676158498,0.49351735761353327,0.13761467889908374,0.9449541284403669,0.39711191335739926,0.45377035492619755,0.2413793103448274,0.2413793103448274,0.5624999999999996,0.6605946227816557
2026-07-01 13:45:00,grid_connection_1,0.42585618977020023,0.8794657762938229,0.7037037037037237,0.10491562729273696,0.25688073394495525,0.2413793103448274,13,1,7,2,0,0.37059047744873963,0.01703708685546579,0.7743217197924388,0.7509266123054115,0.5668086653852145,0.5586517639048751,0.42303839732888143,0.9999999999999999,0.9330053537838229,0.5161052225901395,0.7592592592592666,0.7546296296296475,0.6897196261681415,0.13258163679377033,0.18635363169478936,0.23330887747615847,0.303182579564492,0.5678981323111302,0.5963302752293576,0.5412844036697244,0.2851985559566792,0.4277537499771179,0.5517241379310343,1.0,0.2874999999999992,0.31034482758620796
2026-07-01 14:00:00,grid_connection_1,0.7970051890289105,0.0,0.6666666666666572,0.4130594277329429,0.3944954128440372,0.5517241379310343,14,1,7,2,0,0.2500000000000001,0.06698729810778059,0.42585618977020023,0.5050555967383246,0.694685438204582,0.6407548169776016,0.8794657762938229,0.8504173622704507,0.5644624511648099,0.8883056435528977,0.7037037037037237,0.5555555555555429,0.734579439252343,0.017936175502829735,0.10491562729273696,0.6837857666911233,0.2001675041876041,0.2726424963174321,0.25688073394495525,0.13761467889908374,0.3862815884476518,0.2873399206022884,0.2413793103448274,0.2413793103448274,0.39999999999999947,0.3103448275862075
2026-07-01 14:15:00,grid_connection_1,0.41621942179392146,0.38931552587646073,0.02314814814818078,0.6148202494497426,0.36697247706422154,0.2413793103448274,14,1,7,2,0,0.2500000000000001,0.06698729810778059,0.7970051890289105,0.7743217197924388,0.5378331341887892,0.6701132973071418,0.0,0.42303839732888143,0.5498480682969181,0.8900359605503314,0.6666666666666572,0.7592592592592666,0.43738317757004097,0.674344508183598,0.4130594277329429,0.18635363169478936,0.36320491345617256,0.4592277811024832,0.3944954128440372,0.5963302752293576,0.29602888086642665,0.08295328751039516,0.5517241379310343,0.5517241379310343,0.2874999999999992,0.31034482758620796
2026-07-01 14:30:00,grid_connection_1,0.37939214232765006,0.6928213689482471,0.3379629629629619,0.5744680851063819,0.8715596330275233,0.5517241379310343,14,1,7,2,0,0.2500000000000001,0.06698729810778059,0.41621942179392146,0.42585618977020023,0.5174814276066289,0.7157128384117932,0.38931552587646073,0.8794657762938229,0.46896252351323986,0.7014035789834997,0.02314814814818078,0.7037037037037237,0.2897196261682211,0.5554127467374438,0.6148202494497426,0.10491562729273696,0.541876046901173,0.17098116030324367,0.36697247706422154,0.25688073394495525,0.5379061371841161,0.523167993270888,0.2413793103448274,0.2413793103448274,0.39999999999999947,0.3103448275862075
2026-07-01 14:45:00,grid_connection_1,0.5841957005189029,0.0,0.7314814814814952,0.42846661775494965,0.5504587155963296,0.5517241379310343,14,1,7,2,0,0.2500000000000001,0.06698729810778059,0.37939214232765006,0.7970051890289105,0.42426879318406163,0.32087742856300816,0.6928213689482471,0.0,0.46896252351323986,0.7014035789834997,0.3379629629629619,0.6666666666666572,0.31588785046722023,0.6200833376303116,0.5744680851063819,0.4130594277329429,0.5477386934673376,0.15422692421395573,0.8715596330275233,0.3944954128440372,0.5992779783393498,0.46407374124032785,0.5517241379310343,0.5517241379310343,0.399999999999999,0.3103448275862075
2026-07-01 15:00:00,grid_connection_1,0.7089992587101557,0.856093489148581,1.0,0.37931034482758363,0.9816513761467895,0.2413793103448274,15,1,7,2,0,0.14644660940672644,0.14644660940672605,0.5841957005189029,0.41621942179392146,0.552509221258247,0.5060636813977557,0.0,0.38931552587646073,0.6712487339024744,0.9179657918808803,0.7314814814814952,0.02314814814818078,0.7102803738317789,0.5772790895251538,0.42846661775494965,0.6148202494497426,0.45812395309882703,0.1608812890608422,0.5504587155963296,0.36697247706422154,0.841155234657041,0.3986011684544527,0.5517241379310343,0.2413793103448274,0.39999999999999947,0.31034482758620663
2026-07-01 15:15:00,grid_connection_1,0.45103039288361746,0.28146911519198664,0.8425925925926094,0.23844460748349405,0.44954128440367036,0.5517241379310343,15,1,7,2,0,0.14644660940672644,0.14644660940672605,0.7089992587101557,0.37939214232765006,0.5838874746740088,0.38503778680225725,0.856093489148581,0.6928213689482471,0.49298220228621054,0.8812239921979744,1.0,0.3379629629629619,0.9140186915886943,0.19043880375450264,0.37931034482758363,0.5744680851063819,0.3302624232272464,0.15535920445788903,0.9816513761467895,0.8715596330275233,0.6750902527075819,0.5208930178211941,0.2413793103448274,0.5517241379310343,0.399999999999999,0.31034482758620663
2026-07-01 15:30:00,grid_connection_1,0.5232023721275019,0.0,0.11574074074073337,0.6294937637564182,0.40366972477064245,0.5517241379310343,15,1,7,2,0,0.14644660940672644,0.14644660940672605,0.45103039288361746,0.5841957005189029,0.5571718011325264,0.39824691242259036,0.28146911519198664,0.0,0.49298220228621054,0.881223992197974,0.8425925925926094,0.7314814814814952,0.6654205607476342,0.848225075631242,0.23844460748349405,0.42846661775494965,0.4067560022333936,0.3463748263887256,0.44954128440367036,0.5504587155963296,0.6173285198555973,0.6015769248453683,0.5517241379310343,0.5517241379310343,0.399999999999999,0.31034482758620663
2026-07-01 15:45:00,grid_connection_1,0.8590956263899183,0.7819699499165276,0.5092592592592666,0.15407190022009942,0.8532110091743128,0.5517241379310343,15,1,7,2,0,0.14644660940672644,0.14644660940672605,0.5232023721275019,0.7089992587101557,0.6229154761286295,0.6722311677799347,0.0,0.856093489148581,0.4608594993488643,0.799899057013113,0.11574074074073337,1.0,0.46728971962619426,0.6375571125598466,0.6294937637564182,0.37931034482758363,0.32104969290898566,0.4532066993015176,0.40366972477064245,0.9816513761467895,0.5667870036101075,0.4473003181848966,0.5517241379310343,0.2413793103448274,0.5124999999999997,0.0
2026-07-01 16:00:00,grid_connection_1,0.719466271312083,0.5265442404006677,0.2500000000000284,0.6265590608950831,0.9633027522935791,0.0,16,1,7,2,0,0.06698729810778076,0.24999999999999978,0.8590956263899183,0.45103039288361746,0.7404930126240321,0.51359157936062,0.7819699499165276,0.28146911519198664,0.5670669946462162,0.8053051536417539,0.5092592592592666,0.8425925925926094,0.2280373831775364,0.3176257981628583,0.15407190022009942,0.23844460748349405,0.4687325516471148,0.49159347568887896,0.8532110091743128,0.44954128440367036,0.7689530685920598,0.5498157328973098,0.5517241379310343,0.5517241379310343,0.31249999999999867,0.5517241379310341
2026-07-01 16:15:00,grid_connection_1,0.5306152705707932,0.48113522537562603,0.16666666666668561,0.9369038884812895,0.7064220183486238,0.2413793103448274,16,1,7,2,0,0.06698729810778076,0.24999999999999978,0.719466271312083,0.5232023721275019,0.7437399345420537,0.5010161100894234,0.5265442404006677,0.0,0.7755751700188108,0.32753297487743493,0.2500000000000284,0.11574074074073337,0.24859813084106008,0.2758773661544539,0.6265590608950831,0.6294937637564182,0.5857063093243937,0.7232209678460133,0.9633027522935791,0.40366972477064245,0.8880866425992799,0.1999669006276452,0.0,0.5517241379310343,0.19999999999999885,0.47904979273964815
2026-07-01 16:30:00,grid_connection_1,0.43184581171237957,0.4928213689482471,0.14814814814818078,0.5377842993396911,0.7339449541284413,0.2413793103448274,16,1,7,2,0,0.06698729810778076,0.24999999999999978,0.5306152705707932,0.8590956263899183,0.5566003428749544,0.440477682375254,0.48113522537562603,0.7819699499165276,0.6502676891911447,0.0476202890624397,0.16666666666668561,0.5092592592592666,0.10280373831778888,0.03287876424437411,0.9369038884812895,0.15407190022009942,0.7317141261864819,0.3684779040633613,0.7064220183486238,0.8532110091743128,0.841155234657041,0.22535247170959574,0.2413793103448274,0.5517241379310343,0.08749999999999902,0.24137931034482743
2026-07-01 16:45:00,grid_connection_1,0.45888806523350634,0.6490818030050084,0.7731481481481524,0.8048422597212017,0.14678899082568897,0.2413793103448274,16,1,7,2,0,0.06698729810778076,0.24999999999999978,0.43184581171237957,0.719466271312083,0.4424645436126553,0.1327884240369574,0.4928213689482471,0.5265442404006677,0.7033714368398207,0.18938505309404433,0.14814814814818078,0.2500000000000284,0.31401869158878526,0.6214974166872542,0.5377842993396911,0.6265590608950831,0.799553322166382,0.356508064141995,0.7339449541284413,0.9633027522935791,0.5198555956678685,0.6225754449035756,0.2413793103448274,0.0,0.17500000000000027,0.0
2026-07-01 17:00:00,grid_connection_1,0.563409933283914,0.22470784641068448,0.3750000000000284,0.593543653705062,0.7522935779816518,1.0,17,1,7,2,0,0.01703708685546579,0.37059047744873974,0.45888806523350634,0.5306152705707932,0.456828926177983,0.19244554014400075,0.6490818030050084,0.48113522537562603,0.5922442482998121,0.4334699353452231,0.7731481481481524,0.16666666666668561,0.3981308411215423,0.5448731875922262,0.8048422597212017,0.9369038884812895,0.6689000558347189,0.23652177587250894,0.14678899082568897,0.7064220183486238,0.5379061371841161,0.6498747968182971,0.2413793103448274,0.2413793103448274,0.4499999999999993,0.7586206896551723
2026-07-01 17:15:00,grid_connection_1,0.5881986656782803,0.5018363939899833,0.75,0.7234042553191458,0.4128440366972477,0.2413793103448274,17,1,7,2,0,0.01703708685546579,0.37059047744873974,0.563409933283914,0.43184581171237957,0.5253130032728972,0.18969417987911336,0.22470784641068448,0.4928213689482471,0.5961510635219218,0.4351754413541733,0.3750000000000284,0.14814814814818078,0.6411214953270701,0.3634236154677237,0.593543653705062,0.5377842993396911,0.7395309882747085,0.17061274098693457,0.7522935779816518,0.7339449541284413,0.41155234657039763,0.5644573180964068,1.0,0.2413793103448274,0.4499999999999993,0.7586206896551723
2026-07-01 17:30:00,grid_connection_1,0.5075166790214973,0.0,0.6018518518518761,0.20983125458547036,0.3486238532110093,0.5517241379310343,17,1,7,2,0,0.01703708685546579,0.37059047744873974,0.5881986656782803,0.45888806523350634,0.5466128110551196,0.1013616087753848,0.5018363939899833,0.6490818030050084,0.3148603675300247,0.5076795740115337,0.75,0.7731481481481524,0.5719626168224181,0.29581028621630945,0.7234042553191458,0.8048422597212017,0.5131211613623705,0.4789066124141195,0.4128440366972477,0.14678899082568897,0.4909747292418789,0.38372607199143316,0.2413793103448274,0.2413793103448274,0.5624999999999991,0.6605946227816556
2026-07-01 17:45:00,grid_connection_1,0.35478131949592284,0.059766277128547575,0.6990740740741046,0.21643433602347883,0.36697247706422154,0.2413793103448274,17,1,7,2,0,0.01703708685546579,0.37059047744873974,0.5075166790214973,0.563409933283914,0.4552314405943165,0.351197667842399,0.0,0.22470784641068448,0.2433801186514254,0.553609695685587,0.6018518518518761,0.3750000000000284,0.7028037383177548,0.07392628462350329,0.20983125458547036,0.593543653705062,0.36962590731435085,0.5319047415800058,0.3486238532110093,0.7522935779816518,0.33935018050541643,0.0,0.5517241379310343,1.0,0.2874999999999992,0.3103448275862077
2026-07-01 18:00:00,grid_connection_1,0.5883172720533727,0.25642737896494155,0.12500000000002842,0.9486426999266335,0.5963302752293576,0.0,18,1,7,2,0,0.0,0.4999999999999999,0.35478131949592284,0.5881986656782803,0.45528339134500473,0.3513671511355492,0.059766277128547575,0.5018363939899833,0.13702792649399517,0.2709634074676304,0.6990740740741046,0.75,0.45046728971954053,0.5270170974598145,0.21643433602347883,0.7234042553191458,0.4553322166387517,0.7817315978379811,0.36697247706422154,0.4128440366972477,0.41155234657039763,0.2190566673206473,0.2413793103448274,0.2413793103448274,0.1999999999999993,0.4790497927396491
2026-07-01 18:15:00,grid_connection_1,0.6524240177909562,0.0,0.5138888888888857,0.11592076302274279,0.8715596330275233,0.5517241379310343,18,1,7,2,0,0.0,0.4999999999999999,0.5883172720533727,0.5075166790214973,0.5187542209984932,0.4744817766108649,0.25642737896494155,0.0,0.13702792649399517,0.2709634074676304,0.12500000000002842,0.6018518518518761,0.41495327102796864,0.49918927489390397,0.9486426999266335,0.20983125458547036,0.41959798994975017,0.8391445671013695,0.5963302752293576,0.3486238532110093,0.6173285198555973,0.4583101013027495,0.0,0.5517241379310343,0.1999999999999993,0.4790497927396491
2026-07-01 18:30:00,grid_connection_1,0.32996293550778355,0.0,0.08796296296296191,0.06896551724138078,0.9724770642201843,0.0,18,1,7,2,0,0.0,0.4999999999999999,0.6524240177909562,0.35478131949592284,0.5078835264169563,0.5199421399464206,0.0,0.059766277128547575,0.11112718854000875,0.299001203142567,0.5138888888888857,0.6990740740741046,0.16822429906540037,0.38775257693693654,0.11592076302274279,0.21643433602347883,0.3634840871021794,0.9166481725404055,0.8715596330275233,0.36697247706422154,0.8555956678700358,0.3373417728352003,0.5517241379310343,0.2413793103448274,0.11249999999999938,0.5517241379310351
2026-07-01 18:45:00,grid_connection_1,0.31128243143068945,0.28146911519198664,0.6990740740741046,0.4365370506236239,0.9541284403669721,1.0,18,1,7,2,0,0.0,0.4999999999999999,0.32996293550778355,0.5883172720533727,0.3865395604966493,0.5881761587564377,0.0,0.25642737896494155,0.12197945304586898,0.32820053938695887,0.08796296296296191,0.12500000000002842,0.39999999999997726,0.538956774947353,0.06896551724138078,0.9486426999266335,0.16862088218871918,0.3501986693100361,0.9724770642201843,0.5963302752293576,0.9963898916967526,0.04316306796035266,0.0,0.0,0.4749999999999992,0.867568663821319
2026-07-01 19:00:00,grid_connection_1,0.3671460340993329,0.3879799666110183,0.8564814814814952,0.9545121056493038,0.8807339449541285,0.2413793103448274,19,1,7,2,0,0.01703708685546579,0.6294095225512601,0.31128243143068945,0.6524240177909562,0.2615850174035015,0.059656328656127126,0.28146911519198664,0.0,0.29011720445666345,0.404846360525673,0.6990740740741046,0.5138888888888857,0.538317757009338,0.7198365387333476,0.4365370506236239,0.11592076302274279,0.48771635957566417,0.8206117595180259,0.9541284403669721,0.8715596330275233,1.0,0.03228642818743081,1.0,0.5517241379310343,0.3624999999999994,0.9038167187642179
2026-07-01 19:15:00,grid_connection_1,0.3633506300963678,0.09582637729549248,0.9305555555555713,0.3198826118855429,0.4311926605504599,0.5517241379310343,19,1,7,2,0,0.01703708685546579,0.6294095225512601,0.3671460340993329,0.32996293550778355,0.27620915372227106,0.06864123959461665,0.3879799666110183,0.0,0.33164520329908853,0.2986047722608439,0.8564814814814952,0.08796296296296191,0.8785046728971793,0.1578041278355513,0.9545121056493038,0.06896551724138078,0.5831937465103252,0.6148591940152108,0.8807339449541285,0.9724770642201843,0.7870036101083038,0.5219281832221101,0.2413793103448274,0.0,0.5624999999999991,0.6605946227816561
2026-07-01 19:30:00,grid_connection_1,0.14475908080059297,0.1666110183639399,0.8333333333333428,0.5502567865003662,0.9266055045871564,0.0,19,1,7,2,0,0.01703708685546579,0.6294095225512601,0.3633506300963678,0.31128243143068945,0.20327029975583155,0.379559137237181,0.09582637729549248,0.28146911519198664,0.2818694834322097,0.30780501842158386,0.9305555555555713,0.6990740740741046,0.9327102803738399,0.02610344272532472,0.3198826118855429,0.4365370506236239,0.6264656616415394,0.5830791511962734,0.4311926605504599,0.9541284403669721,0.7761732851985546,0.5023672418530787,0.5517241379310343,1.0,0.19999999999999885,0.47904979273964976
2026-07-01 19:45:00,grid_connection_1,0.195522609340252,0.00333889816360601,0.9583333333333428,0.4629493763756436,0.8348623853211006,0.5517241379310343,19,1,7,2,0,0.01703708685546579,0.6294095225512601,0.14475908080059297,0.3671460340993329,0.12809756350979273,0.337781252033546,0.1666110183639399,0.3879799666110183,0.11517870062219658,0.16535844184154294,0.8333333333333428,0.8564814814814952,0.9738317757008872,0.055109892727671944,0.5502567865003662,0.9545121056493038,0.4394193188163058,0.18931823526080022,0.9266055045871564,0.8807339449541285,0.7581227436823124,0.4811135279743525,0.0,0.2413793103448274,0.3124999999999991,0.5517241379310354
2026-07-01 20:00:00,grid_connection_1,0.07089696071163809,0.21569282136894824,0.9953703703703809,0.17241379310344485,0.0733944954128436,0.5517241379310343,20,1,7,2,0,0.0669872981077807,0.75,0.195522609340252,0.3633506300963678,0.0,0.17040628963067547,0.00333889816360601,0.09582637729549248,0.16712487339024754,0.22453359274722762,0.9583333333333428,0.9305555555555713,1.0,0.0927442808536719,0.4629493763756436,0.3198826118855429,0.383305415968735,0.34592550830306135,0.8348623853211006,0.4311926605504599,0.6173285198555973,0.9086174301528585,0.5517241379310343,0.5517241379310343,0.31249999999999867,0.5517241379310354
2026-07-01 20:15:00,grid_connection_1,0.3850852483320979,0.04540901502504174,0.5231481481481524,0.4394717534849626,0.5504587155963296,1.0,20,1,7,2,0,0.0669872981077807,0.75,0.07089696071163809,0.14475908080059297,0.10526520858226407,0.47951673234058734,0.21569282136894824,0.1666110183639399,0.11459991318188402,0.2270920066151899,0.9953703703703809,0.8333333333333428,0.8747663551401388,0.4398147802102286,0.17241379310344485,0.5502567865003662,0.3411501954215552,0.27593540927903176,0.0733944954128436,0.9266055045871564,0.469314079422384,0.7341234603416646,0.5517241379310343,0.0,0.6749999999999985,0.4482758620689656
2026-07-01 20:30:00,grid_connection_1,0.32996293550778355,0.04006677796327212,0.11111111111111427,0.9156272927366089,0.6605504587155959,0.2413793103448274,20,1,7,2,0,0.0669872981077807,0.75,0.3850852483320979,0.195522609340252,0.16415138448750577,0.5104311740655451,0.04540901502504174,0.00333889816360601,0.13051656779047904,0.2017422222252466,0.5231481481481524,0.9583333333333428,0.5327102803737489,0.7911353901728952,0.4394717534849626,0.4629493763756436,0.5134003350083773,0.689162606977624,0.5504587155963296,0.8348623853211006,0.4007220216606502,0.5824373714968908,1.0,0.5517241379310343,0.5624999999999991,0.6605946227816558
2026-07-01 20:45:00,grid_connection_1,0.10879169755374352,0.05542570951585976,0.6064814814814952,0.43873807776962437,0.19266055045871688,0.2413793103448274,20,1,7,2,0,0.0669872981077807,0.75,0.32996293550778355,0.07089696071163809,0.18074964933243276,0.44075005149827734,0.04006677796327212,0.21569282136894824,0.06106207495297359,0.015747200803344217,0.11111111111111427,0.9953703703703809,0.3757009345794131,0.44496999373600754,0.9156272927366089,0.17241379310344485,0.6147403685092172,0.49443470005060813,0.6605504587155959,0.0733944954128436,0.4476534296028891,0.44158675246180557,0.2413793103448274,0.5517241379310343,0.44999999999999885,0.7586206896551724
2026-07-01 21:00:00,grid_connection_1,0.3735804299481098,0.045075125208681135,0.7777777777777715,0.0,0.02752293577981746,0.0,21,1,7,2,0,0.14644660940672616,0.8535533905932737,0.10879169755374352,0.3850852483320979,0.17571042651566326,0.4269770811729799,0.05542570951585976,0.04540901502504174,0.06091737809289545,0.015819226796522416,0.6064814814814952,0.5231481481481524,0.47850467289714516,0.6031255736538056,0.43873807776962437,0.4394717534849626,0.44751535455053215,0.8456819954388126,0.19266055045871688,0.5504587155963296,0.24187725631768942,0.6163612781759821,0.2413793103448274,1.0,0.08749999999999902,0.24137931034482754
2026-07-01 21:15:00,grid_connection_1,0.03700518902891026,0.002337228714524207,0.45833333333337123,0.707997065297139,0.3211009174311936,0.2413793103448274,21,1,7,2,0,0.14644660940672616,0.8535533905932737,0.3735804299481098,0.32996293550778355,0.047392072315445066,0.5411899667924405,0.045075125208681135,0.04006677796327212,0.044566632904066046,0.05683737450592845,0.7777777777777715,0.11111111111111427,0.6186915887850546,0.2391494377326022,0.0,0.9156272927366089,0.36850921273031645,0.652440817676033,0.02752293577981746,0.6605504587155959,0.10830324909747446,0.23815396583059842,0.0,0.2413793103448274,0.08749999999999902,0.24137931034482754
2026-07-01 21:30:00,grid_connection_1,0.4368865826538175,0.06243739565943239,0.3240740740740762,0.8246515040352165,0.1559633027522942,0.5517241379310343,21,1,7,2,0,0.14644660940672616,0.8535533905932737,0.03700518902891026,0.10879169755374352,0.19110083640708608,0.6630660737867912,0.002337228714524207,0.05542570951585976,0.047605266965706904,0.062466867659923,0.45833333333337123,0.6064814814814952,0.504672897196258,0.3821292552676182,0.707997065297139,0.43873807776962437,0.5153545505304322,0.8232413455974344,0.3211009174311936,0.19266055045871688,0.09386281588447609,0.23815396583059842,0.2413793103448274,0.2413793103448274,0.19999999999999885,0.47904979273964815
2026-07-01 21:45:00,grid_connection_1,0.3058858413639731,0.014357262103505842,0.2453703703703809,0.9735876742479803,0.4587155963302756,0.0,21,1,7,2,0,0.14644660940672616,0.8535533905932737,0.4368865826538175,0.3735804299481098,0.16144994545171176,0.627230106448256,0.06243739565943239,0.045075125208681135,0.034293155838518365,0.06422792091954821,0.3240740740740762,0.7777777777777715,0.2897196261682211,0.1372334945142755,0.8246515040352165,0.0,0.8858179787827964,0.2216245818219224,0.1559633027522942,0.02752293577981746,0.2635379061371843,0.24736714459832795,0.5517241379310343,0.0,0.19999999999999885,0.47904979273964815
2026-07-01 22:00:00,grid_connection_1,0.12056338028169,0.0036727879799666107,0.46296296296299033,0.11665443873807746,0.4587155963302756,1.0,22,1,7,2,0,0.24999999999999978,0.9330127018922192,0.3058858413639731,0.03700518902891026,0.19804924931165235,0.4818735637900825,0.014357262103505842,0.002337228714524207,0.03487194327883091,0.06321939142762611,0.2453703703703809,0.45833333333337123,0.29158878504671293,0.14210154399824168,0.9735876742479803,0.707997065297139,0.6608040201004997,0.8455031999459474,0.4587155963302756,0.3211009174311936,0.31768953068592154,0.29581440937047343,0.0,0.2413793103448274,0.4749999999999992,0.8675686638213187
2026-07-01 22:15:00,grid_connection_1,0.4121571534469979,0.0,0.5416666666666572,0.8760088041085865,0.30275229357798317,1.0,22,1,7,2,0,0.24999999999999978,0.9330127018922192,0.12056338028169,0.4368865826538175,0.18721751779313212,0.44510289304408895,0.0036727879799666107,0.06243739565943239,0.007813630444219413,0.015063386380129927,0.46296296296299033,0.3240740740740762,0.3794392523364536,0.22667973263001626,0.11665443873807746,0.8246515040352165,0.6803461753210485,0.8671610147509399,0.4587155963302756,0.1559633027522942,0.37545126353790614,0.11891176702922779,1.0,0.5517241379310343,0.6374999999999988,0.9999999999999998
2026-07-01 22:30:00,grid_connection_1,0.143335804299481,0.03873121869782971,0.10648148148149517,0.11518708730741167,0.18348623853210988,1.0,22,1,7,2,0,0.24999999999999978,0.9330127018922192,0.4121571534469979,0.3058858413639731,0.11601901397475212,0.49235957799293106,0.0,0.014357262103505842,0.018376501229923365,0.043179929118829646,0.5416666666666572,0.2453703703703809,0.3233644859813012,0.37984834455403615,0.8760088041085865,0.9735876742479803,0.353713009491905,0.808970543209513,0.30275229357798317,0.4587155963302756,0.26714801444043523,0.2190566673206358,1.0,0.0,1.0,0.0
2026-07-01 22:45:00,grid_connection_1,0.10200148257968855,0.023706176961602668,0.018518518518533256,0.7468818782098339,0.3119266055045884,0.2413793103448274,22,1,7,2,0,0.24999999999999978,0.9330127018922192,0.143335804299481,0.12056338028169,0.10788872149202544,0.5125197182345568,0.03873121869782971,0.0036727879799666107,0.027058312834611548,0.03943724419945559,0.10648148148149517,0.46296296296299033,0.14392523364483623,0.47403752355356643,0.11518708730741167,0.11665443873807746,0.5935231714126203,0.7480661808514772,0.18348623853210988,0.4587155963302756,0.20938628158844885,0.08052112133871259,1.0,1.0,0.7249999999999983,0.7586206896551724
2026-07-01 23:00:00,grid_connection_1,0.2408005930318754,0.017696160267111852,0.8935185185185048,0.7226705796038146,0.4220183486238547,0.5517241379310343,23,1,7,2,0,0.37059047744873924,0.982962913144534,0.10200148257968855,0.4121571534469979,0.032832874435035686,0.19822259527693703,0.023706176961602668,0.0,0.03472724641875277,0.021881975568095804,0.018518518518533256,0.5416666666666572,0.28598130841118063,0.8679530471646897,0.7468818782098339,0.8760088041085865,0.5351758793969879,0.6535193726368401,0.3119266055045884,0.30275229357798317,0.2563176895306878,0.18015165109453313,0.2413793103448274,1.0,0.5624999999999991,0.6605946227816561
2026-07-01 23:15:00,grid_connection_1,0.30638991845811714,0.0036727879799666107,0.013888888888914153,0.8782098312545834,0.05504587155963314,1.0,23,1,7,2,0,0.37059047744873924,0.982962913144534,0.2408005930318754,0.143335804299481,0.10425216894384137,0.30528375339350683,0.017696160267111852,0.03873121869782971,0.019534076110548457,0.02076235019173925,0.8935185185185048,0.10648148148149517,0.24859813084106008,0.9162411707395695,0.7226705796038146,0.11518708730741167,0.8255164712451162,0.12665829290008895,0.4220183486238547,0.18348623853210988,0.20577617328519793,0.32403897905810053,0.5517241379310343,1.0,0.5624999999999991,0.6605946227816561
2026-07-01 23:30:00,grid_connection_1,0.20515937731653078,0.000333889816360601,0.9212962962963047,0.08363903154805641,0.19266055045871688,1.0,23,1,7,2,0,0.37059047744873924,0.982962913144534,0.30638991845811714,0.10200148257968855,0.14943633435503156,0.1337806108650934,0.0036727879799666107,0.023706176961602668,0.009405295905078912,0.018606289142552718,0.013888888888914153,0.018518518518533256,0.6130841121495223,0.9348683610678687,0.8782098312545834,0.7468818782098339,0.573143495254044,0.7748718857884557,0.05504587155963314,0.3119266055045884,0.158844765342959,0.3179272396631174,1.0,0.2413793103448274,0.8374999999999986,0.4482758620689653
2026-07-01 23:45:00,grid_connection_1,0.016723498888065125,0.0,0.9212962962963047,0.24431401320616075,0.01834862385321223,1.0,23,1,7,2,0,0.37059047744873924,0.982962913144534,0.20515937731653078,0.2408005930318754,0.05128837861707103,0.4432676010935609,0.000333889816360601,0.017696160267111852,0.0017363623209376837,0.00410178795312907,0.9212962962963047,0.8935185185185048,0.62429906542053,0.9501653151571376,0.08363903154805641,0.7226705796038146,0.39112227805694744,0.7730016039761506,0.19266055045871688,0.4220183486238547,0.0,0.12277434305119939,1.0,0.5517241379310343,1.0,0.0
