timestamp,system_id,power_kw,temperature_c,airflow_m3_min,humidity_percent,setpoint_temperature_c,efficiency_percent,status,hour,day,month,day_of_week,is_weekend,hour_sin,hour_cos,power_kw_lag1,power_kw_lag3,power_kw_rolling_mean3,power_kw_rolling_std3,temperature_c_lag1,temperature_c_lag3,temperature_c_rolling_mean3,temperature_c_rolling_std3,airflow_m3_min_lag1,airflow_m3_min_lag3,airflow_m3_min_rolling_mean3,airflow_m3_min_rolling_std3,humidity_percent_lag1,humidity_percent_lag3,humidity_percent_rolling_mean3,humidity_percent_rolling_std3,setpoint_temperature_c_lag1,setpoint_temperature_c_lag3,setpoint_temperature_c_rolling_mean3,setpoint_temperature_c_rolling_std3,efficiency_percent_lag1,efficiency_percent_lag3,efficiency_percent_rolling_mean3,efficiency_percent_rolling_std3
2026-07-01 00:00:00,hvac,0.031858407079646045,0.5061043285238624,0.14316932519475262,0.7404117884537746,0.0,0.7594339622641506,running,0,1,7,2,0,0.5,1.0,0.031858407079646045,0.031858407079646045,0.012526096033402878,0.08814371318738982,0.5061043285238624,0.5061043285238624,0.2895140664961633,0.16897983449617074,0.14316932519475262,0.14316932519475262,0.11203001498461501,0.07146236156343963,0.7404117884537746,0.7404117884537746,0.5120057772161042,0.7309516160618467,0.0,0.0,0.1666666666666643,0.5000000000000003,0.7594339622641506,0.7594339622641506,0.6019206939281307,0.3977185068281493
2026-07-01 00:15:00,hvac,0.07374631268436577,0.3951165371809102,0.1165278386672512,0.7702866370609609,0.0,0.32861635220125684,running,0,1,7,2,0,0.5,1.0,0.031858407079646045,0.031858407079646045,0.012526096033402878,0.08814371318738982,0.5061043285238624,0.5061043285238624,0.2895140664961633,0.16897983449617074,0.14316932519475262,0.14316932519475262,0.11203001498461501,0.07146236156343963,0.7404117884537746,0.7404117884537746,0.5120057772161042,0.7309516160618467,0.0,0.0,0.1666666666666643,0.5000000000000003,0.7594339622641506,0.7594339622641506,0.6019206939281307,0.3977185068281493
2026-07-01 00:30:00,hvac,0.03421828908554575,0.29522752497225335,0.18435234209017637,0.07710940654016962,0.5,0.6454402515723263,running,0,1,7,2,0,0.5,1.0,0.07374631268436577,0.031858407079646045,0.012526096033402878,0.08814371318738982,0.3951165371809102,0.5061043285238624,0.2895140664961633,0.16897983449617074,0.1165278386672512,0.14316932519475262,0.11203001498461501,0.07146236156343963,0.7702866370609609,0.7404117884537746,0.5120057772161042,0.7309516160618467,0.0,0.0,0.1666666666666643,0.5000000000000003,0.32861635220125684,0.7594339622641506,0.6019206939281307,0.3977185068281493
2026-07-01 00:45:00,hvac,0.0,0.49278579356270846,0.16401038680740565,0.49697214372224474,0.5,0.16509433962264097,idle,0,1,7,2,0,0.5,1.0,0.03421828908554575,0.031858407079646045,0.0,0.14087693049110322,0.29522752497225335,0.5061043285238624,0.28337595907928304,0.1552295928343653,0.18435234209017637,0.14316932519475262,0.12086636239891096,0.07335318033605995,0.07710940654016962,0.7404117884537746,0.40314136125654443,0.650487084846456,0.5,0.0,0.3333333333333339,0.5000000000000003,0.6454402515723263,0.7594339622641506,0.3677199504337061,0.4391491387514617
2026-07-01 01:00:00,hvac,0.14513274336283188,0.08768035516093242,0.1730482581863555,0.9309648768671779,1.0,0.8977987421383649,running,1,1,7,2,0,0.6294095225512604,0.9829629131445342,0.0,0.07374631268436577,0.028067733704476905,0.2945252669626546,0.49278579356270846,0.3951165371809102,0.14168797953964107,0.3680533328132979,0.16401038680740565,0.1165278386672512,0.14483030781373318,0.0,0.49697214372224474,0.7702866370609609,0.47499548654991885,0.7970488581791716,0.5,0.0,0.6666666666666643,0.5000000000000003,0.16509433962264097,0.32861635220125684,0.5920074349442377,0.6917845411326904
2026-07-01 01:15:00,hvac,0.15516224188790562,0.5005549389567148,0.05113816477253566,0.02866370609608393,0.0,0.13600628930817482,running,1,1,7,2,0,0.6294095225512604,0.9829629131445342,0.14513274336283188,0.03421828908554575,0.07562050568313616,0.3377597342896462,0.08768035516093242,0.29522752497225335,0.23631713554987144,0.4369273988450367,0.1730482581863555,0.18435234209017637,0.08834917584617319,0.1720595714601814,0.9309648768671779,0.07710940654016962,0.4533309261599565,0.8428567556113201,1.0,0.5,0.5,0.8660254037844387,0.8977987421383649,0.6454402515723263,0.39126394052044944,0.8091254354233477
2026-07-01 01:30:00,hvac,0.11622418879056046,0.9544950055493895,0.18170168279769333,0.16996366572466703,0.5,0.19182389937106858,running,1,1,7,2,0,0.6294095225512604,0.9829629131445342,0.15516224188790562,0.0,0.12131755973092095,0.07507176476064238,0.5005549389567148,0.49278579356270846,0.4491048593350384,0.841706942324483,0.05113816477253566,0.16401038680740565,0.09585006234057392,0.18721348387455636,0.02866370609608393,0.49697214372224474,0.30709514352771183,0.9070399181401455,0.0,0.5,0.5,0.8660254037844387,0.13600628930817482,0.16509433962264097,0.4017967781908318,0.7952244871741564
2026-07-01 01:45:00,hvac,0.11386430678466075,0.10321864594894548,0.20936836070549353,0.3597093257973356,0.5,0.5110062893081757,running,1,1,7,2,0,0.6294095225512604,0.9829629131445342,0.11622418879056046,0.14513274336283188,0.1090234284388773,0.08680224020911148,0.9544950055493895,0.08768035516093242,0.4562659846547308,0.8260869639407521,0.18170168279769333,0.1730482581863555,0.111249327980051,0.22147471187991652,0.16996366572466703,0.9309648768671779,0.05163386892941002,0.3055946618986931,0.5,1.0,0.3333333333333339,0.5000000000000003,0.19182389937106858,0.8977987421383649,0.24938042131350713,0.3564731560124557
2026-07-01 02:00:00,hvac,0.11504424778761063,0.29966703662597105,0.19324857518632177,0.9963665724666937,0.0,0.2720125786163514,running,2,1,7,2,0,0.75,0.9330127018922194,0.11386430678466075,0.15516224188790562,0.093249826026444,0.0,0.10321864594894548,0.5005549389567148,0.3636828644501269,0.8666464799248419,0.20936836070549353,0.05113816477253566,0.17150235063999175,0.011039205645288652,0.3597093257973356,0.02866370609608393,0.4843834627189021,0.8082152162276208,0.5,0.0,0.3333333333333339,0.5000000000000003,0.5110062893081757,0.13600628930817482,0.302973977695169,0.2848627195555498
2026-07-01 02:15:00,hvac,0.10678466076696164,0.20532741398446186,0.04007688935352238,0.2660476382721033,0.5,0.26336477987421336,running,2,1,7,2,0,0.75,0.9330127018922194,0.11504424778761063,0.11622418879056046,0.08953839016469495,0.012962799202070805,0.29966703662597105,0.9544950055493895,0.018414322250638993,0.1541399332978663,0.19324857518632177,0.18170168279769333,0.11145522345378217,0.24808162934679634,0.9963665724666937,0.16996366572466703,0.5273515074923276,0.7413416694648123,0.0,0.5,0.3333333333333339,0.5000000000000003,0.2720125786163514,0.19182389937106858,0.3311648079306089,0.23453538430559412
2026-07-01 02:30:00,hvac,0.21120943952802362,0.7813540510543837,0.12068930630964825,0.3867581752119502,1.0,0.5479559748427674,running,2,1,7,2,0,0.75,0.9330127018922194,0.10678466076696164,0.11386430678466075,0.1278125724889817,0.22426890162490912,0.20532741398446186,0.10321864594894548,0.33094629156010225,0.5861927243711451,0.04007688935352238,0.20936836070549353,0.07385642222298477,0.19797184191129516,0.2660476382721033,0.3597093257973356,0.539447553710056,0.7302308200389409,0.5,0.5,0.5,0.8660254037844387,0.26336477987421336,0.5110062893081757,0.34572490706319847,0.2766228677226918
2026-07-01 02:45:00,hvac,0.22890855457227133,0.38401775804661487,0.019053721377263688,0.6382721033508276,0.5,0.8152515723270435,running,2,1,7,2,0,0.75,0.9330127018922194,0.21120943952802362,0.11504424778761063,0.17258176757132915,0.2555893894721578,0.7813540510543837,0.29966703662597105,0.36982097186700713,0.5572616821425507,0.12068930630964825,0.19324857518632177,0.0,0.12951428615575852,0.3867581752119502,0.9963665724666937,0.3793103448275863,0.3504216752634163,1.0,0.0,0.6666666666666643,0.5000000000000003,0.5479559748427674,0.2720125786163514,0.5597893432465906,0.5018584742200626
2026-07-01 03:00:00,hvac,0.15103244837758112,0.12208657047724758,0.29174113917647454,0.15664109810254345,1.0,0.03380503144653968,running,3,1,7,2,0,0.8535533905932737,0.8535533905932737,0.22890855457227133,0.10678466076696164,0.1899791231732777,0.15632793699657804,0.38401775804661487,0.20532741398446186,0.3314578005115085,0.6333241412205289,0.019053721377263688,0.04007688935352238,0.10670246960182106,0.38032199979795406,0.6382721033508276,0.2660476382721033,0.33038454594692146,0.44649617489448856,0.5,0.5,0.8333333333333339,0.5000000000000003,0.8152515723270435,0.26336477987421336,0.4693308550185886,0.7410314092236983
2026-07-01 03:15:00,hvac,0.21179941002949854,0.8557158712541622,0.3259569014939467,0.8833266047638269,0.0,0.28852201257861676,running,3,1,7,2,0,0.8535533905932737,0.8535533905932737,0.15103244837758112,0.21120943952802362,0.19021108791463703,0.15673648304211504,0.12208657047724758,0.7813540510543837,0.3657289002557538,0.7150073505095439,0.29174113917647454,0.12068930630964825,0.19373334248424323,0.4708524816946909,0.15664109810254345,0.3867581752119502,0.5524462899440334,0.6891958895249419,1.0,1.0,0.5,0.8660254037844387,0.03380503144653968,0.5479559748427674,0.3671003717472132,0.7437295726744897
2026-07-01 03:30:00,hvac,0.2106194690265487,0.5382907880133185,0.0972110747647793,0.972547436415018,0.0,0.2704402515723263,running,3,1,7,2,0,0.8535533905932737,0.8535533905932737,0.21179941002949854,0.22890855457227133,0.18302018093249817,0.13237192072546428,0.8557158712541622,0.38401775804661487,0.4368286445012779,0.7070966661187396,0.3259569014939467,0.019053721377263688,0.2268710751175319,0.33732566105676515,0.8833266047638269,0.6382721033508276,0.7019317566347718,0.8358429914109423,0.0,0.5,0.3333333333333339,1.0,0.28852201257861676,0.8152515723270435,0.1524163568773247,0.23765972424891074
2026-07-01 03:45:00,hvac,0.15752212389380532,0.03440621531631516,0.07033352443260377,0.00928542591844983,1.0,0.6171383647798736,running,3,1,7,2,0,0.8535533905932737,0.8535533905932737,0.2106194690265487,0.15103244837758112,0.18557179308745064,0.11759924730664871,0.5382907880133185,0.12208657047724758,0.39641943734015284,0.8019234786519316,0.0972110747647793,0.29174113917647454,0.13299703739290575,0.38825306944970445,0.972547436415018,0.15664109810254345,0.6360353854486371,0.9954684193286759,0.0,1.0,0.3333333333333339,0.9999999999999992,0.2704402515723263,0.03380503144653968,0.3822800495662957,0.34231920996987203
2026-07-01 04:00:00,hvac,0.18584070796460178,0.35072142064372924,0.12476309311030925,0.08881711748082366,0.0,0.8349056603773573,running,4,1,7,2,0,0.9330127018922193,0.75,0.15752212389380532,0.21179941002949854,0.17536534446764085,0.1001156736854562,0.03440621531631516,0.8557158712541622,0.16368286445012714,0.474874394595237,0.07033352443260377,0.3259569014939467,0.047693398762339356,0.050733333045651356,0.00928542591844983,0.8833266047638269,0.2807365950532592,0.9999999999999999,1.0,0.0,0.3333333333333339,0.9999999999999992,0.6171383647798736,0.28852201257861676,0.5975836431226771,0.5190053569019887
2026-07-01 04:15:00,hvac,0.3722713864306785,0.9167591564927857,0.24508818669274612,0.7848203471941866,0.5,0.5062893081761004,running,4,1,7,2,0,0.9330127018922193,0.75,0.18584070796460178,0.2106194690265487,0.23892368360009264,0.45543136681696916,0.35072142064372924,0.5382907880133185,0.33810741687979506,0.8693022066032907,0.12476309311030925,0.0972110747647793,0.11039143017283776,0.23612691047682038,0.08881711748082366,0.972547436415018,0.19678642354215636,0.7964957896958526,0.0,0.0,0.5,0.8660254037844377,0.8349056603773573,0.2704402515723263,0.6905204460966541,0.28710674371990585
2026-07-01 04:30:00,hvac,0.27669616519174034,0.11875693673695897,0.19672883013523085,0.07872426322163917,0.0,0.8836477987421381,running,4,1,7,2,0,0.9330127018922193,0.75,0.3722713864306785,0.15752212389380532,0.2857805613546742,0.36296837796618325,0.9167591564927857,0.03440621531631516,0.3769820971867004,0.7943836410689684,0.24508818669274612,0.07033352443260377,0.16398144653008923,0.1500685798723834,0.7848203471941866,0.00928542591844983,0.2278389601011015,0.7552872946827827,0.5,1.0,0.1666666666666643,0.4999999999999983,0.5062893081761004,0.6171383647798736,0.7955390334572492,0.36224054838293185
2026-07-01 04:45:00,hvac,0.352212389380531,0.745837957824639,0.47154756685664184,0.4174404521598709,0.0,0.9716981132075473,running,4,1,7,2,0,0.9330127018922193,0.75,0.27669616519174034,0.18584070796460178,0.3511946184180006,0.19408432516994534,0.11875693673695897,0.35072142064372924,0.5590792838874679,0.8142297305842965,0.19672883013523085,0.12476309311030925,0.311013692049003,0.4068587299052485,0.07872426322163917,0.08881711748082366,0.3747968947463449,0.6579936668061777,0.0,0.0,0.1666666666666643,0.4999999999999983,0.8836477987421381,0.8349056603773573,0.8494423791821575,0.4451120463386446
2026-07-01 05:00:00,hvac,0.44778761061946903,0.2253052164261935,0.49811486190267434,0.5769075494549858,1.0,0.8883647798742134,running,5,1,7,2,0,0.9829629131445342,0.6294095225512604,0.352212389380531,0.3722713864306785,0.3808861053119925,0.33345695412266263,0.745837957824639,0.9167591564927857,0.2404092071611248,0.6407069395392934,0.47154756685664184,0.24508818669274612,0.4182938128410142,0.46691802590383896,0.4174404521598709,0.7848203471941866,0.28181982307275755,0.47196011002394,0.0,0.5,0.3333333333333339,0.9999999999999992,0.9716981132075473,0.5062893081761004,1.0,0.054897734701450714
2026-07-01 05:15:00,hvac,0.3433628318584071,0.08546059933407335,0.4732674602906957,0.7888574888978601,0.0,0.38050314465408697,running,5,1,7,2,0,0.9829629131445342,0.6294095225512604,0.44778761061946903,0.27669616519174034,0.40709812108559496,0.2236849566515366,0.2253052164261935,0.11875693673695897,0.22506393861892526,0.6662410365354965,0.49811486190267434,0.19672883013523085,0.5355427061528427,0.013932540977169082,0.5769075494549858,0.07872426322163917,0.5993861707889518,0.3436790673760556,1.0,0.0,0.3333333333333339,0.9999999999999992,0.8883647798742134,0.8836477987421381,0.8017348203221832,0.5887132945428878
2026-07-01 05:30:00,hvac,0.48318584070796455,0.7968923418423972,0.16772670556098873,0.024222850222042958,1.0,0.5628930817610058,running,5,1,7,2,0,0.9829629131445342,0.6294095225512604,0.3433628318584071,0.352212389380531,0.4585942936673626,0.2820129441731779,0.08546059933407335,0.745837957824639,0.2485933503836315,0.7255443875594861,0.4732674602906957,0.47154756685664184,0.4067264907404229,0.5179724013226422,0.7888574888978601,0.4174404521598709,0.4235421556237595,0.7364175221769568,0.0,0.0,0.6666666666666643,0.9999999999999992,0.38050314465408697,0.9716981132075473,0.640644361833953,0.4649099470814516
2026-07-01 05:45:00,hvac,0.4861356932153392,0.2463928967813538,0.2858260546993559,0.194590230117077,1.0,0.8702830188679238,running,5,1,7,2,0,0.9829629131445342,0.6294095225512604,0.48318584070796455,0.44778761061946903,0.473672001855718,0.31709299955648923,0.7968923418423972,0.2253052164261935,0.2583120204603575,0.7176523958429055,0.16772670556098873,0.49811486190267434,0.3167187124669708,0.42880326672512165,0.024222850222042958,0.5769075494549858,0.2525726665463086,0.7489580069770864,1.0,1.0,0.6666666666666643,0.9999999999999992,0.5628930817610058,0.8883647798742134,0.6335192069392832,0.44569801013551863
2026-07-01 06:00:00,hvac,0.3079646017699115,0.9378468368479465,0.5927697028968402,0.6972143722244648,0.0,0.24056603773584762,running,6,1,7,2,0,1.0,0.5,0.4861356932153392,0.3433628318584071,0.4597541173741594,0.3976737078145209,0.2463928967813538,0.08546059933407335,0.6511508951406646,0.7018909224902184,0.2858260546993559,0.4732674602906957,0.36738615696098265,0.6234869098195535,0.194590230117077,0.7888574888978601,0.21159053980862996,0.6518767065779367,1.0,0.0,0.6666666666666643,0.9999999999999992,0.8702830188679238,0.38050314465408697,0.578376703841391,0.5786343657480719
2026-07-01 06:15:00,hvac,0.38879056047197635,0.881243063263041,0.20995514787711195,0.5421881308033911,0.5,0.2374213836477983,running,6,1,7,2,0,1.0,0.5,0.3079646017699115,0.48318584070796455,0.42263975875666904,0.3471467718208367,0.9378468368479465,0.7968923418423972,0.6900255754475695,0.7398927219456676,0.5927697028968402,0.16772670556098873,0.3852904841975221,0.5737043855400318,0.6972143722244648,0.024222850222042958,0.44322079797797453,0.4775703322299998,0.0,1.0,0.5,0.8660254037844377,0.24056603773584762,0.5628930817610058,0.45012391573729715,0.6765110441870664
2026-07-01 06:30:00,hvac,0.3958702064896754,0.9189789123196448,0.3462853674164503,0.8401291885345175,1.0,0.5086477987421381,running,6,1,7,2,0,1.0,0.5,0.38879056047197635,0.4861356932153392,0.38714915332869415,0.1879293992077572,0.881243063263041,0.2463928967813538,1.0,0.01177787585386006,0.20995514787711195,0.2858260546993559,0.41092447067705273,0.5478754234507545,0.5421881308033911,0.194590230117077,0.7319010651742195,0.27337362650550856,0.5,1.0,0.5,0.8660254037844377,0.2374213836477983,0.8702830188679238,0.3076208178438673,0.2644306074743292
2026-07-01 06:45:00,hvac,0.41356932153392323,0.21531631520532768,0.28554277813374707,0.9091643116673391,0.5,0.6745283018867925,running,6,1,7,2,0,1.0,0.5,0.3958702064896754,0.3079646017699115,0.4286708420320112,0.04567627542570367,0.9189789123196448,0.9378468368479465,0.6670076726342704,0.7642949286904592,0.3462853674164503,0.5927697028968402,0.28066412728915713,0.1731723315060777,0.8401291885345175,0.6972143722244648,0.826683516880304,0.36006849692620213,1.0,0.0,0.6666666666666643,0.4999999999999983,0.5086477987421381,0.24056603773584762,0.4786245353159888,0.3926546130138799
2026-07-01 07:00:00,hvac,0.6123893805309734,0.16315205327413995,0.6670218864870334,0.48930157448526446,0.0,0.1202830188679247,running,7,1,7,2,0,0.9829629131445342,0.37059047744873974,0.41356932153392323,0.38879056047197635,0.5165854790071909,0.4694351076336413,0.21531631520532768,0.881243063263041,0.3360613810741686,0.8182400825070449,0.28554277813374707,0.20995514787711195,0.47445466296054795,0.5804908860818452,0.9091643116673391,0.5421881308033911,0.8030330384545956,0.4168135120991847,0.5,0.5,0.5,0.8660254037844377,0.6745283018867925,0.2374213836477983,0.43246592317224497,0.5185938413795218
2026-07-01 07:15:00,hvac,0.43598820058997045,0.18978912319644836,0.46235456783462053,0.6677432377876462,1.0,1.0,running,7,1,7,2,0,0.9829629131445342,0.37059047744873974,0.6123893805309734,0.3958702064896754,0.5323590814196243,0.424761759452937,0.16315205327413995,0.9189789123196448,0.0,0.006165434598275121,0.6670218864870334,0.3462853674164503,0.5236665408416548,0.5385721276898149,0.48930157448526446,0.8401291885345175,0.7259433110669797,0.38963682143503964,0.0,1.0,0.5,0.8660254037844377,0.1202830188679247,0.5086477987421381,0.6260842627013652,0.8350193685161387
2026-07-01 07:30:00,hvac,0.35044247787610616,0.5205327413984464,0.6625703975988939,0.016955995155430115,0.5,0.4764150943396217,running,7,1,7,2,0,0.9829629131445342,0.37059047744873974,0.43598820058997045,0.41356932153392323,0.5075388540941778,0.5220769045524494,0.18978912319644836,0.21531631520532768,0.14066496163682762,0.3609117433964535,0.46235456783462053,0.28554277813374707,0.6835214989190486,0.3180134711349884,0.6677432377876462,0.9091643116673391,0.32695432388517887,0.6262034898619289,1.0,0.5,0.5,0.8660254037844377,1.0,0.6745283018867925,0.5480173482032242,0.8305155298674217
2026-07-01 07:45:00,hvac,0.35929203539823007,0.3129855715871255,0.2877078204566148,0.22325393621316114,0.0,0.5825471698113205,running,7,1,7,2,0,0.9829629131445342,0.37059047744873974,0.35044247787610616,0.6123893805309734,0.4080259800510322,0.1808577168555349,0.5205327413984464,0.16315205327413995,0.20971867007672573,0.29542860986326114,0.6625703975988939,0.6670218864870334,0.5226971163195037,0.5286408914736754,0.016955995155430115,0.48930157448526446,0.20797977974363624,0.6192444546412915,0.5,0.0,0.5,0.8660254037844377,0.4764150943396217,0.1202830188679247,0.7301734820322192,0.5034377854773431
2026-07-01 08:00:00,hvac,0.6141592920353982,0.804661487236404,0.4880517991434257,0.6955995155429955,1.0,0.12578616352201166,running,8,1,7,2,0,0.9330127018922194,0.2500000000000001,0.35929203539823007,0.43598820058997045,0.47807933194154495,0.5859356984677861,0.3129855715871255,0.18978912319644836,0.4930946291560101,0.458800956971458,0.2877078204566148,0.46235456783462053,0.5335924184711115,0.5286496114030873,0.22325393621316114,0.6677432377876462,0.2204369019678647,0.6481201738339621,0.0,1.0,0.5,0.8660254037844377,0.5825471698113205,1.0,0.3856877323420065,0.4289293122167912
2026-07-01 08:15:00,hvac,0.591740412979351,0.8135405105438402,0.3806764914173945,0.2523213564796123,0.5,0.97562893081761,running,8,1,7,2,0,0.9330127018922194,0.2500000000000001,0.6141592920353982,0.35044247787610616,0.5729529111575042,0.5518417436269726,0.804661487236404,0.5205327413984464,0.628132992327366,0.5400755559913651,0.4880517991434257,0.6625703975988939,0.4140729556295253,0.268415238959409,0.6955995155429955,0.016955995155430115,0.3256905578624303,0.4913813352978953,1.0,0.5,0.5,0.8660254037844377,0.12578616352201166,0.4764150943396217,0.5824039653035964,0.796591766789717
2026-07-01 08:30:00,hvac,0.43244837758112087,0.6637069922308547,0.7809934913836714,0.7638272103350827,0.0,0.2814465408805029,running,8,1,7,2,0,0.9330127018922194,0.2500000000000001,0.591740412979351,0.35929203539823007,0.6017165390860592,0.3860368257739066,0.8135405105438402,0.3129855715871255,0.7897698209718662,0.12504520008603182,0.3806764914173945,0.2877078204566148,0.6232198620500324,0.5871309035572967,0.2523213564796123,0.22325393621316114,0.5674309442137573,0.5158913179685299,0.5,0.0,0.5,0.8660254037844377,0.97562893081761,0.5825471698113205,0.4637546468401492,0.8501718778976063
2026-07-01 08:45:00,hvac,0.5386430678466075,0.4594894561598224,0.8767544599197385,0.4218813080339121,0.5,0.6430817610062887,running,8,1,7,2,0,0.9330127018922194,0.2500000000000001,0.43244837758112087,0.6141592920353982,0.5720250521920669,0.31518362807957123,0.6637069922308547,0.804661487236404,0.6306905370843991,0.31709281208645806,0.7809934913836714,0.4880517991434257,0.7880248904750464,0.753892575581943,0.7638272103350827,0.6955995155429955,0.4450261780104716,0.48352868989627706,0.0,1.0,0.3333333333333339,0.4999999999999983,0.2814465408805029,0.12578616352201166,0.6675960346964072,0.6423942577809606
2026-07-01 09:00:00,hvac,0.8259587020648966,0.6526082130965594,0.8806326509965268,0.264432781590634,0.0,0.18081761006289288,running,9,1,7,2,0,0.8535533905932737,0.14644660940672627,0.5386430678466075,0.591740412979351,0.6641150545117143,0.7981518203759961,0.4594894561598224,0.8135405105438402,0.5565217391304342,0.18814816167347642,0.8767544599197385,0.3806764914173945,1.0,0.1378295690516469,0.4218813080339121,0.2523213564796123,0.4504423181079624,0.4736646811489178,0.5,0.5,0.1666666666666643,0.4999999999999983,0.6430817610062887,0.97562893081761,0.354399008674104,0.43695217279617254
2026-07-01 09:15:00,hvac,0.47905604719764006,0.4883462819089903,0.5692847266718377,0.7004440855874039,1.0,0.30660377358490454,running,9,1,7,2,0,0.8535533905932737,0.14644660940672627,0.8259587020648966,0.43244837758112087,0.6824402690791,0.7268072173911646,0.6526082130965594,0.6637069922308547,0.4757033248081832,0.16628120683784822,0.8806326509965268,0.7809934913836714,0.9102381524312821,0.5020313876961549,0.264432781590634,0.7638272103350827,0.4220978515977616,0.40861838119577576,0.0,0.0,0.5,0.8660254037844377,0.18081761006289288,0.2814465408805029,0.3643122676579935,0.42885531045208036
2026-07-01 09:30:00,hvac,0.4896755162241887,0.6970033296337403,0.9092031160422218,0.018570851836899438,0.0,0.5353773584905648,running,9,1,7,2,0,0.8535533905932737,0.14644660940672627,0.47905604719764006,0.5386430678466075,0.6631871955462771,0.7733343311046094,0.4883462819089903,0.4594894561598224,0.5851662404092073,0.17806362592945554,0.5692847266718377,0.8767544599197385,0.9239959735996244,0.5315309703161433,0.7004440855874039,0.4218813080339121,0.24174038635132744,0.643263601925387,1.0,0.5,0.3333333333333339,0.9999999999999992,0.30660377358490454,0.6430817610062887,0.3218711276332087,0.3119230811403672
2026-07-01 09:45:00,hvac,0.6348082595870206,0.7003329633740285,0.5387448150271474,0.28340734759790065,0.0,0.19654088050314478,running,9,1,7,2,0,0.8535533905932737,0.14644660940672627,0.4896755162241887,0.8259587020648966,0.5880306193458595,0.33849922199321464,0.6970033296337403,0.6526082130965594,0.6071611253196929,0.20169267350377326,0.9092031160422218,0.8806326509965268,0.7790398407741665,0.5824610161010022,0.018570851836899438,0.264432781590634,0.250225672504063,0.6403032962132852,0.0,0.0,0.3333333333333339,0.9999999999999992,0.5353773584905648,0.18081761006289288,0.32806691449814274,0.29829247508648976
2026-07-01 10:00:00,hvac,0.5374631268436577,0.9400665926748055,0.8370417832934274,0.2127573677836092,0.0,0.25707547169811296,running,10,1,7,2,0,0.75,0.06698729810778065,0.6348082595870206,0.47905604719764006,0.6109951287404316,0.28701053211678373,0.7003329633740285,0.4883462819089903,0.8153452685421998,0.23847956707457196,0.5387448150271474,0.5692847266718377,0.8925654576026902,0.5549237170686461,0.28340734759790065,0.7004440855874039,0.03213576457844347,0.2509987590515622,0.0,1.0,0.0,0.0,0.19654088050314478,0.30660377358490454,0.3085501858736066,0.31379789808238606
2026-07-01 10:15:00,hvac,0.6991150442477875,0.39622641509433976,0.5773648534718241,0.41582559547840114,0.0,0.6226415094339623,running,10,1,7,2,0,0.75,0.06698729810778065,0.5374631268436577,0.4896755162241887,0.6933426119229877,0.31628452086899184,0.9400665926748055,0.6970033296337403,0.6767263427109969,0.5115483045214757,0.8370417832934274,0.9092031160422218,0.7518702172197247,0.45309281383866834,0.2127573677836092,0.018570851836899438,0.20978515977613332,0.18684616672475143,0.0,0.0,0.0,0.0,0.25707547169811296,0.5353773584905648,0.34293680297397877,0.412137025989647
2026-07-01 10:30:00,hvac,0.55929203539823,0.8224195338512765,0.6324351667622163,0.26968106580541007,0.5,0.7877358490566033,running,10,1,7,2,0,0.75,0.06698729810778065,0.6991150442477875,0.6348082595870206,0.6636511250289954,0.34121975393492854,0.39622641509433976,0.7003329633740285,0.7329923273657282,0.5393977076312425,0.5773648534718241,0.5387448150271474,0.7915937453530533,0.37739529020037305,0.41582559547840114,0.28340734759790065,0.20364686766564466,0.1899775803981263,0.0,0.0,0.1666666666666643,0.5000000000000003,0.6226415094339623,0.19654088050314478,0.5758983890954159,0.49313362771156755
2026-07-01 10:45:00,hvac,0.543952802359882,0.10765815760266362,1.0,0.15865966895438044,0.0,0.7869496855345908,running,10,1,7,2,0,0.75,0.06698729810778065,0.55929203539823,0.5374631268436577,0.6662027371839481,0.3325031339040756,0.8224195338512765,0.9400665926748055,0.3493606138107408,0.6899973936820821,0.6324351667622163,0.8370417832934274,0.8606859750866473,0.6543765221981119,0.26968106580541007,0.2127573677836092,0.17945477523018694,0.235634932890066,0.5,0.0,0.1666666666666643,0.5000000000000003,0.7877358490566033,0.25707547169811296,0.7846964064436222,0.14482102609003195
2026-07-01 11:00:00,hvac,0.5970501474926253,0.12319644839067712,0.3453680909182882,0.4489301574485265,0.5,0.9661949685534585,running,11,1,7,2,0,0.6294095225512605,0.0170370868554659,0.543952802359882,0.6991150442477875,0.6260728369287869,0.10310384167338647,0.10765815760266362,0.39622641509433976,0.22352941176470553,0.7898023959280709,1.0,0.5773648534718241,0.7623222721709386,0.9475469257966815,0.15865966895438044,0.41582559547840114,0.19425889149666054,0.2685765533450063,0.0,0.0,0.3333333333333339,0.5000000000000003,0.7869496855345908,0.6226415094339623,0.9200743494423786,0.1609461371326725
2026-07-01 11:15:00,hvac,0.8035398230088495,1.0,0.5156914983306917,0.7444489301574486,0.5,0.5566037735849054,running,11,1,7,2,0,0.6294095225512605,0.0170370868554659,0.5970501474926253,0.55929203539823,0.7221062398515428,0.5361363638887273,0.12319644839067712,0.8224195338512765,0.30537084398976955,1.0000000000000002,0.3453680909182882,0.6324351667622163,0.7128244283540945,0.9818020631808263,0.4489301574485265,0.26968106580541007,0.40657158331828924,0.5444797321826755,0.5,0.5,0.3333333333333339,0.5000000000000003,0.9661949685534585,0.7877358490566033,0.8289962825278838,0.36239207334375895
2026-07-01 11:30:00,hvac,0.8395280235988198,0.45172031076581565,0.5519171753279601,0.19983851433185307,0.5,0.21147798742138324,running,11,1,7,2,0,0.6294095225512605,0.0170370868554659,0.8035398230088495,0.543952802359882,0.8383205752725587,0.5113320830857487,1.0,0.10765815760266362,0.46393861892583077,0.8609782293706055,0.5156914983306917,1.0,0.5228429589467299,0.2983152893319953,0.7444489301574486,0.15865966895438044,0.4249864596497557,0.5062996425283899,0.5,0.0,0.5,0.0,0.5566037735849054,0.7869496855345908,0.6022304832713772,0.7028375252011543
2026-07-01 11:45:00,hvac,0.5852507374631268,0.44395116537180934,0.6185815937679155,0.10456197012515145,0.5,0.20361635220125684,running,11,1,7,2,0,0.6294095225512605,0.0170370868554659,0.8395280235988198,0.5970501474926253,0.8336812804453724,0.5379531797943111,0.45172031076581565,0.12319644839067712,0.6117647058823521,0.6064067643691339,0.5519171753279601,0.3453680909182882,0.6386820401953717,0.12516249617680833,0.19983851433185307,0.4489301574485265,0.2709875428777764,0.643094618150461,0.5,0.5,0.5,0.0,0.21147798742138324,0.9661949685534585,0.30173482032218146,0.35497109424297446
2026-07-01 12:00:00,hvac,1.0,0.4084350721420642,0.5522948774154386,0.40411788453774733,1.0,0.6061320754716979,running,12,1,7,2,0,0.5000000000000001,0.0,0.5852507374631268,0.8035398230088495,0.910925539318024,0.8200432953772175,0.44395116537180934,1.0,0.3391304347826085,0.0,0.6185815937679155,0.5156914983306917,0.6542014115278583,0.08400624536285436,0.10456197012515145,0.7444489301574486,0.11879400613829283,0.28097820800925877,0.5,0.5,0.6666666666666643,0.5000000000000003,0.20361635220125684,0.5566037735849054,0.3212515489467158,0.41140002743187637
2026-07-01 12:15:00,hvac,0.5362831858407079,0.15649278579356274,0.702593329511348,0.6887363746467501,1.0,0.647798742138364,running,12,1,7,2,0,0.5000000000000001,0.0,1.0,0.8395280235988198,0.7916956622593367,1.0000000000000002,0.4084350721420642,0.45172031076581565,0.20306905370843964,0.274033890589782,0.5522948774154386,0.5519171753279601,0.7180862015716685,0.1941038512064672,0.40411788453774733,0.19983851433185307,0.33742552807366044,0.5430109935178522,1.0,0.5,0.8333333333333339,0.5000000000000003,0.6061320754716979,0.21147798742138324,0.49318463444857663,0.44130215710389636
2026-07-01 12:30:00,hvac,0.8796460176991148,0.5338512763596004,0.665767375982194,1.0,0.0,0.3954402515723272,running,12,1,7,2,0,0.5000000000000001,0.0,0.5362831858407079,0.5852507374631268,0.9074460681976342,0.9442383209407312,0.15649278579356274,0.44395116537180934,0.2445012787723786,0.3467463092700897,0.702593329511348,0.6185815937679155,0.7380923784358804,0.2030908011375483,0.6887363746467501,0.10456197012515145,0.7378588192814597,0.5541676669380253,1.0,0.5,0.6666666666666643,0.9999999999999992,0.647798742138364,0.20361635220125684,0.5687732342007426,0.22415143993604886
2026-07-01 12:45:00,hvac,0.9575221238938052,0.16315205327413995,0.939952112771052,0.3233750504642714,0.0,0.2515723270440242,running,12,1,7,2,0,0.5000000000000001,0.0,0.8796460176991148,1.0,0.8907446068197635,0.8791724852212596,0.5338512763596004,0.4084350721420642,0.1314578005115079,0.3955258731904091,0.665767375982194,0.5522948774154386,0.9024541596605009,0.4131191030432094,1.0,0.40411788453774733,0.7017512186315225,0.6307255860571684,0.0,1.0,0.3333333333333339,0.9999999999999992,0.3954402515723272,0.6061320754716979,0.4290582403965324,0.3530115153816615
2026-07-01 13:00:00,hvac,0.7858407079646017,0.4084350721420642,0.6337908474690588,0.27331449333871616,0.5,0.7177672955974836,running,13,1,7,2,0,0.37059047744873963,0.01703708685546579,0.9575221238938052,0.5362831858407079,0.988865692414753,0.3343335886046426,0.16315205327413995,0.15649278579356274,0.24757033248081806,0.3393027992670012,0.939952112771052,0.702593329511348,0.8732827745558946,0.4711710103791607,0.3233750504642714,0.6887363746467501,0.5159776132875975,0.7573423752368099,0.0,1.0,0.1666666666666643,0.5000000000000003,0.2515723270440242,0.647798742138364,0.4566294919454794,0.42830631417618126
2026-07-01 13:15:00,hvac,0.9079646017699112,0.9356270810210874,0.546157218493913,0.08155026241421082,0.5,0.10062893081761004,running,13,1,7,2,0,0.37059047744873963,0.01703708685546579,0.7858407079646017,0.8796460176991148,1.0000000000000002,0.34378186663192567,0.4084350721420642,0.5338512763596004,0.432736572890025,0.7620423759680325,0.6337908474690588,0.665767375982194,0.8225695755121649,0.5858000010624853,0.27331449333871616,1.0,0.10525365589456648,0.2331148064647466,0.5,0.0,0.3333333333333339,0.5000000000000003,0.7177672955974836,0.3954402515723272,0.3404584882280055,0.5920976325858104
2026-07-01 13:30:00,hvac,0.6353982300884955,0.007769145394006749,0.7960948302026776,0.825999192571659,0.0,0.27437106918238907,running,13,1,7,2,0,0.37059047744873963,0.01703708685546579,0.9079646017699112,0.9575221238938052,0.8733472512178149,0.5337273047124202,0.9356270810210874,0.16315205327413995,0.3611253196930937,0.9069022880697954,0.546157218493913,0.939952112771052,0.7615759010786634,0.3475570845313672,0.08155026241421082,0.3233750504642714,0.3300234699404223,0.7208985720797599,0.5,0.0,0.3333333333333339,0.5000000000000003,0.10062893081761004,0.2515723270440242,0.3494423791821575,0.5852430077176067
2026-07-01 13:45:00,hvac,0.7899705014749261,0.2963374028856829,0.7450645803122788,0.36939846588615266,1.0,0.5566037735849054,running,13,1,7,2,0,0.37059047744873963,0.01703708685546579,0.6353982300884955,0.7858407079646017,0.8749710044073304,0.5343720005076193,0.007769145394006749,0.4084350721420642,0.3094629156010229,0.9263477854314381,0.7960948302026776,0.6337908474690588,0.8087545611566747,0.36318679251709907,0.825999192571659,0.27331449333871616,0.3729915147138474,0.6999231705987095,0.0,0.5,0.5,0.8660254037844387,0.27437106918238907,0.7177672955974836,0.2859355638166061,0.4113443730354989
2026-07-01 14:00:00,hvac,0.792330383480826,0.3418423973362934,0.911570498769096,0.7767460637868386,0.0,0.2987421383647799,running,14,1,7,2,0,0.2500000000000001,0.06698729810778059,0.7899705014749261,0.9079646017699112,0.8295059151009048,0.34997904110095673,0.2963374028856829,0.9356270810210874,0.03580562659846498,0.32417755082994193,0.7450645803122788,0.546157218493913,0.9636851858206648,0.22385523998458495,0.36939846588615266,0.08155026241421082,0.6838779563098041,0.46480756527186484,1.0,0.5,0.3333333333333339,1.0,0.5566037735849054,0.10062893081761004,0.3640024783147471,0.2658012859437132
2026-07-01 14:15:00,hvac,0.6884955752212388,0.4528301886792456,0.28049775739385563,0.07145740815502633,1.0,0.43789308176100583,running,14,1,7,2,0,0.2500000000000001,0.06698729810778059,0.792330383480826,0.6353982300884955,0.8503827418232432,0.2291079687371248,0.3418423973362934,0.007769145394006749,0.24092071611253152,0.11773895086016029,0.911570498769096,0.7960948302026776,0.7450785262459534,0.9443212539644559,0.7767460637868386,0.825999192571659,0.3464524282361441,0.6597097563063602,0.0,0.0,0.6666666666666643,1.0,0.2987421383647799,0.27437106918238907,0.4284386617100395,0.2118768094502697
2026-07-01 14:30:00,hvac,0.49557522123893805,0.21420643729189814,0.35124945199473917,0.4097698829228906,1.0,0.7366352201257849,running,14,1,7,2,0,0.2500000000000001,0.06698729810778059,0.6884955752212388,0.7899705014749261,0.7346323358849456,0.5891771499609452,0.4528301886792456,0.2963374028856829,0.20306905370843964,0.1975257467477853,0.28049775739385563,0.7450645803122788,0.5781058760280472,0.9999999999999999,0.07145740815502633,0.36939846588615266,0.36450622856111226,0.6572332138437539,1.0,1.0,0.6666666666666643,1.0,0.43789308176100583,0.5566037735849054,0.49938042131350713,0.39873740235958505
2026-07-01 14:45:00,hvac,0.7805309734513273,0.1908990011098779,0.6239638485144843,0.9475171578522406,1.0,0.6391509433962259,running,14,1,7,2,0,0.2500000000000001,0.06698729810778059,0.49557522123893805,0.792330383480826,0.7299930410577593,0.5688062563734865,0.21420643729189814,0.3418423973362934,0.1335038363171348,0.2499326128328488,0.35124945199473917,0.911570498769096,0.4561642817107624,0.5101132005582303,0.4097698829228906,0.7767460637868386,0.44087380393572895,0.8250284340944178,1.0,0.0,1.0,0.0,0.7366352201257849,0.2987421383647799,0.6335192069392832,0.25782389581633713
2026-07-01 15:00:00,hvac,0.7994100294985249,0.7669256381798002,0.4818804168212322,0.948324586192975,0.0,0.0935534591194962,running,15,1,7,2,0,0.14644660940672644,0.14644660940672605,0.7805309734513273,0.6884955752212388,0.7736024124333101,0.6666303752573808,0.1908990011098779,0.4528301886792456,0.2782608695652171,0.6212385938508103,0.6239638485144843,0.28049775739385563,0.5415479908033352,0.3761165230378336,0.9475171578522406,0.07145740815502633,0.8330023469940429,0.5780240551266413,1.0,1.0,0.6666666666666643,0.9999999999999992,0.6391509433962259,0.43789308176100583,0.49783147459727495,0.6411980476591806
2026-07-01 15:15:00,hvac,0.5250737463126843,0.0,0.3538528985262874,0.7832054905127168,1.0,0.1124213836477983,running,15,1,7,2,0,0.14644660940672644,0.14644660940672605,0.7994100294985249,0.49557522123893805,0.785200649501276,0.5995858171688545,0.7669256381798002,0.21420643729189814,0.1795396419437334,0.7713444244639224,0.4818804168212322,0.35124945199473917,0.542651819315283,0.37229931915940057,0.948324586192975,0.4097698829228906,1.0000000000000004,0.17179437758396368,0.0,1.0,0.6666666666666643,0.9999999999999992,0.0935534591194962,0.7366352201257849,0.25185873605948217,0.5683905804964466
2026-07-01 15:30:00,hvac,0.774041297935103,0.776914539400666,0.4004788722894817,0.16067823980621743,1.0,0.0,running,15,1,7,2,0,0.14644660940672644,0.14644660940672605,0.5250737463126843,0.7805309734513273,0.7826490373463235,0.5931469117727288,0.0,0.1908990011098779,0.4496163682864438,0.8665728094714483,0.3538528985262874,0.6239638485144843,0.44789700650858455,0.16273108188333948,0.7832054905127168,0.9475171578522406,0.648131431666366,0.7752347071852091,1.0,1.0,0.6666666666666643,0.9999999999999992,0.1124213836477983,0.6391509433962259,0.0,0.07596340851592936
2026-07-01 15:45:00,hvac,0.7380530973451327,0.8723640399556047,0.5791319596668127,0.1651190956802584,0.0,0.9661949685534585,running,15,1,7,2,0,0.14644660940672644,0.14644660940672605,0.774041297935103,0.7994100294985249,0.758524704244955,0.5259706595855903,0.776914539400666,0.7669256381798002,0.4982097186700756,0.933819287957238,0.4004788722894817,0.4818804168212322,0.4891304347826084,0.3240094447896318,0.16067823980621743,0.948324586192975,0.29788770536197884,0.6674073056201117,1.0,0.0,0.6666666666666643,0.9999999999999992,0.0,0.0935534591194962,0.3438661710037181,1.0
2026-07-01 16:00:00,hvac,0.7091445427728613,0.3318534961154276,0.6166661046099888,0.24182478805006058,0.0,0.6627358490566033,running,16,1,7,2,0,0.06698729810778076,0.24999999999999978,0.7380530973451327,0.5250737463126843,0.8308977035490608,0.1235563856567149,0.8723640399556047,0.0,0.6511508951406646,0.5442138939831679,0.5791319596668127,0.3538528985262874,0.6005599213021741,0.31388403911157414,0.1651190956802584,0.7832054905127168,0.05578624300415269,0.07857134090688236,0.0,1.0,0.3333333333333339,0.9999999999999992,0.9661949685534585,0.1124213836477983,0.5607187112763352,0.9323552615712827
2026-07-01 16:15:00,hvac,0.7056047197640116,0.685904550499445,0.6171449768994706,0.6838918046023417,0.0,0.4748427672955966,running,16,1,7,2,0,0.06698729810778076,0.24999999999999978,0.7091445427728613,0.774041297935103,0.8039897935513802,0.06554064925549999,0.3318534961154276,0.776914539400666,0.6092071611253198,0.5156433508356123,0.6166661046099888,0.4004788722894817,0.6924236184985644,0.03462364456781241,0.24182478805006058,0.16067823980621743,0.2897634952157433,0.5201948230633983,0.0,1.0,0.0,0.0,0.6627358490566033,0.0,0.7478314745972767,0.44648093712785697
2026-07-01 16:30:00,hvac,0.48731563421828905,0.14206437291897922,0.338913432030486,0.8962454582155832,0.5,0.6249999999999991,running,16,1,7,2,0,0.06698729810778076,0.24999999999999978,0.7056047197640116,0.7380530973451327,0.7054047784736721,0.4964045451020177,0.685904550499445,0.8723640399556047,0.27263427109974314,0.5186620223188125,0.6171449768994706,0.5791319596668127,0.5905739908262129,0.4479444052942469,0.6838918046023417,0.1651190956802584,0.6167178191009213,0.6216617629972645,0.0,0.0,0.1666666666666643,0.5000000000000003,0.4748427672955966,0.9661949685534585,0.6133828996282524,0.15331360160934493
2026-07-01 16:45:00,hvac,0.49498525073746313,0.8834628190899001,0.2708730988432874,0.9313685910375451,1.0,0.2012578616352192,running,16,1,7,2,0,0.06698729810778076,0.24999999999999978,0.48731563421828905,0.7091445427728613,0.6212015773602413,0.48382977794007126,0.14206437291897922,0.3318534961154276,0.5268542199488486,0.7399442570402335,0.338913432030486,0.6166661046099888,0.44396211523283313,0.5163741448821606,0.8962454582155832,0.24182478805006058,0.9250767286513817,0.24489777516201353,0.5,0.0,0.5,0.8660254037844387,0.6249999999999991,0.6627358490566033,0.4315365551425039,0.38118170040210014
2026-07-01 17:00:00,hvac,0.5828908554572271,0.6503884572697003,0.624901359053047,0.4921275736778363,0.5,0.9803459119496853,running,17,1,7,2,0,0.01703708685546579,0.37059047744873974,0.49498525073746313,0.7056047197640116,0.5729529111575042,0.20475939998443216,0.8834628190899001,0.685904550499445,0.5104859335038356,0.730057940608494,0.2708730988432874,0.6171449768994706,0.4472507234938171,0.5294939153797128,0.9313685910375451,0.6838918046023417,0.8393211771077813,0.45251533801887955,1.0,0.0,0.6666666666666643,0.5000000000000003,0.2012578616352192,0.4748427672955966,0.6307311028500635,0.726969967421111
2026-07-01 17:15:00,hvac,0.5079646017699114,0.3618201997780246,0.38224125720837693,0.1546225272507067,0.0,0.8773584905660377,running,17,1,7,2,0,0.01703708685546579,0.37059047744873974,0.5828908554572271,0.48731563421828905,0.5810716771050801,0.18246515730526255,0.6503884572697003,0.14206437291897922,0.6117647058823521,0.48849779262773024,0.624901359053047,0.338913432030486,0.4656211752056091,0.509119352437831,0.4921275736778363,0.8962454582155832,0.5076728651381117,0.7264581538419039,0.5,0.5,0.5,0.8660254037844387,0.9803459119496853,0.6249999999999991,0.7301734820322192,0.7924515093887803
2026-07-01 17:30:00,hvac,0.44483775811209436,0.2719200887902331,0.16243213165615616,0.5498587000403714,1.0,0.23349056603773555,running,17,1,7,2,0,0.01703708685546579,0.37059047744873974,0.5079646017699114,0.49498525073746313,0.5613546740895384,0.2678751030015632,0.3618201997780246,0.8834628190899001,0.32992327365728835,0.3581301746904569,0.38224125720837693,0.2708730988432874,0.4196435720576963,0.6590307937060406,0.1546225272507067,0.9313685910375451,0.33706445206716085,0.39485124916276326,0.0,1.0,0.5,0.8660254037844387,0.8773584905660377,0.2012578616352192,0.742874845105332,0.756007184376955
2026-07-01 17:45:00,hvac,0.3941002949852507,0.3318534961154276,0.3187400937510539,0.3112636253532499,0.5,0.5754716981132066,running,17,1,7,2,0,0.01703708685546579,0.37059047744873974,0.44483775811209436,0.5828908554572271,0.4871259568545582,0.22029384786807274,0.2719200887902331,0.6503884572697003,0.18312020460358047,0.04654106919767797,0.16243213165615616,0.624901359053047,0.2898350548482662,0.3067540731739144,0.5498587000403714,0.4921275736778363,0.25618342661130233,0.36761482615935914,1.0,0.5,0.5,0.8660254037844387,0.23349056603773555,0.9803459119496853,0.5833333333333339,0.592951473578904
2026-07-01 18:00:00,hvac,0.45722713864306785,0.3551609322974474,0.3980575321215391,0.3136859103754541,0.0,0.5047169811320753,running,18,1,7,2,0,0.0,0.4999999999999999,0.3941002949852507,0.5079646017699114,0.46717698909765715,0.12724641619421526,0.3318534961154276,0.3618201997780246,0.18005115089514012,0.040733044559997274,0.3187400937510539,0.38224125720837693,0.29654095604131614,0.3269238741898551,0.3112636253532499,0.1546225272507067,0.327315399891678,0.2508531631897154,0.5,0.0,0.5,0.8660254037844387,0.5754716981132066,0.8773584905660377,0.4364931846344504,0.31342867947209446
2026-07-01 18:15:00,hvac,0.4253687315634217,0.7780244173140956,0.4395238255825718,0.3189341945902302,1.0,0.5754716981132066,running,18,1,7,2,0,0.0,0.4999999999999999,0.45722713864306785,0.44483775811209436,0.4595221526327997,0.1198149491257247,0.3551609322974474,0.2719200887902331,0.41329923273657254,0.46763688604706594,0.3980575321215391,0.16243213165615616,0.41402434142044975,0.15252762632613792,0.3136859103754541,0.5498587000403714,0.22404766203285842,0.0,0.0,1.0,0.5,0.8660254037844387,0.5047169811320753,0.23349056603773555,0.5712515489467194,0.03776575972870266
2026-07-01 18:30:00,hvac,0.31150442477876106,0.029966703662597016,0.4610528445688464,0.7392006459426725,1.0,0.18710691823899328,running,18,1,7,2,0,0.0,0.4999999999999999,0.4253687315634217,0.3941002949852507,0.42704708884249587,0.29745076390337977,0.7780244173140956,0.3318534961154276,0.2741687979539629,0.7217959684102754,0.4395238255825718,0.3187400937510539,0.4743631538611117,0.06504925579180959,0.3189341945902302,0.3112636253532499,0.41541794547752353,0.452667543562809,1.0,0.5,0.6666666666666643,1.0,0.5754716981132066,0.5754716981132066,0.4182156133829018,0.3653901225971315
2026-07-01 18:45:00,hvac,0.18879056047197634,0.8990011098779136,0.3672613226317742,0.9249091643116674,0.0,0.9465408805031439,running,18,1,7,2,0,0.0,0.4999999999999999,0.31150442477876106,0.45722713864306785,0.32150313152400845,0.46191280244161526,0.029966703662597016,0.3551609322974474,0.5248081841432217,0.9178772393721807,0.4610528445688464,0.3980575321215391,0.46130594923532675,0.11604126995853287,0.7392006459426725,0.3136859103754541,0.6887524823975446,0.5775707095484003,1.0,0.0,0.6666666666666643,0.9999999999999992,0.18710691823899328,0.5047169811320753,0.5923172242874859,0.7066521446659346
2026-07-01 19:00:00,hvac,0.17168141592920355,0.5216426193118755,0.2360300812733956,0.12434396447315321,0.5,0.12106918238993636,running,19,1,7,2,0,0.01703708685546579,0.6294095225512601,0.18879056047197634,0.4253687315634217,0.22175829273950365,0.296104070598453,0.8990011098779136,0.7780244173140956,0.40664961636828556,0.8462162466219951,0.3672613226317742,0.4395238255825718,0.3750271667638949,0.30647537029024063,0.9249091643116674,0.3189341945902302,0.6017331648311974,0.7821031406718107,0.0,1.0,0.5,0.8660254037844377,0.9465408805031439,0.5754716981132066,0.4132589838909553,0.8625014365592539
2026-07-01 19:15:00,hvac,0.32861356932153396,0.16204217536071042,0.18369136343708903,0.0811465482438436,1.0,0.533018867924528,running,19,1,7,2,0,0.01703708685546579,0.6294095225512601,0.17168141592920355,0.31150442477876106,0.22848527023892362,0.33483882056607356,0.5216426193118755,0.029966703662597016,0.46751918158567696,0.708314251880839,0.2360300812733956,0.4610528445688464,0.25742939501046613,0.25145778607928326,0.12434396447315321,0.7392006459426725,0.3074562195342123,0.8879039332768477,0.5,1.0,0.5,0.8660254037844377,0.12106918238993636,0.18710691823899328,0.5495662949194582,0.7717572271988802
2026-07-01 19:30:00,hvac,0.2973451327433627,0.7980022197558267,0.24664620780359492,0.603552684699233,0.5,0.265723270440251,running,19,1,7,2,0,0.01703708685546579,0.6294095225512601,0.32861356932153396,0.18879056047197634,0.2711667826490375,0.32289479606782134,0.16204217536071042,0.8990011098779136,0.4209718670076721,0.6065519955169868,0.18369136343708903,0.3672613226317742,0.20629010672248704,0.07006743507891067,0.0811465482438436,0.9249091643116674,0.1637479689474639,0.5389183302159755,1.0,0.0,0.6666666666666643,0.4999999999999983,0.533018867924528,0.9465408805031439,0.2812887236679078,0.3696338630783382
2026-07-01 19:45:00,hvac,0.33215339233038343,0.583795782463929,0.31693251947526385,0.5878078320549052,0.5,0.26965408805031377,running,19,1,7,2,0,0.01703708685546579,0.6294095225512601,0.2973451327433627,0.17168141592920355,0.3342611922987707,0.07088866272596313,0.7980022197558267,0.5216426193118755,0.4496163682864438,0.6161658411808836,0.24664620780359492,0.2360300812733956,0.2405917207142283,0.1682684273462322,0.603552684699233,0.12434396447315321,0.3710055966781014,0.5525287136410288,0.5,0.5,0.6666666666666643,0.4999999999999983,0.265723270440251,0.12106918238993636,0.3398389095415144,0.2595126646616108
2026-07-01 20:00:00,hvac,0.14690265486725668,0.4716981132075473,0.08798435234209018,0.8296326201049657,0.0,0.13993710691823846,running,20,1,7,2,0,0.0669872981077807,0.75,0.33215339233038343,0.32861356932153396,0.2628160519601018,0.3835979078062144,0.583795782463929,0.16204217536071042,0.5923273657289001,0.29263685326112204,0.31693251947526385,0.18369136343708903,0.2000131544330438,0.319150547682952,0.5878078320549052,0.0811465482438436,0.7057230547030149,0.24754203546028417,0.5,1.0,0.3333333333333339,0.5000000000000003,0.26965408805031377,0.533018867924528,0.18494423791821646,0.10276630894738775
2026-07-01 20:15:00,hvac,0.175811209439528,0.6703662597114315,0.13581087916905538,0.11303996770286662,0.0,0.6548742138364778,running,20,1,7,2,0,0.0669872981077807,0.75,0.14690265486725668,0.2973451327433627,0.21503131524008345,0.3883550425369723,0.4716981132075473,0.7980022197558267,0.5335038363171352,0.15692292509243488,0.08798435234209018,0.24664620780359492,0.15302037221326176,0.32953869716440487,0.8296326201049657,0.603552684699233,0.4863693807546494,0.6794862100644453,0.0,0.5,0.1666666666666643,0.5000000000000003,0.13993710691823846,0.265723270440251,0.33828996282528223,0.4857459714765685
2026-07-01 20:30:00,hvac,0.18938053097345126,0.3618201997780246,0.3425960273834013,0.3520387565603553,0.0,0.5691823899371062,running,20,1,7,2,0,0.0669872981077807,0.75,0.175811209439528,0.33215339233038343,0.15889584783112964,0.08090081996346496,0.6703662597114315,0.583795782463929,0.4312020460358048,0.2733508856870796,0.13581087916905538,0.31693251947526385,0.16390137606808264,0.37291625780033916,0.11303996770286662,0.5878078320549052,0.38093518685683403,0.6800599097400608,0.0,0.5,0.0,0.0,0.6548742138364778,0.26965408805031377,0.456319702602233,0.5017015438584138
2026-07-01 20:45:00,hvac,0.29852507374631265,0.7447280799112099,0.29242235186996257,0.5413807024626562,1.0,0.5864779874213832,running,20,1,7,2,0,0.0669872981077807,0.75,0.18938053097345126,0.14690265486725668,0.21851078636047327,0.2606359097092118,0.3618201997780246,0.4716981132075473,0.5570332480818414,0.3690081760955598,0.3425960273834013,0.08798435234209018,0.25058051084954736,0.29107438672629915,0.3520387565603553,0.8296326201049657,0.2520310525365592,0.3970461112622422,0.0,0.0,0.3333333333333339,0.9999999999999992,0.5691823899371062,0.13993710691823846,0.6322800495662975,0.04657628840741284
2026-07-01 21:00:00,hvac,0.24129793510324482,0.7014428412874585,0.2572421002933936,0.6495761001211142,0.0,0.24135220125786105,running,21,1,7,2,0,0.14644660940672616,0.8535533905932737,0.29852507374631265,0.175811209439528,0.24425887265135693,0.2106302838731337,0.7447280799112099,0.6703662597114315,0.571355498721227,0.38265933381195705,0.29242235186996257,0.13581087916905538,0.3020658179197693,0.09746401317204892,0.5413807024626562,0.11303996770286662,0.4919660588553896,0.2763695702093062,1.0,0.0,0.3333333333333339,0.9999999999999992,0.5864779874213832,0.6548742138364778,0.4693308550185886,0.3409416034373066
2026-07-01 21:15:00,hvac,0.23775811209439524,0.5871254162042177,0.1114221158061579,0.9495357287040771,1.0,0.4528301886792443,running,21,1,7,2,0,0.14644660940672616,0.8535533905932737,0.24129793510324482,0.18938053097345126,0.26327998144282094,0.12984700280741382,0.7014428412874585,0.3618201997780246,0.6751918158567767,0.1196420350795524,0.2572421002933936,0.3425960273834013,0.20405099344566058,0.2556372734532615,0.6495761001211142,0.3520387565603553,0.759162303664922,0.3910220513783558,0.0,0.0,0.6666666666666643,0.9999999999999992,0.24135220125786105,0.5691823899371062,0.423482032218093,0.30060181028798966
2026-07-01 21:30:00,hvac,0.09321533923303837,0.8190899001109875,0.1411998785957576,0.6964069438837299,1.0,0.24292452830188616,running,21,1,7,2,0,0.14644660940672616,0.8535533905932737,0.23775811209439524,0.29852507374631265,0.18255625144977972,0.3285306273199319,0.5871254162042177,0.7447280799112099,0.7094629156010228,0.19050816846077637,0.1114221158061579,0.29242235186996257,0.139934570993903,0.19923634371705506,0.9495357287040771,0.5413807024626562,0.8284888969128006,0.2966603083578556,1.0,1.0,0.6666666666666643,0.9999999999999992,0.4528301886792443,0.5864779874213832,0.28810408921933295,0.19723145979062676
2026-07-01 21:45:00,hvac,0.152212389380531,0.05327413984461726,0.1585471958992345,0.0,0.5,0.40408805031446526,running,21,1,7,2,0,0.14644660940672616,0.8535533905932737,0.09321533923303837,0.24129793510324482,0.1475295755045234,0.28193741136597517,0.8190899001109875,0.7014428412874585,0.4107416879795385,0.7579043700236041,0.1411998785957576,0.2572421002933936,0.09808917561740033,0.04065648520593517,0.6964069438837299,0.6495761001211142,0.538003249684059,0.9190731078289172,1.0,0.0,0.8333333333333339,0.5000000000000003,0.24292452830188616,0.24135220125786105,0.3522304832713772,0.17396219751671174
2026-07-01 22:00:00,hvac,0.02477876106194693,0.3362930077691457,0.20914578626108654,0.20993136859103756,0.5,0.4143081761006284,running,22,1,7,2,0,0.24999999999999978,0.9330127018922192,0.152212389380531,0.23775811209439524,0.0637903038738113,0.24683535026505982,0.05327413984461726,0.5871254162042177,0.2951406649616355,0.7466816545407016,0.1585471958992345,0.1114221158061579,0.13952278004644064,0.07483560493008476,0.0,0.9495357287040771,0.2072576277306375,0.6657048242424578,0.5,1.0,0.6666666666666643,0.5000000000000003,0.40408805031446526,0.4528301886792443,0.33705080545229293,0.14687936205734764
2026-07-01 22:15:00,hvac,0.04896755162241889,0.7547169811320753,0.0,0.2329430763019782,1.0,0.4457547169811322,running,22,1,7,2,0,0.24999999999999978,0.9330127018922192,0.02477876106194693,0.09321533923303837,0.046392948271862744,0.26223605118800114,0.3362930077691457,0.8190899001109875,0.26547314578005077,0.6762811390273684,0.20914578626108654,0.1411998785957576,0.07965581139974592,0.294816575572516,0.20993136859103756,0.6964069438837299,0.0,0.2344694784921832,0.5,1.0,0.6666666666666643,0.5000000000000003,0.4143081761006284,0.24292452830188616,0.4169764560099143,0.0
2026-07-01 22:30:00,hvac,0.1032448377581121,0.806881243063263,0.23336593262064548,0.7601937828017764,1.0,0.7358490566037732,running,22,1,7,2,0,0.24999999999999978,0.9330127018922192,0.04896755162241889,0.152212389380531,0.027139874739039727,0.15380332122341506,0.7547169811320753,0.05327413984461726,0.6127877237851656,0.48161817020408343,0.0,0.1585471958992345,0.11137801265113284,0.35202937837081155,0.2329430763019782,0.0,0.3399530601191554,0.5790831295674378,1.0,0.5,0.8333333333333339,0.5000000000000003,0.4457547169811322,0.40408805031446526,0.5477075588599778,0.30700291828242493
2026-07-01 22:45:00,hvac,0.020648967551622432,0.4106548279689233,0.23621893231713492,0.07226483649576121,0.0,0.9457547169811322,running,22,1,7,2,0,0.24999999999999978,0.9330127018922192,0.1032448377581121,0.02477876106194693,0.025516121549524484,0.16085913680985303,0.806881243063263,0.3362930077691457,0.6470588235294112,0.3941260756965191,0.23336593262064548,0.20914578626108654,0.12285668531164556,0.373636132108186,0.7601937828017764,0.20993136859103756,0.2783896010110132,0.6706727400199698,1.0,0.5,0.6666666666666643,0.9999999999999992,0.7358490566037732,0.4143081761006284,0.7571251548946751,0.4526755329639274
2026-07-01 23:00:00,hvac,0.10796460176991152,0.864594894561598,0.0997200957744579,0.5413807024626562,1.0,0.026729559748426723,running,23,1,7,2,0,0.37059047744873924,0.982962913144534,0.020648967551622432,0.04896755162241889,0.04871259568545583,0.18898977203723807,0.4106548279689233,0.7547169811320753,0.697698209718669,0.45938050267914005,0.23621893231713492,0.0,0.1651367489104696,0.20207252520642197,0.07226483649576121,0.2329430763019782,0.4163206354937725,0.6548413407632134,0.0,1.0,0.6666666666666643,0.9999999999999992,0.9457547169811322,0.4457547169811322,0.5920074349442377,0.907635293606557
2026-07-01 23:15:00,hvac,0.06017699115044245,0.9134295227524971,0.18187704448116548,0.8639483245861928,0.0,0.2295597484276728,running,23,1,7,2,0,0.37059047744873924,0.982962913144534,0.10796460176991152,0.1032448377581121,0.031779169566226007,0.16776230403251352,0.864594894561598,0.806881243063263,0.746803069053708,0.5211911500467549,0.0997200957744579,0.23336593262064548,0.143306109376251,0.17442534327282005,0.5413807024626562,0.7601937828017764,0.4627189023289411,0.7426884521480244,1.0,1.0,0.3333333333333339,0.9999999999999992,0.026729559748426723,0.7358490566037732,0.3925030978934352,0.9100790478674057
2026-07-01 23:30:00,hvac,0.0536873156342183,0.2463928967813538,0.050942569048662845,0.34880904319741624,0.5,0.6289308176100628,running,23,1,7,2,0,0.37059047744873924,0.982962913144534,0.06017699115044245,0.020648967551622432,0.04476919508234756,0.11223523336733335,0.9134295227524971,0.4106548279689233,0.6710997442455242,0.7150888733532994,0.18187704448116548,0.23621893231713492,0.06475126682909521,0.1668330924035285,0.8639483245861928,0.07226483649576121,0.5863874345549749,0.4830381367183485,0.0,0.0,0.5,0.8660254037844377,0.2295597484276728,0.9457547169811322,0.26765799256505574,0.5618804508625115
2026-07-01 23:45:00,hvac,0.0011799410029498247,0.36293007769145413,0.09096550096111689,0.6576503835284617,1.0,0.25078616352201255,running,23,1,7,2,0,0.37059047744873924,0.982962913144534,0.0536873156342183,0.10796460176991152,0.002783576896311757,0.12292157738422657,0.2463928967813538,0.864594894561598,0.43989769820971825,0.6832051372519725,0.050942569048662845,0.0997200957744579,0.0610394289832194,0.1695826797175511,0.34880904319741624,0.5413807024626562,0.6383823794908836,0.48110890177231846,0.5,1.0,0.5,0.8660254037844377,0.6289308176100628,0.026729559748426723,0.35594795539033797,0.4006306648849807
