timestamp,system_id,irradiance_w_m2,dc_power_kw,inverter_power_kw,panel_temperature_c,inverter_status,hour,day,month,day_of_week,is_weekend,hour_sin,hour_cos,irradiance_w_m2_lag1,irradiance_w_m2_lag3,irradiance_w_m2_rolling_mean3,irradiance_w_m2_rolling_std3,dc_power_kw_lag1,dc_power_kw_lag3,dc_power_kw_rolling_mean3,dc_power_kw_rolling_std3,inverter_power_kw_lag1,inverter_power_kw_lag3,inverter_power_kw_rolling_mean3,inverter_power_kw_rolling_std3,panel_temperature_c_lag1,panel_temperature_c_lag3,panel_temperature_c_rolling_mean3,panel_temperature_c_rolling_std3
2026-07-01 00:00:00,solar_plant_1,0.0,0.015054190124252872,0.015007718978564016,0.12470402525651147,standby,0,1,7,2,0,0.5,1.0,0.0,0.0,0.0023846311229637146,0.11998747365494296,0.015054190124252872,0.015054190124252872,0.005997115955551785,0.10498654490987666,0.015007718978564016,0.015007718978564016,0.006096595407759352,0.10708295135640596,0.12470402525651147,0.12470402525651147,0.027469316189362658,0.8941143288316884
2026-07-01 00:15:00,solar_plant_1,0.012429378531073447,0.019890379702884355,0.01971503049629236,0.0,standby,0,1,7,2,0,0.5,1.0,0.0,0.0,0.0023846311229637146,0.11998747365494296,0.015054190124252872,0.015054190124252872,0.005997115955551785,0.10498654490987666,0.015007718978564016,0.015007718978564016,0.006096595407759352,0.10708295135640596,0.12470402525651147,0.12470402525651147,0.027469316189362658,0.8941143288316884
2026-07-01 00:30:00,solar_plant_1,0.0,0.0,0.0,0.14127861089187066,standby,0,1,7,2,0,0.5,1.0,0.012429378531073447,0.0,0.0023846311229637146,0.11998747365494296,0.019890379702884355,0.015054190124252872,0.005997115955551785,0.10498654490987666,0.01971503049629236,0.015007718978564016,0.006096595407759352,0.10708295135640596,0.0,0.12470402525651147,0.027469316189362658,0.8941143288316884
2026-07-01 00:45:00,solar_plant_1,0.03033384694401644,0.02363532650479899,0.023536557588641715,0.0505130228887134,online,0,1,7,2,0,0.5,1.0,0.0,0.0,0.012801518262182432,0.2645532115630936,0.0,0.015054190124252872,0.008932055305793534,0.13987411081193843,0.0,0.015007718978564016,0.009061317849916473,0.1434104799910541,0.14127861089187066,0.12470402525651147,0.0,0.8284311215284749
2026-07-01 01:00:00,solar_plant_1,0.006985105290190036,0.023015302199846235,0.02282793004833852,0.15114443567482239,standby,1,1,7,2,0,0.6294095225512604,0.9829629131445342,0.03033384694401644,0.012429378531073447,0.010931911020805552,0.2759506257882118,0.02363532650479899,0.019890379702884355,0.010000848248367122,0.15135631661749963,0.023536557588641715,0.01971503049629236,0.010143397554323969,0.15520343979085288,0.0505130228887134,0.0,0.055961426066627684,0.6407250596684436
2026-07-01 01:15:00,solar_plant_1,0.0052696456086286595,0.001016839860122517,0.0010123250575759877,0.048934490923441265,standby,1,1,7,2,0,0.6294095225512604,0.9829629131445342,0.006985105290190036,0.0,0.012741549728025058,0.2422200684414297,0.023015302199846235,0.0,0.0103486300788871,0.14256894093972675,0.02282793004833852,0.0,0.010495293393155672,0.14611296948423946,0.15114443567482239,0.14127861089187066,0.021770894213909875,0.676703185538012
2026-07-01 01:30:00,solar_plant_1,0.021284026707755522,0.03387812802261849,0.0328246399919014,0.04735595895816891,standby,1,1,7,2,0,0.6294095225512604,0.9829629131445342,0.0052696456086286595,0.03033384694401644,0.009633768634340097,0.1489353301205101,0.001016839860122517,0.02363532650479899,0.01385189583510052,0.20034117044516736,0.0010123250575759877,0.023536557588641715,0.013723937714436576,0.19999812177993287,0.048934490923441265,0.0505130228887134,0.020601987142021994,0.6873162164712189
2026-07-01 01:45:00,solar_plant_1,0.08147919876733435,0.07497333895488703,0.0736466479386531,0.18508287292817682,online,1,1,7,2,0,0.6294095225512604,0.9829629131445342,0.021284026707755522,0.006985105290190036,0.03521563979370824,0.7110476952947612,0.03387812802261849,0.023015302199846235,0.03162269912630418,0.5044640415678274,0.0328246399919014,0.02282793004833852,0.03138910882378821,0.5133940594441694,0.04735595895816891,0.15114443567482239,0.033167738164815885,0.9155016746254868
2026-07-01 02:00:00,solar_plant_1,0.0718335901386749,0.07115398923637807,0.07053374838660693,0.14048934490923437,online,2,1,7,2,0,0.75,0.9330127018922194,0.08147919876733435,0.0052696456086286595,0.058074233990165154,0.5704466534367761,0.07497333895488703,0.001016839860122517,0.055611162948511324,0.28960708452867207,0.0736466479386531,0.0010123250575759877,0.05555555555555561,0.30043859321443145,0.18508287292817682,0.048934490923441265,0.06706604324956156,0.813127416849879
2026-07-01 02:15:00,solar_plant_1,0.10175654853620957,0.11954068599489101,0.11816364234555715,0.17284925019731645,online,2,1,7,2,0,0.75,0.9330127018922194,0.0718335901386749,0.021284026707755522,0.08570914555421508,0.26498252331296734,0.07115398923637807,0.03387812802261849,0.08490966154890152,0.35244799283458633,0.07053374838660693,0.0328246399919014,0.08522037476906841,0.36147193367160607,0.14048934490923437,0.04735595895816891,0.11353009935710112,0.26303733207330576
2026-07-01 02:30:00,solar_plant_1,0.08617360041088855,0.08179360630936733,0.08030268519221521,0.23401736385161787,online,2,1,7,2,0,0.75,0.9330127018922194,0.10175654853620957,0.08147919876733435,0.08732124085479853,0.2594805379899084,0.11954068599489101,0.07497333895488703,0.0872423445584867,0.3303790355473666,0.11816364234555715,0.0736466479386531,0.08753408990938687,0.3383166920841509,0.17284925019731645,0.18508287292817682,0.1316481589713614,0.547862408760958
2026-07-01 02:45:00,solar_plant_1,0.12939907550077043,0.13794300736588874,0.13562624958874295,0.23283346487766354,online,2,1,7,2,0,0.75,0.9330127018922194,0.08617360041088855,0.0718335901386749,0.10708969176173444,0.3834991259300654,0.08179360630936733,0.07115398923637807,0.11008567308507931,0.37824995590500066,0.08030268519221521,0.07053374838660693,0.11016099234626554,0.38692021736678617,0.23401736385161787,0.14048934490923437,0.1658386908240792,0.4020628389879241
2026-07-01 03:00:00,solar_plant_1,0.1245095017976374,0.13680216264477568,0.13236150127806037,0.2237569060773481,online,3,1,7,2,0,0.8535533905932737,0.8535533905932737,0.12939907550077043,0.10175654853620957,0.11490323900635668,0.41537451917210455,0.13794300736588874,0.11954068599489101,0.11598948172024769,0.4301872830974496,0.13562624958874295,0.11816364234555715,0.11509633148588023,0.42986316338258945,0.23283346487766354,0.17284925019731645,0.1846873173582697,0.060068149327711484
2026-07-01 03:15:00,solar_plant_1,0.17373394966615305,0.17675652885593116,0.17551185685723683,0.18232044198895014,online,3,1,7,2,0,0.8535533905932737,0.8535533905932737,0.1245095017976374,0.08617360041088855,0.1449721675450293,0.4771076202674341,0.13680216264477568,0.08179360630936733,0.148468911697345,0.29022468656036765,0.13236150127806037,0.08030268519221521,0.14819213512800214,0.32070575125430906,0.2237569060773481,0.23401736385161787,0.1655464640561073,0.30831098129447004
2026-07-01 03:30:00,solar_plant_1,0.20952234206471496,0.2219190992286898,0.21522030724065497,0.22494080505130243,online,3,1,7,2,0,0.8535533905932737,0.8535533905932737,0.17373394966615305,0.12939907550077043,0.17248714204076446,0.7558249097014964,0.17675652885593116,0.13794300736588874,0.17719060140809226,0.5872674535855228,0.17551185685723683,0.13562624958874295,0.17585994545614503,0.5916743857365111,0.18232044198895014,0.23283346487766354,0.16262419637638792,0.27737431038291627
2026-07-01 03:45:00,solar_plant_1,0.2216024653312789,0.23382356588378267,0.22625465036823325,0.24348855564325178,online,3,1,7,2,0,0.8535533905932737,0.8535533905932737,0.20952234206471496,0.1245095017976374,0.20582964703226303,0.4372613628529761,0.2219190992286898,0.13680216264477568,0.21037407752990075,0.4004197243767594,0.21522030724065497,0.13236150127806037,0.20849828450778576,0.3621180794722592,0.22494080505130243,0.2237569060773481,0.16992986557568646,0.35996084491644026
2026-07-01 04:00:00,solar_plant_1,0.2538674884437596,0.2610550333573076,0.2544985194746033,0.22928176795580102,online,4,1,7,2,0,0.9330127018922193,0.75,0.2216024653312789,0.17373394966615305,0.233348149088831,0.40201745113610715,0.23382356588378267,0.17675652885593116,0.23920603952837394,0.2500460615471635,0.22625465036823325,0.17551185685723683,0.23595495733262964,0.26207546535013393,0.24348855564325178,0.18232044198895014,0.1873173582700176,0.10767707195832608
2026-07-01 04:15:00,solar_plant_1,0.2520184899845917,0.2507626298950919,0.24877888289929895,0.2825572217837411,online,4,1,7,2,0,0.9330127018922193,0.75,0.2538674884437596,0.20952234206471496,0.24794166825406902,0.31592978775199254,0.2610550333573076,0.2219190992286898,0.24907116803800144,0.15554582558352434,0.2544985194746033,0.21522030724065497,0.24762030438990063,0.1792103681337116,0.22928176795580102,0.22494080505130243,0.2086499123319694,0.31598513382865034
2026-07-01 04:30:00,solar_plant_1,0.30234206471494607,0.2942139331861809,0.29413104547870317,0.2644041041831098,online,4,1,7,2,0,0.9330127018922193,0.75,0.2520184899845917,0.2216024653312789,0.2756682963997714,0.5024801954897853,0.2507626298950919,0.23382356588378267,0.2697260157774196,0.28963831574258037,0.24877888289929895,0.22625465036823325,0.2712149203835665,0.3311794548041733,0.2825572217837411,0.24348855564325178,0.21639392168322624,0.3101242699468738
2026-07-01 04:45:00,solar_plant_1,0.3517000513610683,0.3636318543686913,0.3513527193581859,0.31254932912391475,online,4,1,7,2,0,0.9330127018922193,0.75,0.30234206471494607,0.2538674884437596,0.3092647857712306,0.8840160546654783,0.2942139331861809,0.2610550333573076,0.3048095682415812,0.8020482167872239,0.29413104547870317,0.2544985194746033,0.30488255476379006,0.7466425513566722,0.2644041041831098,0.22928176795580102,0.2472238457042666,0.277859600526439
2026-07-01 05:00:00,solar_plant_1,0.3507447354904982,0.3599861114555691,0.35023916179485226,0.37963693764798734,online,5,1,7,2,0,0.9829629131445342,0.6294095225512604,0.3517000513610683,0.2520184899845917,0.3431681729351423,0.4969210754256238,0.3636318543686913,0.2507626298950919,0.3421664263296293,0.5346182624598355,0.3513527193581859,0.24877888289929895,0.3401513152106977,0.4559816431918415,0.31254932912391475,0.2825572217837411,0.2831677381648161,0.6687225399137328
2026-07-01 05:15:00,solar_plant_1,0.3803903441191577,0.39061531212023515,0.38870751398273984,0.4542225730071032,online,5,1,7,2,0,0.9829629131445342,0.6294095225512604,0.3507447354904982,0.30234206471494607,0.3699705801426546,0.2931664885678029,0.3599861114555691,0.2942139331861809,0.3751378403596573,0.20017334455275493,0.35023916179485226,0.29413104547870317,0.37302718395354983,0.2875554434292729,0.37963693764798734,0.2644041041831098,0.35344827586206873,0.8200579441801777
2026-07-01 05:30:00,solar_plant_1,0.42266050333846944,0.4092160412688178,0.40639789436388024,0.41633780584056823,online,5,1,7,2,0,0.9829629131445342,0.6294095225512604,0.3803903441191577,0.3517000513610683,0.39433897037554416,0.6386938620488685,0.39061531212023515,0.3636318543686913,0.3907286453473577,0.3218638748051385,0.38870751398273984,0.3513527193581859,0.39216152019002376,0.39363020784035674,0.4542225730071032,0.31254932912391475,0.39187609585037997,0.42903213747036906
2026-07-01 05:45:00,solar_plant_1,0.46704673857216233,0.4617445003844151,0.4567104497254068,0.500394632991318,online,5,1,7,2,0,0.9829629131445342,0.6294095225512604,0.42266050333846944,0.3507447354904982,0.4342780141243536,0.7674555817207946,0.4092160412688178,0.3599861114555691,0.42553227585036907,0.5019783254292358,0.40639789436388024,0.35023916179485226,0.4291721650391485,0.4958327205639487,0.41633780584056823,0.37963693764798734,0.43658679135008716,0.48495808735924034
2026-07-01 06:00:00,solar_plant_1,0.4678685156651259,0.4764266759256963,0.47055399488775845,0.48618784530386727,online,6,1,7,2,0,1.0,0.5,0.46704673857216233,0.3803903441191577,0.46431872217636394,0.45469145796091465,0.4617445003844151,0.39061531212023515,0.4548816693527865,0.47874303247168604,0.4567104497254068,0.38870751398273984,0.4576229436086919,0.4721817331636892,0.500394632991318,0.4542225730071032,0.44842197545295126,0.5186961407795783
2026-07-01 06:15:00,solar_plant_1,0.553261427837699,0.5534336946008284,0.5315465796067117,0.5055248618784529,online,6,1,7,2,0,1.0,0.5,0.4678685156651259,0.42266050333846944,0.5091681306044122,0.8786257627931242,0.4764266759256963,0.4092160412688178,0.5042073119009246,0.687036594134639,0.47055399488775845,0.40639789436388024,0.5011260666842614,0.566395687272695,0.48618784530386727,0.41633780584056823,0.4814436002337812,0.11135629718454658
2026-07-01 06:30:00,solar_plant_1,0.5337031330251669,0.5457949951638105,0.5311416495836813,0.5647198105761642,online,6,1,7,2,0,1.0,0.5,0.553261427837699,0.46704673857216233,0.5320584728483642,0.7926157887077568,0.5534336946008284,0.4617445003844151,0.5329544490626854,0.5849042981412489,0.5315465796067117,0.4567104497254068,0.5269992082343625,0.4929742541982129,0.5055248618784529,0.500394632991318,0.5052600818234951,0.47122260212524564
2026-07-01 06:45:00,solar_plant_1,0.6003081664098613,0.6194290816199995,0.6015741654645306,0.5355169692186266,online,6,1,7,2,0,1.0,0.5,0.5337031330251669,0.4678685156651259,0.5775393146654813,0.6045401525842644,0.5457949951638105,0.4764266759256963,0.5818644499109338,0.5558719177250936,0.5311416495836813,0.47055399488775845,0.5725433271751561,0.5777727214911481,0.5647198105761642,0.48618784530386727,0.5235242548217416,0.33940234202579017
2026-07-01 07:00:00,solar_plant_1,0.6456702619414484,0.6534064135314104,0.652570040239921,0.6148382004735593,online,7,1,7,2,0,0.9829629131445342,0.37059047744873974,0.6003081664098613,0.553261427837699,0.6092732519172293,1.0,0.6194290816199995,0.5534336946008284,0.6160573415896174,0.7732988456459091,0.6015741654645306,0.5315465796067117,0.6146124747074866,0.8955694809808934,0.5355169692186266,0.5055248618784529,0.5639976621858558,0.4619116303864487
2026-07-01 07:15:00,solar_plant_1,0.6447663071391885,0.662533171300315,0.6540379115734062,0.7044198895027622,online,7,1,7,2,0,0.9829629131445342,0.37059047744873974,0.6456702619414484,0.5337031330251669,0.6474132396413175,0.45587178482313,0.6534064135314104,0.5457949951638105,0.6559843922300448,0.2897623334794506,0.652570040239921,0.5311416495836813,0.6573326295416557,0.4117159444487603,0.6148382004735593,0.5647198105761642,0.6157218001168905,0.9788392338199128
2026-07-01 07:30:00,solar_plant_1,0.6449614791987673,0.640460306043997,0.6342216485713562,0.6314127861089185,online,7,1,7,2,0,0.9829629131445342,0.37059047744873974,0.6447663071391885,0.6003081664098613,0.6627475465814406,0.0,0.662533171300315,0.6194290816199995,0.6631775383832386,0.11573616569960307,0.6540379115734062,0.6015741654645306,0.6686812703439783,0.11868053681904327,0.7044198895027622,0.5355169692186266,0.6512273524254817,0.5497684053540031
2026-07-01 07:45:00,solar_plant_1,0.7278685156651259,0.7403834230301828,0.7365677118922886,0.6870560378847672,online,7,1,7,2,0,0.9829629131445342,0.37059047744873974,0.6449614791987673,0.6456702619414484,0.6909750883653988,0.8496567203073604,0.640460306043997,0.6534064135314104,0.6929256086182033,0.7355984403000879,0.6342216485713562,0.652570040239921,0.697879827571039,0.7914492153742907,0.6314127861089185,0.6148382004735593,0.677966101694915,0.4388741328166971
2026-07-01 08:00:00,solar_plant_1,0.7250539291217258,0.7314302720666651,0.7201174297066788,0.6771902131018153,online,8,1,7,2,0,0.9330127018922194,0.2500000000000001,0.7278685156651259,0.6447663071391885,0.7185465038344586,0.8344729797449739,0.7403834230301828,0.662533171300315,0.7164899482568496,0.7774541503487806,0.7365677118922886,0.6540379115734062,0.7208498284507785,0.8020090903645726,0.6870560378847672,0.7044198895027622,0.6678842781998828,0.34047304465529543
2026-07-01 08:15:00,solar_plant_1,0.7901797637390858,0.7838347263212718,0.7624579252397944,0.7884767166535123,online,8,1,7,2,0,0.9330127018922194,0.2500000000000001,0.7250539291217258,0.6449614791987673,0.7684156313275622,0.6507407214805571,0.7314302720666651,0.640460306043997,0.7655271863601663,0.36935993214305785,0.7201174297066788,0.6342216485713562,0.765426233834785,0.27899134123271924,0.6771902131018153,0.6314127861089185,0.7260374050263001,0.7121138704090109
2026-07-01 08:30:00,solar_plant_1,0.7974730354391372,0.7984672999181568,0.7790347480576012,0.7308602999210734,online,8,1,7,2,0,0.9330127018922194,0.2500000000000001,0.7901797637390858,0.7278685156651259,0.7923183835305239,0.7055031438398233,0.7838347263212718,0.7403834230301828,0.785393163118161,0.47740764956445014,0.7624579252397944,0.7365677118922886,0.7801882642737749,0.41961626829413995,0.7884767166535123,0.6870560378847672,0.7422559906487434,0.6428631545988537
2026-07-01 08:45:00,solar_plant_1,0.8089470980996405,0.8165472086505792,0.805987902715562,0.8476716653512233,online,8,1,7,2,0,0.9330127018922194,0.2500000000000001,0.7974730354391372,0.7250539291217258,0.8211279728518918,0.1609033786175139,0.7984672999181568,0.7314302720666651,0.8145050470777844,0.19501608958713326,0.7790347480576012,0.7201174297066788,0.8100378288026744,0.2887193216325282,0.7308602999210734,0.6771902131018153,0.8053769725306834,0.6749199736784866
2026-07-01 09:00:00,solar_plant_1,0.8037801746276323,0.8140423104585701,0.8037607875888947,0.7817679558011048,online,9,1,7,2,0,0.8535533905932737,0.14644660940672627,0.8089470980996405,0.7901797637390858,0.8257984633945011,0.09438631179434359,0.8165472086505792,0.7838347263212718,0.8248367121893291,0.09633759245886389,0.805987902715562,0.7624579252397944,0.824395179027008,0.17964744224916263,0.8476716653512233,0.7884767166535123,0.8028930450029219,0.6767651263993608
2026-07-01 09:15:00,solar_plant_1,0.8195069337442219,0.8438034770963022,0.8402297977880697,0.8046566692975532,online,9,1,7,2,0,0.8535533905932737,0.14644660940672627,0.8037801746276323,0.7974730354391372,0.8333650813808282,0.1350279522397514,0.8140423104585701,0.7984672999181568,0.8403426923403172,0.19682190541645633,0.8037607875888947,0.7790347480576012,0.8456672824843846,0.2649556734967557,0.7817679558011048,0.7308602999210734,0.8302162478082988,0.3843775278945161
2026-07-01 09:30:00,solar_plant_1,0.8510631741140215,0.8504749386175939,0.8419001341330702,0.9072612470402523,online,9,1,7,2,0,0.8535533905932737,0.14644660940672627,0.8195069337442219,0.8089470980996405,0.8478280807952533,0.4226760848053397,0.8438034770963022,0.8165472086505792,0.8519467300025447,0.24009737363318734,0.8402297977880697,0.805987902715562,0.8581507873669394,0.28224085025791035,0.8046566692975532,0.8476716653512233,0.8522793687901808,0.773049549159875
2026-07-01 09:45:00,solar_plant_1,0.9090292758089369,0.9040450385655118,0.8860881228962619,0.8121546961325965,online,9,1,7,2,0,0.8535533905932737,0.14644660940672627,0.8510631741140215,0.8037801746276323,0.8839714690879844,0.8045828315031185,0.8504749386175939,0.8140423104585701,0.8827296632453983,0.44410989018461816,0.8419001341330702,0.8037607875888947,0.8867687164599278,0.35153792423529984,0.9072612470402523,0.7817679558011048,0.8635300993571007,0.6608259772657771
2026-07-01 10:00:00,solar_plant_1,0.8990035952747817,0.9236130056298208,0.918381292232936,0.829518547750592,online,10,1,7,2,0,0.75,0.06698729810778065,0.9090292758089369,0.8195069337442219,0.9112712623729196,0.5462686992924507,0.9040450385655118,0.8438034770963022,0.9100262956993809,0.5165746547656427,0.8860881228962619,0.8402297977880697,0.9139350752177355,0.5442674503046707,0.8121546961325965,0.8046566692975532,0.8727352425482171,0.5845393561833392
2026-07-01 10:15:00,solar_plant_1,0.945351823317925,0.9747526103023239,0.9614557234327942,0.8910812943962112,online,10,1,7,2,0,0.75,0.06698729810778065,0.8990035952747817,0.8510631741140215,0.9436507432570673,0.4281686405289392,0.9236130056298208,0.8504749386175939,0.9525320213758589,0.496305370350137,0.918381292232936,0.8419001341330702,0.95549397378376,0.5352068881642295,0.829518547750592,0.9072612470402523,0.8667445938047917,0.4777165798557836
2026-07-01 10:30:00,solar_plant_1,0.9602568053415511,0.966444284615957,0.932503226786121,0.8342541436464086,online,10,1,7,2,0,0.75,0.06698729810778065,0.945351823317925,0.9090292758089369,0.9612426891301741,0.5635054573538666,0.9747526103023239,0.9040450385655118,0.9738739502926457,0.36056152488895626,0.9614557234327942,0.8860881228962619,0.9716283979941936,0.2885398756663311,0.8910812943962112,0.8121546961325965,0.8749269433080062,0.3936713828078341
2026-07-01 10:45:00,solar_plant_1,0.9693785310734464,1.0,0.9999999999999999,0.9589581689029203,online,10,1,7,2,0,0.75,0.06698729810778065,0.9602568053415511,0.8990035952747817,0.9854100083955948,0.2086775430605121,0.966444284615957,0.9236130056298208,0.9999999999999999,0.2113272450332639,0.932503226786121,0.918381292232936,1.0,0.47374326998638355,0.8342541436464086,0.829518547750592,0.9228521332554056,0.7218087583968383
2026-07-01 11:00:00,solar_plant_1,0.9444478685156651,0.9586567793457504,0.9314149773492267,1.0,online,11,1,7,2,0,0.6294095225512605,0.0170370868554659,0.9693785310734464,0.945351823317925,0.9850995830423094,0.21736480674985176,1.0,0.9747526103023239,0.9944948680973787,0.27860301076359073,0.9999999999999999,0.9614557234327942,0.9895574909826691,0.5581581436834709,0.9589581689029203,0.8910812943962112,0.9631794272355347,1.0
2026-07-01 11:15:00,solar_plant_1,0.9423831535695942,0.9411472929738847,0.9083339660364943,0.9337016574585635,online,11,1,7,2,0,0.6294095225512605,0.0170370868554659,0.9444478685156651,0.9602568053415511,0.9789616271932609,0.26054572950750376,0.9586567793457504,0.966444284615957,0.9858427347527354,0.40213490795416684,0.9314149773492267,0.932503226786121,0.9811559778305621,0.6887160144704089,1.0,0.8342541436464086,1.0,0.3843865620671462
2026-07-01 11:30:00,solar_plant_1,0.9499640472521829,0.9612360804543538,0.9531546579606711,0.9455406471981056,online,11,1,7,2,0,0.6294095225512605,0.0170370868554659,0.9423831535695942,0.9693785310734464,0.9722945372192942,0.06166485234867985,0.9411472929738847,1.0,0.9725846127746203,0.11332066541696995,0.9083339660364943,0.9999999999999999,0.9648719978886249,0.295620585031243,0.9337016574585635,0.9589581689029203,0.9950321449444761,0.4064894537832899
2026-07-01 11:45:00,solar_plant_1,0.9417976373908578,0.9695196051685226,0.947510945764685,0.9573796369376477,online,11,1,7,2,0,0.6294095225512605,0.0170370868554659,0.9499640472521829,0.9444478685156651,0.9713844265244352,0.07305509706898776,0.9612360804543538,0.9586567793457504,0.9762999406226142,0.16811481060236447,0.9531546579606711,0.9314149773492267,0.9704671417260492,0.3267076611358006,0.9455406471981056,1.0,0.9792518994739914,0.13257265748201993
2026-07-01 12:00:00,solar_plant_1,0.9662968669748332,0.971826095582947,0.9536608204894591,0.9143646408839778,online,12,1,7,2,0,0.5000000000000001,0.0,0.9417976373908578,0.9423831535695942,0.9795965881431624,0.2148662594738479,0.9695196051685226,0.9411472929738847,0.986792772923912,0.03305435500798631,0.947510945764685,0.9083339660364943,0.9862232779097387,0.0,0.9573796369376477,0.9337016574585635,0.9720923436586784,0.2534734061080003
2026-07-01 12:15:00,solar_plant_1,0.9488032871083718,0.9652042360060515,0.9545719130412775,0.8634569850039462,online,12,1,7,2,0,0.5000000000000001,0.0,0.9662968669748332,0.9499640472521829,0.9791979737690576,0.21744174079568074,0.971826095582947,0.9612360804543538,0.988149970311307,0.0,0.9536608204894591,0.9531546579606711,0.9867159320841031,0.006641335121932615,0.9143646408839778,0.9455406471981056,0.9417007597895961,0.5422589294876189
2026-07-01 12:30:00,solar_plant_1,0.9426091422701592,0.967113910865306,0.9316427504871814,0.8993685872138908,online,12,1,7,2,0,0.5000000000000001,0.0,0.9488032871083718,0.9417976373908578,0.9794766510748478,0.21147145170617826,0.9652042360060515,0.9695196051685226,0.9873271693951988,0.0007037654734942944,0.9545719130412775,0.947510945764685,0.9811999648104162,0.1488892104775688,0.8634569850039462,0.9573796369376477,0.9202220923436584,0.29936000463352386
2026-07-01 12:45:00,solar_plant_1,1.0,0.9973710969470003,0.9821577708602232,0.9660615627466456,online,12,1,7,2,0,0.5000000000000001,0.0,0.9426091422701592,0.9662968669748332,0.9910505781672202,0.555550786399314,0.967113910865306,0.971826095582947,0.9960641275765544,0.21985600763496266,0.9316427504871814,0.9536608204894591,0.9911058326735287,0.34042421842055315,0.8993685872138908,0.9143646408839778,0.9393629456458212,0.6010674332824298
2026-07-01 13:00:00,solar_plant_1,0.9748638931689779,0.9751246248852956,0.9583934401336268,0.9530386740331489,online,13,1,7,2,0,0.37059047744873963,0.01703708685546579,1.0,0.9488032871083718,0.9999999999999999,0.5066591999658253,0.9973710969470003,0.9652042360060515,0.9994571210450419,0.18439062188853034,0.9821577708602232,0.9545719130412775,0.9924342394651182,0.3400968614591417,0.9660615627466456,0.8634569850039462,0.9725306838106369,0.40639540216756925
2026-07-01 13:15:00,solar_plant_1,0.9272213662044171,0.9211329084100098,0.8894034874598233,0.9301499605367007,online,13,1,7,2,0,0.37059047744873963,0.01703708685546579,0.9748638931689779,0.9426091422701592,0.9947157138724855,0.6534257952476744,0.9751246248852956,0.967113910865306,0.9837305963186022,0.5366634914010461,0.9583934401336268,0.9316427504871814,0.9777513855898653,0.6965183147851408,0.9530386740331489,0.8993685872138908,0.9839275277615425,0.20642462363571723
2026-07-01 13:30:00,solar_plant_1,0.9424756034925527,0.958582376429156,0.9372864626831675,0.9380426203630623,online,13,1,7,2,0,0.37059047744873963,0.01703708685546579,0.9272213662044171,1.0,0.9749613732088808,0.4271579674908841,0.9211329084100098,0.9973710969470003,0.9704639918568156,0.36384042624225305,0.8894034874598233,0.9821577708602232,0.96215360253365,0.496904603707014,0.9301499605367007,0.9660615627466456,0.9735534774985384,0.13009927918129377
2026-07-01 13:45:00,solar_plant_1,0.9144632768361582,0.9106420971702092,0.906157467162706,0.943172849250197,online,13,1,7,2,0,0.37059047744873963,0.01703708685546579,0.9424756034925527,0.9748638931689779,0.9542193155120959,0.24262796151961855,0.958582376429156,0.9751246248852956,0.9484095343116463,0.3270015861029477,0.9372864626831675,0.9583934401336268,0.943995777249934,0.32494592738099126,0.9380426203630623,0.9530386740331489,0.9699006428988892,0.07109339503430685
2026-07-01 14:00:00,solar_plant_1,0.9245711350796098,0.9283003893752636,0.8922379976210361,0.8322809786898184,online,14,1,7,2,0,0.2500000000000001,0.06698729810778059,0.9144632768361582,0.9272213662044171,0.953309204817237,0.24551389429634687,0.9106420971702092,0.9211329084100098,0.9508609720926285,0.31268428636549295,0.906157467162706,0.8894034874598233,0.9449810855986627,0.3057636733071622,0.943172849250197,0.9301499605367007,0.9336645236703678,0.7236897689593075
2026-07-01 14:15:00,solar_plant_1,0.9224550590652286,0.952481337268421,0.9253157188773314,0.9005524861878451,online,14,1,7,2,0,0.2500000000000001,0.06698729810778059,0.9245711350796098,0.9424756034925527,0.946433988754136,0.08694576954492099,0.9283003893752636,0.958582376429156,0.9487742811095089,0.2641535367119867,0.8922379976210361,0.9372864626831675,0.9408199173044779,0.20528673728202962,0.8322809786898184,0.9380426203630623,0.9197837521917003,0.6461625236973969
2026-07-01 14:30:00,solar_plant_1,0.897894196199281,0.9141638352223408,0.8833042289879279,0.8287292817679557,online,14,1,7,2,0,0.2500000000000001,0.06698729810778059,0.9224550590652286,0.9144632768361582,0.9407440331308514,0.2570288660998937,0.952481337268421,0.9106420971702092,0.9499787937908218,0.23978972043918423,0.9253157188773314,0.906157467162706,0.9328758687428522,0.29123540517666124,0.9005524861878451,0.943172849250197,0.8774108708357682,0.4661422475039979
2026-07-01 14:45:00,solar_plant_1,0.8707447354904982,0.8684308424890257,0.862602181560499,0.8208366219415943,online,14,1,7,2,0,0.2500000000000001,0.06698729810778059,0.897894196199281,0.9245711350796098,0.9222596143670495,0.45467468063110605,0.9141638352223408,0.9283003893752636,0.9295020782084993,0.5797021976309809,0.8833042289879279,0.8922379976210361,0.9225741180610539,0.44406701921035396,0.8287292817679557,0.8322809786898184,0.8731735827001748,0.5062329029388827
2026-07-01 15:00:00,solar_plant_1,0.844653312788906,0.8398105205724065,0.8261584794877634,0.7442778216258876,online,15,1,7,2,0,0.14644660940672644,0.14644660940672605,0.8707447354904982,0.9224550590652286,0.8955418686195242,0.4682169155349767,0.8684308424890257,0.952481337268421,0.8909661548901519,0.5111846220850782,0.862602181560499,0.9253157188773314,0.8881059206474882,0.39703958189654764,0.8208366219415943,0.9005524861878451,0.8153126826417298,0.5379535967981727
2026-07-01 15:15:00,solar_plant_1,0.7996610169491526,0.8173160387887206,0.7984460810366208,0.7442778216258876,online,15,1,7,2,0,0.14644660940672644,0.14644660940672605,0.844653312788906,0.897894196199281,0.8618078043755864,0.6354012415960444,0.8398105205724065,0.9141638352223408,0.8578420561540419,0.3332403606797478,0.8261584794877634,0.8833042289879279,0.8586082519574205,0.44752822260061315,0.7442778216258876,0.8287292817679557,0.7840444184687314,0.5094710505793478
2026-07-01 15:30:00,solar_plant_1,0.8073138161273754,0.8187048932318147,0.8009009693012425,0.7450670876085239,online,15,1,7,2,0,0.14644660940672644,0.14644660940672605,0.7996610169491526,0.8707447354904982,0.8400251162331293,0.4225707608440815,0.8173160387887206,0.8684308424890257,0.8408346763932479,0.13840478860243083,0.7984460810366208,0.862602181560499,0.8371602005806281,0.1855642921793727,0.7442778216258876,0.8208366219415943,0.7559906487434247,0.0
2026-07-01 15:45:00,solar_plant_1,0.7355315870570108,0.7480221224672008,0.7253309037531952,0.6823204419889501,online,15,1,7,2,0,0.14644660940672644,0.14644660940672605,0.8073138161273754,0.844653312788906,0.8025518375064377,0.6974010082034544,0.8187048932318147,0.8398105205724065,0.8094410043260667,0.5547587492557964,0.8009009693012425,0.8261584794877634,0.8021113750329902,0.6149814401029549,0.7450670876085239,0.7442778216258876,0.7330508474576269,0.4139704192476545
2026-07-01 16:00:00,solar_plant_1,0.7330662557781202,0.7539743557947471,0.7235846430288766,0.7142857142857142,online,16,1,7,2,0,0.06698729810778076,0.24999999999999978,0.7355315870570108,0.7996610169491526,0.7796826606274824,0.7466952218525248,0.7480221224672008,0.8173160387887206,0.7877767410297736,0.5366397269469915,0.7253309037531952,0.7984460810366208,0.7760886777513856,0.633712423778802,0.6823204419889501,0.7442778216258876,0.7219462302746928,0.36009575455538806
2026-07-01 16:15:00,solar_plant_1,0.7094607087827427,0.7372088985888248,0.7166249082580417,0.6444356748224149,online,16,1,7,2,0,0.06698729810778076,0.24999999999999978,0.7330662557781202,0.8073138161273754,0.7460791161343577,0.24922762007832808,0.7539743557947471,0.8187048932318147,0.759903299686148,0.07692802417013608,0.7235846430288766,0.8009009693012425,0.7467933491686461,0.018545193825631995,0.7142857142857142,0.7450670876085239,0.6846873173582699,0.4019245424155978
2026-07-01 16:30:00,solar_plant_1,0.6922752953261427,0.709828625282111,0.6871915572090197,0.6815311760063141,online,16,1,7,2,0,0.06698729810778076,0.24999999999999978,0.7094607087827427,0.7355315870570108,0.7312245574674935,0.3582173004646448,0.7372088985888248,0.7480221224672008,0.7468402748324708,0.2833233665402679,0.7166249082580417,0.7253309037531952,0.7335356734406615,0.2474613613404164,0.6444356748224149,0.6823204419889501,0.6843950905902976,0.4016997102610794
2026-07-01 16:45:00,solar_plant_1,0.6190549563430919,0.6449244810396568,0.6449522941816617,0.6795580110497235,online,16,1,7,2,0,0.06698729810778076,0.24999999999999978,0.6922752953261427,0.7330662557781202,0.6920721597843954,0.8512173969414566,0.709828625282111,0.7539743557947471,0.7095427941301213,0.6593081476534434,0.6871915572090197,0.7235846430288766,0.7062021641594087,0.5074240174391426,0.6815311760063141,0.7142857142857142,0.6715371127995322,0.23775952987652274
2026-07-01 17:00:00,solar_plant_1,0.5856908063687725,0.6068797896877558,0.606787639511047,0.6298342541436464,online,17,1,7,2,0,0.01703708685546579,0.37059047744873974,0.6190549563430919,0.7094607087827427,0.6495685793101501,0.9677963987206247,0.6449244810396568,0.7372088985888248,0.6649673424378658,0.7290562653066607,0.6449522941816617,0.7166249082580417,0.6680214656461687,0.5726587103631641,0.6795580110497235,0.6444356748224149,0.6661309175920511,0.33586066110990664
2026-07-01 17:15:00,solar_plant_1,0.5592398561890087,0.5484735001612063,0.5264090299395136,0.6519337016574585,online,17,1,7,2,0,0.01703708685546579,0.37059047744873974,0.5856908063687725,0.6922752953261427,0.6038831389647313,0.5282402110642321,0.6068797896877558,0.709828625282111,0.6097803036729154,0.6770615450667333,0.606787639511047,0.6871915572090197,0.612131609043723,0.8883886025528435,0.6298342541436464,0.6815311760063141,0.6551724137931032,0.2848354344074714
2026-07-01 17:30:00,solar_plant_1,0.5577812018489985,0.564594132089978,0.548351175562473,0.6006314127861088,online,17,1,7,2,0,0.01703708685546579,0.37059047744873974,0.5592398561890087,0.6190549563430919,0.5828412385971595,0.27279826417055625,0.5484735001612063,0.6449244810396568,0.5823055390618371,0.40129853547080613,0.5264090299395136,0.6449522941816617,0.5785519486232074,0.5933212295246262,0.6519337016574585,0.6795580110497235,0.6259497369959084,0.2943852775760924
2026-07-01 17:45:00,solar_plant_1,0.5009450436569081,0.5241933483792566,0.5079847138916306,0.5390686661404893,online,17,1,7,2,0,0.01703708685546579,0.37059047744873974,0.5577812018489985,0.5856908063687725,0.5537388617266705,0.5867865823895347,0.564594132089978,0.6068797896877558,0.5540249385019934,0.2541680485888354,0.548351175562473,0.606787639511047,0.5442069147532329,0.2613137538043208,0.6006314127861088,0.6298342541436464,0.5923436586791349,0.6528239778846882
2026-07-01 18:00:00,solar_plant_1,0.48225988700564976,0.4802708266164034,0.46151899374889277,0.4865824782951853,online,18,1,7,2,0,0.0,0.4999999999999999,0.5009450436569081,0.5592398561890087,0.5273033208457679,0.6958515974205924,0.5241933483792566,0.5484735001612063,0.5306981084061413,0.5811122199647727,0.5079847138916306,0.5264090299395136,0.5216503914841206,0.6229554851252062,0.5390686661404893,0.6519337016574585,0.5311221507890118,0.6595140033122816
2026-07-01 18:15:00,solar_plant_1,0.4492244478685157,0.47089605912551774,0.4666059271632121,0.5402525651144436,online,18,1,7,2,0,0.0,0.4999999999999999,0.48225988700564976,0.5577812018489985,0.4900240579648796,0.4604773643113347,0.4802708266164034,0.564594132089978,0.49865128509627615,0.37568947823003557,0.46151899374889277,0.548351175562473,0.4932348024984605,0.3434194038143772,0.4865824782951853,0.6006314127861088,0.5087668030391581,0.3516546725746422
2026-07-01 18:30:00,solar_plant_1,0.41907550077041605,0.42873440638873045,0.4206210614228228,0.4759273875295975,online,18,1,7,2,0,0.0,0.4999999999999999,0.4492244478685157,0.5009450436569081,0.4619093981275707,0.5574135687117984,0.47089605912551774,0.5241933483792566,0.4660022054457545,0.36068371170813274,0.4666059271632121,0.5079847138916306,0.46286619160728426,0.33912165062130206,0.5402525651144436,0.5390686661404893,0.48538866160140204,0.39621337234039655
2026-07-01 18:45:00,solar_plant_1,0.390919363122753,0.39845241933483794,0.38640447447675447,0.4321231254932911,online,18,1,7,2,0,0.0,0.4999999999999999,0.41907550077041605,0.48225988700564976,0.4305423272024325,0.5136305840799322,0.42873440638873045,0.4802708266164034,0.43801849181440333,0.49442115460947367,0.4206210614228228,0.46151899374889277,0.43675552036597165,0.573050911913571,0.4759273875295975,0.4865824782951853,0.46522501461133814,0.6281117930121282
2026-07-01 19:00:00,solar_plant_1,0.38575243965074474,0.3728330150541902,0.358135297243945,0.38279400157853205,online,19,1,7,2,0,0.01703708685546579,0.6294095225512601,0.390919363122753,0.4492244478685157,0.4087455288166444,0.3126438129037115,0.39845241933483794,0.47089605912551774,0.4044787513784036,0.36864343344506123,0.38640447447675447,0.4666059271632121,0.39904988123515434,0.4337287748033929,0.4321231254932911,0.5402525651144436,0.4069257744009349,0.5373376144583188
2026-07-01 19:15:00,solar_plant_1,0.2977914740626605,0.31306267205674465,0.3079745906410548,0.39344909234411984,online,19,1,7,2,0,0.01703708685546579,0.6294095225512601,0.38575243965074474,0.41907550077041605,0.36709561806393354,0.9287503776746332,0.3728330150541902,0.42873440638873045,0.3649164475358385,0.6057323878363159,0.358135297243945,0.4206210614228228,0.35989267176915646,0.5649058451445789,0.38279400157853205,0.4759273875295975,0.37638807714786715,0.296993533112387
2026-07-01 19:30:00,solar_plant_1,0.32994350282485874,0.3528434314625134,0.3433300432768962,0.3772691397000789,online,19,1,7,2,0,0.01703708685546579,0.6294095225512601,0.2977914740626605,0.390919363122753,0.34615601696051246,0.7884973085890088,0.31306267205674465,0.39845241933483794,0.34931716006446695,0.4052250433229214,0.3079745906410548,0.38640447447675447,0.3449195038268672,0.3478792903389002,0.39344909234411984,0.4321231254932911,0.3560783167738164,0.09047646314631615
2026-07-01 19:45:00,solar_plant_1,0.24367745249101183,0.24845613948066766,0.2435654088527826,0.3898973954222573,online,19,1,7,2,0,0.01703708685546579,0.6294095225512601,0.32994350282485874,0.38575243965074474,0.29736632308224153,0.772182500679277,0.3528434314625134,0.3728330150541902,0.3067775044533039,0.7384625603037298,0.3433300432768962,0.358135297243945,0.30509369226708893,0.7339034311775939,0.3772691397000789,0.38279400157853205,0.3587083576855641,0.09372918084977473
2026-07-01 20:00:00,solar_plant_1,0.22446841294298922,0.21946380298107684,0.214207982183079,0.32004735595895806,online,20,1,7,2,0,0.0669872981077807,0.75,0.24367745249101183,0.2977914740626605,0.2721865938578111,0.9974855869425752,0.24845613948066766,0.31306267205674465,0.2747646110781238,1.0,0.2435654088527826,0.3079745906410548,0.2724993401953022,1.0,0.3898973954222573,0.39344909234411984,0.3315312682641729,0.4281883501216123
2026-07-01 20:15:00,solar_plant_1,0.23527478171545968,0.22601125964137794,0.21716903297648874,0.30623520126282533,online,20,1,7,2,0,0.0669872981077807,0.75,0.22446841294298922,0.32994350282485874,0.2396765932228501,0.1639224074395629,0.21946380298107684,0.3528434314625134,0.2313851895835101,0.1773302586813941,0.214207982183079,0.3433300432768962,0.22864432128090084,0.1983602583398319,0.32004735595895806,0.3772691397000789,0.30523085914669745,0.5170272939000102
2026-07-01 20:30:00,solar_plant_1,0.1924191063174114,0.2025247389697676,0.1954293523650444,0.29558011049723754,online,20,1,7,2,0,0.0669872981077807,0.75,0.23527478171545968,0.24367745249101183,0.2220740646672452,0.39060364857320856,0.22601125964137794,0.24845613948066766,0.21567562982441257,0.13114238845884418,0.21716903297648874,0.2435654088527826,0.21191167414445322,0.13032423973900387,0.30623520126282533,0.3898973954222573,0.2703097603740501,0.1375634525489346
2026-07-01 20:45:00,solar_plant_1,0.1564869029275809,0.17702933955011035,0.17244957355806947,0.1902131018153117,online,20,1,7,2,0,0.0669872981077807,0.75,0.1924191063174114,0.22446841294298922,0.19872866707586373,0.6978333562536263,0.2025247389697676,0.21946380298107684,0.20116210026295697,0.3164611952562159,0.1954293523650444,0.214207982183079,0.1973959707926454,0.29482558081829663,0.29558011049723754,0.32004735595895806,0.22223845704266498,0.7415799891321349
2026-07-01 21:00:00,solar_plant_1,0.1313199794555727,0.14458966791498226,0.14066256675018346,0.20876085240726128,online,21,1,7,2,0,0.14644660940672616,0.8535533905932737,0.1564869029275809,0.23527478171545968,0.1630297514480637,0.5413692497230984,0.17702933955011035,0.22601125964137794,0.17331410637034522,0.3844201814020367,0.17244957355806947,0.21716903297648874,0.1708014427729392,0.3747774113925139,0.1902131018153117,0.30623520126282533,0.18614845119812995,0.6497839223727098
2026-07-01 21:15:00,solar_plant_1,0.11254237288135593,0.128097021403239,0.12476906334624047,0.12273086029992109,online,21,1,7,2,0,0.14644660940672616,0.8535533905932737,0.1313199794555727,0.1924191063174114,0.1355994384123154,0.3863325112613866,0.14458966791498226,0.2025247389697676,0.14785817287301722,0.3224150888523638,0.14066256675018346,0.1954293523650444,0.14623911322248614,0.32462342330449984,0.20876085240726128,0.29558011049723754,0.12215078901227372,0.5219779317545761
2026-07-01 21:30:00,solar_plant_1,0.10746789933230612,0.0951117283797525,0.09394376534305164,0.13693764798737185,online,21,1,7,2,0,0.14644660940672616,0.8535533905932737,0.11254237288135593,0.1564869029275809,0.11876591811825793,0.2164881501113432,0.128097021403239,0.17702933955011035,0.1198405293069811,0.3268685495401002,0.12476906334624047,0.17244957355806947,0.11894959092108737,0.3164710496143659,0.12273086029992109,0.1902131018153117,0.10242548217416703,0.5318013111633847
2026-07-01 21:45:00,solar_plant_1,0.09371340523882897,0.07723022742491506,0.07620276870903246,0.15035516969218632,online,21,1,7,2,0,0.14644660940672616,0.8535533905932737,0.10746789933230612,0.1313199794555727,0.10585151790942635,0.16594019397410714,0.0951117283797525,0.14458966791498226,0.09680210365595046,0.3360238764939064,0.09394376534305164,0.14066256675018346,0.09654262338347849,0.32925101160811626,0.13693764798737185,0.20876085240726128,0.08080070134424333,0.15557448291697376
2026-07-01 22:00:00,solar_plant_1,0.04757062146892656,0.054264527169465046,0.05421000683319414,0.18508287292817682,online,22,1,7,2,0,0.24999999999999978,0.9330127018922192,0.09371340523882897,0.11254237288135593,0.08353969564205135,0.5533123621700291,0.07723022742491506,0.128097021403239,0.0715497497667317,0.2562493748109839,0.07620276870903246,0.12476906334624047,0.0720154834169086,0.25658368974994844,0.15035516969218632,0.12273086029992109,0.10388661601402704,0.2840578318715789
2026-07-01 22:15:00,solar_plant_1,0.014935798664612223,0.01646784553954515,0.016222509047655202,0.07932123125493296,standby,22,1,7,2,0,0.24999999999999978,0.9330127018922192,0.04757062146892656,0.10746789933230612,0.05176342766031,0.7002820707787053,0.054264527169465046,0.0951117283797525,0.04465179404529646,0.40904291223586065,0.05421000683319414,0.09394376534305164,0.04499868039060438,0.41900152232818705,0.18508287292817682,0.13693764798737185,0.08255406195207482,0.6225348369774292
2026-07-01 22:30:00,solar_plant_1,0.042742681047765796,0.04521217231715484,0.04347936122288867,0.0481452249408052,online,22,1,7,2,0,0.24999999999999978,0.9330127018922192,0.014935798664612223,0.09371340523882897,0.034259670808023085,0.3069071763371901,0.01646784553954515,0.07723022742491506,0.03370090762575283,0.24514770360142563,0.016222509047655202,0.07620276870903246,0.033623647400369494,0.2515886382994805,0.07932123125493296,0.15035516969218632,0.04471069549970785,0.8305944934814213
2026-07-01 22:45:00,solar_plant_1,0.0,0.0,0.0,0.10063141278610899,standby,22,1,7,2,0,0.24999999999999978,0.9330127018922192,0.042742681047765796,0.04757062146892656,0.017923536591388515,0.37992847375728106,0.04521217231715484,0.054264527169465046,0.0151412333531258,0.29227142884483515,0.04347936122288867,0.05421000683319414,0.014779625230931645,0.28874517586413295,0.0481452249408052,0.18508287292817682,0.013442431326709414,0.30212076779064534
2026-07-01 23:00:00,solar_plant_1,0.008433487416538266,0.0,0.0,0.07182320441988943,standby,23,1,7,2,0,0.37059047744873924,0.982962913144534,0.0,0.014935798664612223,0.015690590584234623,0.39689048671046634,0.0,0.01646784553954515,0.009508864195436426,0.34049819550674804,0.0,0.016222509047655202,0.009140494413653558,0.33746118146824916,0.10063141278610899,0.07932123125493296,0.01066627703097578,0.30081250979644164
2026-07-01 23:15:00,solar_plant_1,0.005485362095531587,0.017410282483073337,0.017184217852352388,0.13812154696132595,standby,23,1,7,2,0,0.37059047744873924,0.982962913144534,0.008433487416538266,0.042742681047765796,0.0028961274437177666,0.0681235707096062,0.0,0.04521217231715484,0.0,0.10017193123380502,0.0,0.04347936122288867,0.0,0.10124971647836097,0.07182320441988943,0.0481452249408052,0.043980128579778066,0.3818578527700499
2026-07-01 23:30:00,solar_plant_1,0.0,0.0,0.0,0.08247829518547745,standby,23,1,7,2,0,0.37059047744873924,0.982962913144534,0.005485362095531587,0.0,0.0028961274437177666,0.0681235707096062,0.017410282483073337,0.0,0.0,0.10017193123380502,0.017184217852352388,0.0,0.0,0.10124971647836097,0.13812154696132595,0.10063141278610899,0.03725891291642314,0.40932655435258375
2026-07-01 23:45:00,solar_plant_1,0.0,0.01646784553954515,0.016020044036140005,0.018547750591949574,standby,23,1,7,2,0,0.37059047744873924,0.982962913144534,0.0,0.008433487416538266,0.0,0.04819426967470407,0.0,0.0,0.005632369157689373,0.09626847661711846,0.0,0.0,0.005568751649511745,0.0962955255440991,0.08247829518547745,0.07182320441988943,0.017533606078316666,0.6915424414927585
